"X","county_state","mu","sd","fp","fst","N","h","badfit","ofs","outside_data","mu_025","mu_975","mu_16","mu_84","AIC_gau","AIC_lm","mod_for_cens","beta1_lm","y2","y3","opt_relation_to_data","cens","y_na","named_location","location","State","latitude","longitude","Year","planting_doy","harvest_doy","min_flow_50_doy","max_flow_50_doy","group","GDD_modave","GDD_fixed","tot_precip","frost_day","GDD_future","GDD_mod_sitemean","GDD_anomaly","GDD_fixed_sitemean","GDD_fixed_anomaly","tot_precip_sitemean","precip_anomaly","frost_sitemean","frost_anomaly","GDD_future_sitemean","GDD_future_anomaly"
1,"Adams_ND",204.478908261863,6.2769551011726,16.0884832735218,196.434666625102,32629.0195477323,2073.7913934104,FALSE,49.0635778994808,"in_range",201.545091236755,207.517665030486,203.73299336415,205.219385532443,441.8143,442.0153,"gauss",6e-04,203.73299336415,205.219385532443,"opt_within","interval",204.478908261863,"Hettinger_REC","Hettinger","ND",46.0033,-102.6444,1986,136,296.100313479624,201,208,"Adams_ND",801.39,1333.365,71.83,285,915.8537,772.831136363636,28.5588636363636,1350.38102272727,-17.0160227272727,73.1345454545455,-1.30454545454546,282.522727272727,2.47727272727275,887.503223863636,143.022563636364
2,"Adams_ND",214.851180309385,14.3675309091753,36.8254634593281,196.438448579721,73809.7662685308,2049.47089776292,FALSE,112.216482904831,"in_range",209.641720866167,234.077693655561,211.906816045487,215.625814233112,540.3673,538.4999,"gauss",0.0136,211.906816045487,215.625814233112,"opt_within","interval",214.851180309385,"Hettinger_REC","Hettinger","ND",46.0033,-102.6444,2002,133,282,209,215,"Adams_ND",792.125,1390.75,72.64,285,894.4315,772.831136363636,19.2938636363637,1350.38102272727,40.3689772727273,73.1345454545455,-0.49454545454546,282.522727272727,2.47727272727275,887.503223863636,121.600363636364
3,"Adams_ND",215.535581544724,8.32632482762541,21.3412292361525,204.864966926647,49508.053654204,2372.09768198276,FALSE,65.6525509473183,"in_range",213.978441265473,219.270966855739,214.925283883846,216.337665784405,653.296,654.8647,"gauss",0.0064,214.925283883846,216.337665784405,"opt_within","interval",215.535581544724,"Hettinger_REC","Hettinger","ND",46.0033,-102.6444,2003,135,290,211,219,"Adams_ND",720.74,1348.88,14.09,273,841.2592,772.831136363636,-52.0911363636363,1350.38102272727,-1.50102272727258,73.1345454545455,-59.0445454545455,282.522727272727,-9.52272727272725,887.503223863636,68.4280636363636
4,"Adams_ND",211.17677565869,8.43372715093317,21.6165124673088,200.368519425036,12068.7293521424,570.889515765122,FALSE,60.0973724580318,"in_range",205.399831990859,231.752113219667,208.857140585557,213.521400211862,848.0805,847.9393,"gauss",0.0292,208.857140585557,213.521400211862,"opt_within","interval",211.17677565869,"Hettinger_REC","Hettinger","ND",46.0033,-102.6444,2005,125,292,205,215,"Adams_ND",685.655,1337.435,105.63,279,818.2814,772.831136363636,-87.1761363636364,1350.38102272727,-12.9460227272727,73.1345454545455,32.4954545454545,282.522727272727,-3.52272727272725,887.503223863636,45.4502636363636
5,"Adams_ND",228.393481684879,7.11276847530208,18.2307591497594,219.278102109999,37880.8489070723,2124.66809499052,FALSE,55.6848314143067,"in_range",226.435184820376,231.86228464887,227.693146185401,229.200958457337,617.8101,618.1336,"gauss",0.0078,227.693146185401,229.200958457337,"opt_within","interval",228.393481684879,"Hettinger_REC","Hettinger","ND",46.0033,-102.6444,2009,147,313,223,232,"Adams_ND",705.295,1209.43,91.4,282,816.8876,772.831136363636,-67.5361363636364,1350.38102272727,-140.951022727273,73.1345454545455,18.2654545454545,282.522727272727,-0.522727272727252,887.503223863636,44.0564636363637
6,"Adams_ND",232.618176854848,NA,NA,NA,NA,1626.6553917813,TRUE,0,"in_range",NA,NA,NA,NA,676.5426,674.639,"exclude",-0.0061,NA,NA,"unclear","interval",NA,"Hettinger_REC","Hettinger","ND",46.0033,-102.6444,2011,157,252,223,235,"Adams_ND",843.215,1283.6,74.69,292,957.5526,772.831136363636,70.3838636363637,1350.38102272727,-66.7810227272728,73.1345454545455,1.55545454545454,282.522727272727,9.47727272727275,887.503223863636,184.721463636364
7,"Adams_ND",214.58970979521,8.00846408037894,20.5265193596347,204.326450115393,38947.2631293337,1940.16103615661,FALSE,62.3242786391088,"in_range",212.593050863062,235.650672358218,213.274176202713,217.120522301619,487.3379,486.2772,"gauss",0.0315,213.274176202713,217.120522301619,"opt_within","interval",214.58970979521,"Hettinger_REC","Hettinger","ND",46.0033,-102.6444,2013,135,299,209,216,"Adams_ND",747.33,1388.895,83.24,279,875.12115,772.831136363636,-25.5011363636363,1350.38102272727,38.5139772727273,73.1345454545455,10.1054545454545,282.522727272727,-3.52272727272725,887.503223863636,102.290013636364
8,"Adams_ND",227.744201263813,16.4120345895303,42.0657372439694,206.711332641828,64725.1290633352,1573.33269357572,FALSE,125.943103721584,"greater_than",216.13823984531,290.128104268559,217.655039775574,229.755475356517,491.9949,490.095,"gauss",0.0432,217.655039775574,275,"opt_after","interval",227.744201263813,"Hettinger_REC","Hettinger","ND",46.0033,-102.6444,2014,142,310,210,221,"Adams_ND",759.325,1273.59,136.79,302,887.1506,772.831136363636,-13.5061363636363,1350.38102272727,-76.7910227272728,73.1345454545455,63.6554545454545,282.522727272727,19.4772727272727,887.503223863636,114.319463636364
9,"Adams_ND",257.259183139389,14.7280845821709,37.749599707509,238.384383285634,164179.591036745,4447.16216003147,FALSE,120.734520259241,"greater_than",245.665786896021,430.578876168674,247.412775326305,271.672501714791,710.1954,708.3718,"gauss",0.0688,247.412775326305,258,"opt_after","interval",257.259183139389,"Hettinger_REC","Hettinger","ND",46.0033,-102.6444,2015,139,293,236,246,"Adams_ND",777.29,1325.205,39,289,894.3323,772.831136363636,4.45886363636362,1350.38102272727,-25.1760227272728,73.1345454545455,-34.1345454545455,282.522727272727,6.47727272727275,887.503223863636,121.501163636364
10,"Adams_ND",214.609402463124,10.4196705096674,26.7066901082462,201.256057409001,69166.3152502818,2648.19962467246,FALSE,82.7384055008335,"in_range",211.500507553547,250.867989098619,212.401992022242,219.472202452563,474.849,474.5778,"gauss",0.0366,212.401992022242,219.472202452563,"opt_within","interval",214.609402463124,"Hettinger_REC","Hettinger","ND",46.0033,-102.6444,2016,138,300,205,215,"Adams_ND",814.835,1376.48,45.62,281,913.7418,772.831136363636,42.0038636363637,1350.38102272727,26.0989772727273,73.1345454545455,-27.5145454545455,282.522727272727,-1.52272727272725,887.503223863636,140.910663636364
11,"Adams_ND",224.919414325492,12.9111183234694,33.0925278007475,208.373150425118,64232.9142848552,1984.74095424014,FALSE,100.628853227473,"in_range",221.861641300821,242.452089730027,223.250861668715,228.083926835418,562.2958,566.1576,"gauss",0.0172,223.250861668715,228.083926835418,"opt_within","interval",224.919414325492,"Hettinger_REC","Hettinger","ND",46.0033,-102.6444,2017,151,300,213,231,"Adams_ND",851.435,1366.905,50.29,277,950.7693,772.831136363636,78.6038636363636,1350.38102272727,16.5239772727273,73.1345454545455,-22.8445454545455,282.522727272727,-5.52272727272725,887.503223863636,177.938163636364
12,"Adams_ND",220.311965980696,8.01220389802676,20.5361048979575,210.043913531718,64760.2347042063,3224.53048387715,FALSE,64.4115124498549,"in_range",218.621371795519,232.572147262011,219.26929208978,222.778381838217,611.3933,613.9167,"gauss",0.0519,219.26929208978,222.778381838217,"opt_within","interval",220.311965980696,"Hettinger_REC","Hettinger","ND",46.0033,-102.6444,2018,151,305,211,221,"Adams_ND",857.485,1404.415,58.07,277,960.9204,772.831136363636,84.6538636363637,1350.38102272727,54.0339772727273,73.1345454545455,-15.0645454545455,282.522727272727,-5.52272727272725,887.503223863636,188.089263636364
13,"Adams_ND",226.884515029982,10.0385241793556,25.7297727556211,214.019628652171,53098.5569523546,2110.19658050553,FALSE,78.5550860821172,"in_range",224.647734766416,234.75876887288,225.854085655545,228.474984464408,687.7201,689.3881,"gauss",0.0121,225.854085655545,228.474984464408,"opt_within","interval",226.884515029982,"Hettinger_REC","Hettinger","ND",46.0033,-102.6444,2019,158,325,218,231,"Adams_ND",844.395,1262.775,138.37,283,957.78675,772.831136363636,71.5638636363636,1350.38102272727,-87.6060227272726,73.1345454545455,65.2354545454545,282.522727272727,0.477272727272748,887.503223863636,184.955613636364
14,"Adams_ND",208.09865239929,7.36452315249768,18.8760323511457,198.660636223717,34829.3296131562,1886.7334507616,FALSE,57.2071390860169,"in_range",206.497505216049,213.966671482954,207.294716186781,209.435328972032,600.3257,610.7968,"gauss",0.0243,207.294716186781,209.435328972032,"opt_within","interval",208.09865239929,"Hettinger_REC","Hettinger","ND",46.0033,-102.6444,2020,139,292,200,211,"Adams_ND",802.56,1355.075,75.46,291,906.5254,772.831136363636,29.7288636363636,1350.38102272727,4.69397727272735,73.1345454545455,2.32545454545453,282.522727272727,8.47727272727275,887.503223863636,133.694263636364
15,"Adams_ND",217.266567770613,5.47029696518755,14.02093527946,210.256100130883,46581.5097984255,3397.13435336109,FALSE,44.1183774719051,"in_range",216.604142960954,218.550439653365,216.892514190501,217.795522724937,763.6681,789.9809,"gauss",0.0626,216.892514190501,217.795522724937,"opt_within","interval",217.266567770613,"Hettinger_REC","Hettinger","ND",46.0033,-102.6444,2021,154,302,209,219,"Adams_ND",930.63,1417.91,69.05,294,1019.99905,772.831136363636,157.798863636364,1350.38102272727,67.5289772727274,73.1345454545455,-4.08454545454546,282.522727272727,11.4772727272727,887.503223863636,247.167913636364
16,"Adams_ND",224.875639462274,10.6598745465585,27.3223578273022,211.214460548623,78101.3012002823,2922.91537457342,FALSE,85.1741283414542,"greater_than",220.769463527502,282.957442610762,221.752915583302,231.025956486693,415.5324,414.9497,"gauss",0.0486,221.752915583302,259,"opt_after","interval",224.875639462274,"Hettinger_REC","Hettinger","ND",46.0033,-102.6444,2022,152,294,214,223,"Adams_ND",843.245,1376.78,18.59,280,951.01315,772.831136363636,70.4138636363637,1350.38102272727,26.3989772727273,73.1345454545455,-54.5445454545455,282.522727272727,-2.52272727272725,887.503223863636,178.182013636364
17,"Box Butte_NE",225.085096114172,12.930372864469,33.1418791750714,208.514156526636,39038.3791633147,1204.45559999155,FALSE,97.4080816325204,"in_range",220.255360184923,233.45690816374,223.857587263645,226.483990218793,145.4972,144.369,"gauss",0.002,223.857587263645,226.483990218793,"opt_within","interval",225.085096114172,"Alliance-Hemingford_1","Box_Butte","NE",42.2141,-102.9801,2014,155,NA,220,230,"Box Butte_NE",845.16,1368.765,86.78,304,949.73485,856.346079545455,-11.1860795454546,1429.85954545455,-61.0945454545454,72.5293181818182,14.2506818181818,289.613636363636,14.3863636363636,958.118490340909,93.3887704545455
18,"Box Butte_NE",223.578279698908,NA,NA,NA,NA,900.626614759884,TRUE,0,"in_range",NA,NA,NA,NA,170.0644,169.1096,"exclude",-2e-04,NA,NA,"unclear","interval",NA,"Alliance-Hemingford_2","Box_Butte","NE",42.2141,-102.9801,2016,158,NA,219,228,"Box Butte_NE",941.88,1428.97,120.13,323,1035.6632,856.346079545455,85.5339204545454,1429.85954545455,-0.889545454545441,72.5293181818182,47.6006818181818,289.613636363636,33.3863636363636,958.118490340909,179.317120454545
19,"Brookings_SD",224.126576757346,10.6245052067949,27.2317025618096,210.510725476442,54542.7253305519,2048.03883090603,FALSE,82.9780682772411,"in_range",217.490722650812,226.847064559366,222.672366839638,225.156945760569,756.4294,760.8673,"gauss",-0.006,222.672366839638,225.156945760569,"opt_within","interval",224.126576757346,"Brookings","Brookings","SD",44.3693,-96.7878,1982,154,267,220,231,"Brookings_SD",877.75,1428.83,126.2,293,998.427,921.705568181818,-43.9555681818182,1490.78113636364,-61.9511363636364,137.848863636364,-11.6488636363636,292.431818181818,0.568181818181813,1032.22263636364,76.7214318181818
20,"Brookings_SD",218.624029157137,4.94483194013009,12.6741142284573,212.286972042908,9860.1747407306,795.505417342986,FALSE,36.1452742823307,"in_range",201.115647701231,220.343382568825,216.667888024917,219.861976840089,673.102,671.8444,"gauss",-0.0737,216.667888024917,219.861976840089,"opt_within","interval",218.624029157137,"Brookings","Brookings","SD",44.3693,-96.7878,1983,152,300,218,223,"Brookings_SD",957.355,1541.69,111.89,287,1066.52425,921.705568181818,35.6494318181818,1490.78113636364,50.9088636363638,137.848863636364,-25.9588636363636,292.431818181818,-5.43181818181819,1032.22263636364,144.818681818182
21,"Brookings_SD",240.641504376186,10.8695044697918,27.8596609399113,226.71167390623,25794.8028627959,946.743938988999,FALSE,80.4814909326136,"in_range",226.194231979858,248.93957981368,238.260670540326,242.762264077106,631.0603,630.3358,"gauss",-0.0057,238.260670540326,242.762264077106,"opt_within","interval",240.641504376186,"Brookings","Brookings","SD",44.3693,-96.7878,1984,179,314,234,247,"Brookings_SD",952.745,1481.88,77.53,270,1052.4479,921.705568181818,31.0394318181818,1490.78113636364,-8.90113636363617,137.848863636364,-60.3188636363636,292.431818181818,-22.4318181818182,1032.22263636364,130.742331818182
22,"Brookings_SD",244.949365495579,NA,NA,NA,NA,1470.86327144349,TRUE,0,"in_range",NA,NA,NA,NA,542.9256,541.3616,"exclude",-0.0131,NA,NA,"unclear","interval",NA,"Brookings","Brookings","SD",44.3693,-96.7878,1985,171,311,236,246,"Brookings_SD",851.655,1409.44,229.22,283,972.4009,921.705568181818,-70.0505681818182,1490.78113636364,-81.3411363636362,137.848863636364,91.3711363636364,292.431818181818,-9.43181818181819,1032.22263636364,50.6953318181818
23,"Brookings_SD",235.400837423713,8.21166869995173,21.0473537563134,224.877160545557,19016.7278555284,923.877600724698,FALSE,60.693418714956,"in_range",201.722947346443,238.596643829491,230.969871925688,237.548979079675,472.5467,472.9288,"gauss",-0.0559,230.969871925688,237.548979079675,"opt_within","interval",235.400837423713,"Brookings","Brookings","SD",44.3693,-96.7878,1986,171,328,234,246,"Brookings_SD",932.31,1485.215,249.97,286,1036.82955,921.705568181818,10.6044318181818,1490.78113636364,-5.56613636363636,137.848863636364,112.121136363636,292.431818181818,-6.43181818181819,1032.22263636364,115.123981818182
24,"Brookings_SD",193.00796279907,26.8996957586065,68.9466944242313,158.534615586954,111216.49847492,1649.42250343673,FALSE,207.084760219364,"less_than",163.288253192111,208.224917822079,199.389534814322,207.146012694184,463.4464,461.4593,"gauss",-0.0207,187,207.146012694184,"opt_before","interval",193.00796279907,"Brookings","Brookings","SD",44.3693,-96.7878,1988,147,297.821656050955,204,212,"Brookings_SD",1013.665,1641.57,147.78,278,1106.4082,921.705568181818,91.9594318181818,1490.78113636364,150.788863636364,137.848863636364,9.93113636363637,292.431818181818,-14.4318181818182,1032.22263636364,184.702631818182
25,"Brookings_SD",228.473217009167,11.9082241896708,30.5220067062573,213.212213656038,36645.3305584323,1227.67018038892,FALSE,89.8285807244331,"in_range",224.324291103459,282.266352613102,225.575296174581,234.765678688014,457.4996,458.1966,"gauss",0.0346,225.575296174581,234.765678688014,"opt_within","interval",228.473217009167,"Brookings","Brookings","SD",44.3693,-96.7878,1993,146,298,216,230,"Brookings_SD",790.79,1367.935,117.32,282,935.18305,921.705568181818,-130.915568181818,1490.78113636364,-122.846136363636,137.848863636364,-20.5288636363636,292.431818181818,-10.4318181818182,1032.22263636364,13.4774818181818
26,"Brookings_SD",207.080044789195,34.2078996243332,87.6783746351135,163.240857471638,174157.053200966,2031.06921836746,FALSE,267.020083135184,"in_range",194.851746768161,219.289980629421,206.967555779609,210.87597474245,420.7712,418.7772,"gauss",-0.0021,206.967555779609,210.87597474245,"opt_within","interval",207.080044789195,"Brookings","Brookings","SD",44.3693,-96.7878,1994,139,286,205,213,"Brookings_SD",878.815,1465.005,87.85,299,1000.27065,921.705568181818,-42.8905681818181,1490.78113636364,-25.7761363636362,137.848863636364,-49.9988636363636,292.431818181818,6.56818181818181,1032.22263636364,78.5650818181819
27,"Brookings_SD",216.524924588596,18.0498509396237,46.2636294590429,193.393109859075,112049.195251508,2476.53909277734,FALSE,142.715936437765,"in_range",212.814844679701,257.442264534149,214.040186727762,221.189927872424,641.6866,640.3193,"gauss",0.0113,214.040186727762,221.189927872424,"opt_within","interval",216.524924588596,"Brookings","Brookings","SD",44.3693,-96.7878,1997,140,281,208,219,"Brookings_SD",872.355,1453.87,135.42,294,986.3887,921.705568181818,-49.3505681818182,1490.78113636364,-36.9111363636364,137.848863636364,-2.42886363636364,292.431818181818,1.56818181818181,1032.22263636364,64.6831318181818
28,"Brookings_SD",216.718732646049,NA,NA,NA,NA,2177.91720154581,TRUE,0,"in_range",NA,NA,NA,NA,465.7781,465.1615,"exclude",-0.019,NA,NA,"unclear","interval",NA,"Brookings","Brookings-NuSun","SD",44.3693,-96.7878,1998,146,297.821656050955,212,219,"Brookings_SD",850.19,1536.72,157.71,308,967.97145,921.705568181818,-71.5155681818181,1490.78113636364,45.9388636363637,137.848863636364,19.8611363636364,292.431818181818,15.5681818181818,1032.22263636364,46.2658818181818
29,"Cass_ND",210.877509983712,16.5956974340823,42.5364840559055,189.609267955759,81458.1327589544,1958.16375715317,FALSE,129.231474484619,"in_range",189.870340243371,218.005115281274,209.583088318508,214.467162020239,390.7518,388.9458,"gauss",-0.0118,209.583088318508,214.467162020239,"opt_within","interval",210.877509983712,"Casselton_1","Casselton","ND",46.9005,-97.2112,1982,140,292,210,218,"Cass_ND",770.52,1343.79,92.72,294,894.99505,868.906079545455,-98.3860795454545,1462.13573863636,-118.345738636364,116.807272727273,-24.0872727272727,288.340909090909,5.65909090909093,982.325446590909,26.0889704545455
30,"Cass_ND",219.356431340423,33.710087544837,86.4024309354628,176.155215872692,269953.602933964,3194.76791075711,FALSE,270.845728093038,"greater_than",203.819530732209,249.117488048572,205.906240659591,212.686802782394,54.3288,52.5023,"gauss",0.0121,205.906240659591,251.763636363636,"opt_after","interval",219.356431340423,"Casselton_ASF","Casselton_Sunwheat-full","ND",46.8871,-97.2305,1987,148,286.763636363636,199,212,"Cass_ND",910.41,1485.965,116.05,280,1014.8279,868.906079545455,41.5039204545454,1462.13573863636,23.8292613636363,116.807272727273,-0.757272727272735,288.340909090909,-8.34090909090907,982.325446590909,145.921820454545
31,"Cass_ND",213.585521168882,21.3343012774247,54.6820144037676,186.244513966998,155679.337958498,2911.13682557152,FALSE,170.421399968608,"greater_than",204.587445547737,299.203880689204,205.820337842495,219.486397982536,748.2947,746.7499,"gauss",0.0218,205.820337842495,239,"opt_after","interval",213.585521168882,"Casselton_ASF","Casselton","ND",46.8871,-97.2305,1990,141,274,198,209,"Cass_ND",852.87,1448.42,58.82,280,964.439,868.906079545455,-16.0360795454545,1462.13573863636,-13.7157386363635,116.807272727273,-57.9872727272727,288.340909090909,-8.34090909090907,982.325446590909,95.5329204545454
32,"Cass_ND",218.149439891529,15.5320420347577,39.8102255714966,198.244327105781,106032.384644892,2723.45395614914,FALSE,123.552732269131,"in_range",214.926026251604,241.624219027965,216.339014863442,220.975410345861,832.0012,832.3407,"gauss",0.0088,216.339014863442,220.975410345861,"opt_within","interval",218.149439891529,"Casselton_ASF","Casselton","ND",46.8871,-97.2305,1992,139,282,211,221,"Cass_ND",701.775,1260.555,171.01,272,834.73615,868.906079545455,-167.131079545455,1462.13573863636,-201.580738636364,116.807272727273,54.2027272727273,288.340909090909,-16.3409090909091,982.325446590909,-34.1699295454546
33,"Cass_ND",226.038514695314,16.3914167369631,42.0128915614981,205.032068914565,91787.0012378101,2233.95672092499,FALSE,128.745408811212,"in_range",220.563240801267,247.0429931998,224.057485626096,228.535055147462,955.3755,955.0301,"gauss",0.0059,224.057485626096,228.535055147462,"opt_within","interval",226.038514695314,"Casselton_ASF","Casselton","ND",46.8871,-97.2305,1993,140,284,218,230,"Cass_ND",704.63,1310.91,85.23,275,853.9358,868.906079545455,-164.276079545455,1462.13573863636,-151.225738636364,116.807272727273,-31.5772727272727,288.340909090909,-13.3409090909091,982.325446590909,-14.9702795454546
34,"Cass_ND",202.683930709524,NA,NA,NA,NA,2107.9177662597,TRUE,0,"in_range",NA,NA,NA,NA,1549.1087,1549.0538,"linear",0.0125,213,249.375,"opt_after","interval",NA,"Casselton_ASF","Casselton","ND",46.8871,-97.2305,1994,137,284.375,199,213,"Cass_ND",867.615,1443.525,244.09,304,984.1376,868.906079545455,-1.29107954545452,1462.13573863636,-18.6107386363635,116.807272727273,127.282727272727,288.340909090909,15.6590909090909,982.325446590909,115.231520454545
35,"Cass_ND",212.432851738129,NA,NA,NA,NA,1638.96759837984,TRUE,0,"in_range",NA,NA,NA,NA,1394.9609,1399.6083,"exclude",0.0029,NA,NA,"unclear","interval",NA,"Casselton_ASF","Casselton","ND",46.8871,-97.2305,1995,138,285,207,218,"Cass_ND",857.345,1494.67,137.73,265,971.7362,868.906079545455,-11.5610795454545,1462.13573863636,32.5342613636365,116.807272727273,20.9227272727273,288.340909090909,-23.3409090909091,982.325446590909,102.830120454546
36,"Cass_ND",214.951702112656,12.5127910848066,32.0715740081328,198.91591510859,76246.0092065319,2430.93300113486,FALSE,98.8179748759291,"in_range",187.01215925569,217.387132371108,211.056032171497,216.602828651687,1667.9499,1669.2652,"gauss",-0.0211,211.056032171497,216.602828651687,"opt_within","interval",214.951702112656,"Casselton_ASF","Casselton","ND",46.8871,-97.2305,1996,143,281.571428571429,213,224,"Cass_ND",832.95,1434.94,133.35,297,947.62925,868.906079545455,-35.9560795454545,1462.13573863636,-27.1957386363636,116.807272727273,16.5427272727273,288.340909090909,8.65909090909093,982.325446590909,78.7231704545454
37,"Cass_ND",234.564471634235,38.3212902474975,98.2214190207389,185.453762123866,226541.806814026,2358.40454308687,FALSE,302.048412226588,"greater_than",213.149993153817,335.119547005986,214.736608346345,230.986981876884,1543.4452,1541.4785,"gauss",0.0151,214.736608346345,245.380952380952,"opt_after","interval",234.564471634235,"Casselton_ASF","Casselton","ND",46.8871,-97.2305,1997,141,280.380952380952,206,219,"Cass_ND",859.24,1406.165,96.21,295,972.62425,868.906079545455,-9.66607954545452,1462.13573863636,-55.9707386363636,116.807272727273,-20.5972727272727,288.340909090909,6.65909090909093,982.325446590909,103.718170454545
38,"Cass_ND",220.584907643825,11.9722534179059,30.6861202216279,205.241847533011,83822.8953389342,2793.16648663241,FALSE,95.3877218302721,"in_range",218.900954014812,233.759436321766,219.536371273171,222.806572893395,1912.0177,1913.1887,"gauss",0.0168,219.536371273171,222.806572893395,"opt_within","interval",220.584907643825,"Casselton_ASF","Casselton","ND",46.8871,-97.2305,1998,146,295.428571428571,212,224,"Cass_ND",863.19,1515.705,77.84,307,974.85675,868.906079545455,-5.71607954545448,1462.13573863636,53.5692613636363,116.807272727273,-38.9672727272727,288.340909090909,18.6590909090909,982.325446590909,105.950670454546
39,"Cass_ND",457.509399216324,224.609508948418,575.697335658099,169.660731387275,2693921.34652241,4784.83359958976,FALSE,1849.25596367324,"greater_than",208.668914830403,277.66780297506,213.090979629295,223.539314269361,1904.0642,1902.0643,"gauss",0.0048,213.090979629295,250.458333333333,"opt_after","interval",457.509399216324,"Casselton_ASF","Casselton","ND",46.8871,-97.2305,1999,146,285.458333333333,206,219,"Cass_ND",894.095,1439.98,121.27,275,1007.15065,868.906079545455,25.1889204545455,1462.13573863636,-22.1557386363636,116.807272727273,4.46272727272726,288.340909090909,-13.3409090909091,982.325446590909,138.244570454546
40,"Cass_ND",223.533672124903,17.5840019078033,45.0696103469692,200.998866951418,123182.219039611,2794.73328234587,FALSE,140.103712516413,"greater_than",217.242961468578,300.382497429084,218.154295121386,228.704176701513,871.4121,869.8925,"gauss",0.0235,218.154295121386,255,"opt_after","interval",223.533672124903,"Casselton_ASF","Casselton","ND",46.8871,-97.2305,2000,143,290,212,220,"Cass_ND",819.23,1411.48,119.23,282,950.77335,868.906079545455,-49.6760795454545,1462.13573863636,-50.6557386363636,116.807272727273,2.42272727272727,288.340909090909,-6.34090909090907,982.325446590909,81.8672704545455
41,"Cass_ND",211.251188871587,NA,NA,NA,NA,2034.17619488375,TRUE,0,"in_range",NA,NA,NA,NA,1281.5237,1287.5076,"exclude",0.0275,NA,NA,"unclear","interval",NA,"Casselton_ASF","Casselton","ND",46.8871,-97.2305,2001,145,285.076923076923,205,219,"Cass_ND",892.945,1504.585,165.03,279,1015.912,868.906079545455,24.0389204545455,1462.13573863636,42.4492613636364,116.807272727273,48.2227272727273,288.340909090909,-9.34090909090907,982.325446590909,147.005920454546
42,"Cass_ND",214.453547424379,15.7323359311377,40.3235994844462,194.291747682155,116307.357197585,2949.33457504136,FALSE,125.774765656597,"greater_than",210.880361530781,259.756173207651,211.872793955888,220.604428470016,1239.6277,1239.0347,"gauss",0.0218,211.872793955888,249,"opt_after","interval",214.453547424379,"Casselton_ASF","Casselton","ND",46.8871,-97.2305,2002,140,284,203,214,"Cass_ND",915.925,1489.695,121.41,289,1018.2054,868.906079545455,47.0189204545454,1462.13573863636,27.5592613636363,116.807272727273,4.60272727272726,288.340909090909,0.659090909090935,982.325446590909,149.299320454546
43,"Cass_ND",218.387847489736,NA,NA,NA,NA,2722.02561616113,TRUE,0,"in_range",NA,NA,NA,NA,947.1506,946.1674,"linear",0.0116,225,248,"opt_after","interval",NA,"Casselton_ASF","Casselton","ND",46.8871,-97.2305,2003,148,283,217,225,"Cass_ND",881.605,1465.06,26.07,274,997.1962,868.906079545455,12.6989204545455,1462.13573863636,2.92426136363633,116.807272727273,-90.7372727272727,288.340909090909,-14.3409090909091,982.325446590909,128.290120454545
44,"Cass_ND",223.191407628353,13.3546965959426,34.2294646598069,206.07667529845,64776.4401338111,1935.05412553668,FALSE,103.912176458177,"in_range",208.824289710143,226.256190818088,221.336797968903,224.437430477449,1904.8598,1904.5151,"gauss",-0.0064,221.336797968903,224.437430477449,"opt_within","interval",223.191407628353,"Casselton_ASF","Casselton","ND",46.8871,-97.2305,2004,148,294,220,229,"Cass_ND",789.9,1256.015,122.29,278,923.3853,868.906079545455,-79.0060795454546,1462.13573863636,-206.120738636364,116.807272727273,5.48272727272727,288.340909090909,-10.3409090909091,982.325446590909,54.4792204545455
45,"Cass_ND",210.028852626425,NA,NA,NA,NA,2972.12650638841,TRUE,0,"in_range",188.066367969741,240.442345289379,207.410288454654,215.210411036381,1373.5438,1371.5844,"exclude",3e-04,NA,NA,"unclear","interval",NA,"Casselton_ASF","Casselton","ND",46.8871,-97.2305,2005,143,291,203,217,"Cass_ND",895.71,1490.205,151.33,310,1023.937,868.906079545455,26.8039204545455,1462.13573863636,28.0692613636363,116.807272727273,34.5227272727273,288.340909090909,21.6590909090909,982.325446590909,155.030920454545
46,"Cass_ND",205.741948644613,23.4495162401613,60.1035284976844,175.690184395771,168677.760682298,2869.68352824066,FALSE,187.14955380262,"in_range",199.129691904217,227.897830182254,203.285799067633,207.777855040901,1436.9986,1435.2402,"gauss",0.0037,203.285799067633,207.777855040901,"opt_within","interval",205.741948644613,"Casselton_ASF","Casselton","ND",46.8871,-97.2305,2006,143,282,199,209,"Cass_ND",945.695,1539.93,84.57,285,1045.4604,868.906079545455,76.7889204545455,1462.13573863636,77.7942613636365,116.807272727273,-32.2372727272727,288.340909090909,-3.34090909090907,982.325446590909,176.554320454545
47,"Cass_ND",209.926169188586,8.23074985700851,21.0962607297105,199.378038823731,46828.4790385725,2269.76406037551,FALSE,64.7145550107908,"in_range",202.365000903858,211.363115002213,208.639337811313,210.670880586745,1066.2073,1066.622,"gauss",-0.0131,208.639337811313,210.670880586745,"opt_within","interval",209.926169188586,"Casselton_ASF","Casselton","ND",46.8871,-97.2305,2007,144,283,207,214,"Cass_ND",932.05,1544.45,101.49,307,1042.99455,868.906079545455,63.1439204545454,1462.13573863636,82.3142613636364,116.807272727273,-15.3172727272727,288.340909090909,18.6590909090909,982.325446590909,174.088470454545
48,"Cass_ND",218.233775523183,15.9852249554643,40.9717801345159,197.747885455925,114578.801974033,2859.53614494237,FALSE,127.548991423355,"in_range",214.119684736554,229.578173191599,216.90484882543,220.002566481536,1164.4445,1163.3626,"gauss",0.0033,216.90484882543,220.002566481536,"opt_within","interval",218.233775523183,"Casselton_ASF","Casselton","ND",46.8871,-97.2305,2008,142,304,212,224,"Cass_ND",810.055,1378.47,145.01,302,933.392,868.906079545455,-58.8510795454546,1462.13573863636,-83.6657386363636,116.807272727273,28.2027272727273,288.340909090909,13.6590909090909,982.325446590909,64.4859204545455
49,"Cass_ND",226.448603154459,20.0127204335772,51.2946664049146,200.801269952001,146112.390344043,2912.66798995286,FALSE,159.8696956294,"in_range",220.880695563625,258.453138255798,223.255908694375,229.191260502802,858.1442,856.4363,"gauss",0.0084,223.255908694375,229.191260502802,"opt_within","interval",226.448603154459,"Casselton_ASF","Casselton","ND",46.8871,-97.2305,2009,152,314,217,227,"Cass_ND",813.665,1336.095,139.16,282,941.00175,868.906079545455,-55.2410795454546,1462.13573863636,-126.040738636364,116.807272727273,22.3527272727273,288.340909090909,-6.34090909090907,982.325446590909,72.0956704545455
50,"Cass_ND",213.759506083819,5.14087646394169,13.1765965612718,207.171207803183,22476.6519953306,1744.23308276355,FALSE,39.7255592877844,"in_range",212.988123228648,215.746025066094,213.367461031016,214.335831959198,976.8275,979.5872,"gauss",0.023,213.367461031016,214.335831959198,"opt_within","interval",213.759506083819,"Casselton_ASF","Casselton","ND",46.8871,-97.2305,2010,147,265,208,217,"Cass_ND",945.505,1523.095,192.1,302,1054.75735,868.906079545455,76.5989204545455,1462.13573863636,60.9592613636364,116.807272727273,75.2927272727273,288.340909090909,13.6590909090909,982.325446590909,185.851270454546
51,"Cavalier_ND",212.955823988363,NA,NA,NA,NA,1535.4941350523,TRUE,0,"in_range",NA,NA,NA,NA,317.7501,318.1972,"exclude",-0.0093,NA,NA,"unclear","interval",NA,"Langdon_REC","Langdon","ND",48.7587,-98.3424,1978,138,287.464013547841,205,217,"Cavalier_ND",NA,NA,NA,NA,NA,NA,NA,NA,NA,NA,NA,NA,NA,NA,NA
52,"Cavalier_ND",200.836627952904,26.4803806829951,67.8719466410188,166.900654632395,211564.156041977,3187.3366124525,FALSE,212.72750974967,"less_than",135.739950873616,221.500349122331,204.49536470131,220.207011030892,487.7773,485.871,"gauss",-0.0315,193,220.207011030892,"opt_before","interval",200.836627952904,"Langdon_REC","Langdon","ND",48.7587,-98.3424,1979,153,289,219,228,"Cavalier_ND",NA,NA,NA,NA,NA,NA,NA,NA,NA,NA,NA,NA,NA,NA,NA
53,"Cavalier_ND",240.478758725736,NA,NA,NA,NA,943.8657550775,TRUE,0,"in_range",NA,NA,NA,NA,481.0406,479.657,"exclude",-0.0086,NA,NA,"unclear","interval",NA,"Langdon_REC","Langdon","ND",48.7587,-98.3424,1980,170,287.464013547841,233,242,"Cavalier_ND",756.005,1235.135,260.71,298,890.02335,721.357613636364,34.6473863636363,1238.36079545455,-3.2257954545455,128.256136363636,132.453863636364,284.227272727273,13.7727272727273,855.347839772727,168.665736363636
54,"Cavalier_ND",211.274261879463,10.5968718698389,27.1608754693352,197.693824144795,54951.2803550809,2068.76041959424,FALSE,82.81686826808,"in_range",202.505360284633,217.707009168451,209.904866527694,212.63013525268,499.3709,498.1169,"gauss",-0.0034,209.904866527694,212.63013525268,"opt_within","interval",211.274261879463,"Langdon_REC","Langdon","ND",48.7587,-98.3424,1982,144,299,208,215,"Cavalier_ND",670.47,1098.915,128.18,294,801.9114,721.357613636364,-50.8876136363637,1238.36079545455,-139.445795454546,128.256136363636,-0.0761363636363512,284.227272727273,9.77272727272725,855.347839772727,80.5537863636363
55,"Cavalier_ND",208.391486209312,8.19270040731336,20.9987360660606,197.892118176282,24899.6612471377,1212.48515694397,FALSE,61.7467796540103,"in_range",188.950632251665,210.860714272502,205.732034893604,209.850774842684,466.6477,467.3285,"gauss",-0.0295,205.732034893604,209.850774842684,"opt_within","interval",208.391486209312,"Langdon_REC","Langdon","ND",48.7587,-98.3424,1983,136,287.464013547841,205,215,"Cavalier_ND",712.695,1306.405,62.67,286,829.96675,721.357613636364,-8.66261363636363,1238.36079545455,68.0442045454545,128.256136363636,-65.5861363636364,284.227272727273,1.77272727272725,855.347839772727,108.609136363636
56,"Cavalier_ND",210.286165751486,17.0156767939632,43.6129344682089,188.479698517382,74733.2764632954,1752.16443607554,FALSE,131.526731696476,"less_than",167.445211405798,217.223386440008,207.218824216259,216.165695310576,478.326,476.6827,"gauss",-0.0252,177,216.165695310576,"opt_before","interval",210.286165751486,"Langdon_REC","Langdon","ND",48.7587,-98.3424,1984,137,287.464013547841,213,223,"Cavalier_ND",683.44,1237.5,57.28,269,806.87395,721.357613636364,-37.9176136363636,1238.36079545455,-0.860795454545496,128.256136363636,-70.9761363636364,284.227272727273,-15.2272727272727,855.347839772727,85.5163363636364
57,"Cavalier_ND",165.304546899651,38.0254400589634,97.4631244761739,116.572984661565,363252.193964204,3811.0448793279,FALSE,308.838844571171,"less_than",161.51383145361,216.586476196139,205.494805743993,215.557081931049,398.7207,396.7247,"gauss",-0.0356,175,215.557081931049,"opt_before","interval",165.304546899651,"Langdon_REC","Langdon","ND",48.7587,-98.3424,1985,135,287.464013547841,213,221,"Cavalier_ND",613.335,1066.295,207.2,268,746.305,721.357613636364,-108.022613636364,1238.36079545455,-172.065795454545,128.256136363636,78.9438636363636,284.227272727273,-16.2272727272727,855.347839772727,24.9473863636363
58,"Cavalier_ND",210.77177575427,NA,NA,NA,NA,1990.93146911684,TRUE,0,"in_range",NA,NA,NA,NA,439.0464,437.3684,"exclude",-0.0031,NA,NA,"unclear","interval",NA,"Langdon_REC","Langdon","ND",48.7587,-98.3424,1986,140,287.464013547841,207,214,"Cavalier_ND",771.45,1216.495,194.02,282,901.82475,721.357613636364,50.0923863636364,1238.36079545455,-21.8657954545456,128.256136363636,65.7638636363637,284.227272727273,-2.22727272727275,855.347839772727,180.467136363636
59,"Cavalier_ND",204.784945184441,NA,NA,NA,NA,929.072324166393,TRUE,0,"in_range",NA,NA,NA,NA,236.1448,243.1975,"exclude",-0.0151,NA,NA,"unclear","interval",NA,"Langdon_REC","Langdon","ND",48.7587,-98.3424,1988,136,287.464013547841,200,208,"Cavalier_ND",855.57,1441.225,84.76,278,954.0418,721.357613636364,134.212386363636,1238.36079545455,202.864204545454,128.256136363636,-43.4961363636364,284.227272727273,-6.22727272727275,855.347839772727,232.684186363636
60,"Cavalier_ND",201.030579861571,13.617396225923,34.9027909039455,183.579184409598,53454.430628907,1566.02863710905,FALSE,104.464499926876,"less_than",172.716333861621,206.605315831252,199.19804332868,205.326646287607,285.6681,283.9919,"gauss",-0.0258,175,205.326646287607,"opt_before","interval",201.030579861571,"Langdon_REC","Langdon","ND",48.7587,-98.3424,1989,135,269,202,210,"Cavalier_ND",732.39,1320.625,43.89,266,853.4934,721.357613636364,11.0323863636363,1238.36079545455,82.2642045454545,128.256136363636,-84.3661363636364,284.227272727273,-18.2272727272727,855.347839772727,132.135786363636
61,"Cavalier_ND",201.853091824846,11.3944081454576,29.2050431945308,187.250570227581,74750.436692847,2617.17057126266,FALSE,90.4107281936091,"in_range",178.080415618954,204.890730218185,199.42770680925,203.760217269946,285.4132,283.6938,"gauss",-0.0174,199.42770680925,203.760217269946,"opt_within","interval",201.853091824846,"Langdon_REC","Langdon","ND",48.7587,-98.3424,1991,137,284,200,208,"Cavalier_ND",790.95,1377.73,125.5,288,929.38835,721.357613636364,69.5923863636364,1238.36079545455,139.369204545455,128.256136363636,-2.75613636363636,284.227272727273,3.77272727272725,855.347839772727,208.030736363636
62,"Cavalier_ND",216.465080037777,12.2790368477041,31.4724377911099,200.728861142223,77214.7186277805,2508.68340179967,FALSE,97.1675393099249,"in_range",189.410292424777,219.176323690566,212.161421909531,218.22366844469,374.3625,378.1855,"gauss",-0.0238,212.161421909531,218.22366844469,"opt_within","interval",216.465080037777,"Langdon_REC","Langdon","ND",48.7587,-98.3424,1992,136,287.464013547841,215,226,"Cavalier_ND",566.065,1027.625,67.73,266,712.91245,721.357613636364,-155.292613636364,1238.36079545455,-210.735795454545,128.256136363636,-60.5261363636364,284.227272727273,-18.2272727272727,855.347839772727,-8.44516363636365
63,"Cavalier_ND",225.107657738671,32.8877804478179,84.2947730403764,182.960271218483,256900.312556517,3116.30627338178,FALSE,263.83140263892,"greater_than",216.537599621572,325.305472170944,218.257760057206,233.443009288432,733.4821,731.8153,"gauss",0.0085,218.257760057206,259,"opt_after","interval",225.107657738671,"Langdon_REC","Langdon","ND",48.7587,-98.3424,1994,137,294,207,224,"Cavalier_ND",699.525,1197.54,145.01,298,863.5327,721.357613636364,-21.8326136363637,1238.36079545455,-40.8207954545455,128.256136363636,16.7538636363636,284.227272727273,13.7727272727273,855.347839772727,142.175086363636
64,"Cavalier_ND",221.652647622126,33.3994393119031,85.6062074769627,178.849543883645,217313.036205783,2595.71298234332,FALSE,264.87446789592,"in_range",205.670085253851,249.278036569244,217.327905933823,223.58364861231,829.8162,827.8513,"gauss",0.0024,217.327905933823,223.58364861231,"opt_within","interval",221.652647622126,"Langdon_REC","Langdon","ND",48.7587,-98.3424,1996,145,289,212,225,"Cavalier_ND",737.205,1221.605,197.65,276,881.00555,721.357613636364,15.8473863636364,1238.36079545455,-16.7557954545455,128.256136363636,69.3938636363636,284.227272727273,-8.22727272727275,855.347839772727,159.647936363636
65,"Cavalier_ND",269.609310508591,51.7308667221577,132.591546469521,203.313537273831,704068.076013519,5429.68911213647,FALSE,429.076581708335,"greater_than",213.084561356529,475.456625653879,215.538756546176,251.45792344556,800.9263,798.9579,"gauss",0.0224,215.538756546176,246,"opt_after","interval",269.609310508591,"Langdon_REC","Langdon","ND",48.7587,-98.3424,1997,135,281,202,216,"Cavalier_ND",716.66,1237.645,103.63,294,840.24645,721.357613636364,-4.69761363636371,1238.36079545455,-0.715795454545514,128.256136363636,-24.6261363636364,284.227272727273,9.77272727272725,855.347839772727,118.888836363636
66,"Cavalier_ND",213.297538781895,14.0422875097915,35.9918310840013,195.301623239894,105798.692580441,3005.74757866913,FALSE,112.396431301892,"in_range",210.083253591974,219.74838049117,212.222970529146,214.60541863582,995.3387,995.0539,"gauss",0.0025,212.222970529146,214.60541863582,"opt_within","interval",213.297538781895,"Langdon_REC","Langdon","ND",48.7587,-98.3424,1998,139,272,207,218,"Cavalier_ND",700.45,1269.585,46.89,306,841.3447,721.357613636364,-20.9076136363636,1238.36079545455,31.2242045454545,128.256136363636,-81.3661363636364,284.227272727273,21.7727272727273,855.347839772727,119.987086363636
67,"Cavalier_ND",230.661853268135,22.4949242456605,57.6568107676669,201.833447884301,135115.146251303,2396.23587853007,FALSE,177.486570570473,"greater_than",216.509594204781,350.306150231369,217.962048406612,237.25187646641,1065.7381,1063.8235,"gauss",0.0319,217.962048406612,249,"opt_after","interval",230.661853268135,"Langdon_REC","Langdon","ND",48.7587,-98.3424,1999,139,284,208,220,"Cavalier_ND",688.91,1153.755,137.36,275,831.8422,721.357613636364,-32.4476136363637,1238.36079545455,-84.6057954545454,128.256136363636,9.10386363636366,284.227272727273,-9.22727272727275,855.347839772727,110.484586363636
68,"Cavalier_ND",515.753588992695,134.235730728174,344.06002173343,343.72357812598,7723506.89235626,22953.8993501832,FALSE,1203.11423609569,"greater_than",215.233078745576,288.267051369719,217.265866388825,227.170075937884,550.8388,548.8389,"gauss",0.0166,217.265866388825,250,"opt_after","interval",515.753588992695,"Langdon_REC","Langdon","ND",48.7587,-98.3424,2000,136,285,211,220,"Cavalier_ND",608.845,1145.68,161.33,278,753.24855,721.357613636364,-112.512613636364,1238.36079545455,-92.6807954545454,128.256136363636,33.0738636363637,284.227272727273,-6.22727272727275,855.347839772727,31.8909363636363
69,"Cavalier_ND",223.211648876546,17.2814565726239,44.2941554510745,201.064571151009,64614.0964950538,1491.61587702335,FALSE,132.133572079554,"greater_than",214.863972185137,289.10629570645,216.401472649622,226.236547659307,576.2098,574.4904,"gauss",0.0266,216.401472649622,249,"opt_after","interval",223.211648876546,"Langdon_REC","Langdon","ND",48.7587,-98.3424,2001,137,284,210,221,"Cavalier_ND",680.785,1271.095,129.04,278,820.64805,721.357613636364,-40.5726136363637,1238.36079545455,32.7342045454545,128.256136363636,0.783863636363634,284.227272727273,-6.22727272727275,855.347839772727,99.2904363636363
70,"Cavalier_ND",213.465732973364,9.86055833963139,25.273627954597,200.828918996065,60449.4991887564,2445.68920185391,FALSE,77.9025659083933,"in_range",211.767641380488,228.098319106704,212.420655232899,215.700409736624,498.226,499.993,"gauss",0.019,212.420655232899,215.700409736624,"opt_within","interval",213.465732973364,"Langdon_REC","Langdon","ND",48.7587,-98.3424,2002,134,287.464013547841,207,216,"Cavalier_ND",712.76,1240.995,191.14,271,837.3959,721.357613636364,-8.59761363636369,1238.36079545455,2.63420454545439,128.256136363636,62.8838636363636,284.227272727273,-13.2272727272727,855.347839772727,116.038286363636
71,"Cavalier_ND",216.628418424591,11.721811213502,30.0442110233635,201.60631291291,66848.41193869,2275.13115629405,FALSE,92.177228801742,"in_range",213.879950039936,222.574444733187,215.578761612285,218.008493227195,599.9856,601.6609,"gauss",0.0046,215.578761612285,218.008493227195,"opt_within","interval",216.628418424591,"Langdon_REC","Langdon","ND",48.7587,-98.3424,2003,135,281,208,221,"Cavalier_ND",687.04,1281.625,69.4,273,828.1536,721.357613636364,-34.3176136363637,1238.36079545455,43.2642045454545,128.256136363636,-58.8561363636364,284.227272727273,-11.2272727272727,855.347839772727,106.795986363636
72,"Cavalier_ND",211.389845702238,21.4542457117499,54.9894443589433,183.895123522766,138033.113289791,2566.72948220125,FALSE,170.021482608332,"in_range",201.752518832602,224.672713533729,209.479393482414,213.344961239823,882.2237,880.519,"gauss",8e-04,209.479393482414,213.344961239823,"opt_within","interval",211.389845702238,"Langdon_REC","Langdon","ND",48.7587,-98.3424,2005,132,297,204,216,"Cavalier_ND",685.945,1205.705,79.37,297,831.65995,721.357613636364,-35.4126136363636,1238.36079545455,-32.6557954545456,128.256136363636,-48.8861363636364,284.227272727273,12.7727272727273,855.347839772727,110.302336363636
73,"Cavalier_ND",204.814161670372,11.0773879325441,28.3924876941934,190.617917823276,85235.8755325226,3069.69429652779,FALSE,88.7814227429924,"in_range",198.245161547939,206.186242581779,203.579686218742,205.512973968494,822.1836,823.7838,"gauss",-0.0071,203.579686218742,205.512973968494,"opt_within","interval",204.814161670372,"Langdon_REC","Langdon","ND",48.7587,-98.3424,2006,137,282,201,210,"Cavalier_ND",777.265,1330.655,130.84,284,901.2331,721.357613636364,55.9073863636363,1238.36079545455,92.2942045454545,128.256136363636,2.58386363636365,284.227272727273,-0.227272727272748,855.347839772727,179.875486363636
74,"Cavalier_ND",213.658569541028,14.3306216509889,36.7308612241044,195.293138928976,101730.346059599,2832.0150535998,FALSE,114.277116226247,"in_range",211.355148237038,234.024536701946,212.198381333206,216.78375657696,854.7246,854.9464,"gauss",0.0114,212.198381333206,216.78375657696,"opt_within","interval",213.658569541028,"Langdon_REC","Langdon","ND",48.7587,-98.3424,2007,136,292,206,216,"Cavalier_ND",720.48,1262.64,88.81,300,853.3881,721.357613636364,-0.877613636363662,1238.36079545455,24.2792045454546,128.256136363636,-39.4461363636364,284.227272727273,15.7727272727273,855.347839772727,132.030486363636
75,"Cavalier_ND",220.42669228763,15.9348232576209,40.8425953849612,200.005394595149,81928.713353351,2051.15721756813,FALSE,124.464409739664,"in_range",205.112823721165,224.127961149484,218.092165337091,221.921871030634,821.1224,822.6453,"gauss",-0.0054,218.092165337091,221.921871030634,"opt_within","interval",220.42669228763,"Langdon_REC","Langdon","ND",48.7587,-98.3424,2008,136,299,215,229,"Cavalier_ND",619.235,1120.145,121.31,294,768.4258,721.357613636364,-102.122613636364,1238.36079545455,-118.215795454546,128.256136363636,-6.94613636363636,284.227272727273,9.77272727272725,855.347839772727,47.0681863636363
76,"Cavalier_ND",223.985487403583,4.77276257303261,12.2330826948852,217.86894605614,15748.3951035565,1316.36563921586,FALSE,36.1790008518928,"in_range",222.271332020505,224.947811698971,223.39871772522,224.45238301866,594.5144,603.5999,"gauss",-0.0247,223.39871772522,224.45238301866,"opt_within","interval",223.985487403583,"Langdon_REC","Langdon","ND",48.7587,-98.3424,2009,135,295,219,229,"Cavalier_ND",598.475,1099.475,119.07,282,736.2514,721.357613636364,-122.882613636364,1238.36079545455,-138.885795454546,128.256136363636,-9.18613636363636,284.227272727273,-2.22727272727275,855.347839772727,14.8937863636363
77,"Cavalier_ND",224.35295589084,NA,NA,NA,NA,1731.33098900251,TRUE,0,"in_range",NA,NA,NA,NA,636.162,634.924,"exclude",0.0029,NA,NA,"unclear","interval",NA,"Langdon_REC","Langdon","ND",48.7587,-98.3424,2011,153,286,220,230,"Cavalier_ND",804.14,1245.805,66.86,291,940.1678,721.357613636364,82.7823863636363,1238.36079545455,7.44420454545457,128.256136363636,-61.3961363636364,284.227272727273,6.77272727272725,855.347839772727,218.810186363636
78,"Cavalier_ND",204.342972194315,21.292756258082,54.5755302346091,177.05520707701,105426.735933898,1975.28126180397,FALSE,165.902860698873,"less_than",177.175955528175,215.721736311279,208.241071392041,214.453563611286,614.6318,612.668,"gauss",-0.0233,177,214.453563611286,"opt_before","interval",204.342972194315,"Langdon_REC","Langdon","ND",48.7587,-98.3424,2012,137,276,211,218,"Cavalier_ND",750.175,1306.87,77.27,266,871.932,721.357613636364,28.8173863636363,1238.36079545455,68.5092045454544,128.256136363636,-50.9861363636364,284.227272727273,-18.2272727272727,855.347839772727,150.574386363636
79,"Cavalier_ND",220.70459484677,11.4882913155595,29.4456754417754,205.981757125882,102087.486302047,3545.08894900913,FALSE,92.8965628442213,"in_range",215.977789143213,224.406613647973,219.651175965162,221.697281229927,402.0183,402.2542,"gauss",-7e-04,219.651175965162,221.697281229927,"opt_within","interval",220.70459484677,"Langdon_REC","Langdon","ND",48.7587,-98.3424,2013,137,294,216,225,"Cavalier_ND",718.83,1252.005,100.75,294,858.20305,721.357613636364,-2.52761363636364,1238.36079545455,13.6442045454546,128.256136363636,-27.5061363636364,284.227272727273,9.77272727272725,855.347839772727,136.845436363636
80,"Cavalier_ND",313.536365494141,NA,NA,NA,NA,951.158153789387,TRUE,0,"greater_than",140.154296720003,216.961323071221,200.214493904983,215.540155666545,478.7112,476.7131,"linear",-0.0216,183,213,"opt_before","interval",NA,"Langdon_REC","Langdon","ND",48.7587,-98.3424,2014,143,289,213,222,"Cavalier_ND",751.37,1221.845,234.23,282,901.0847,721.357613636364,30.0123863636363,1238.36079545455,-16.5157954545455,128.256136363636,105.973863636364,284.227272727273,-2.22727272727275,855.347839772727,179.727086363636
81,"Cavalier_ND",211.876340136332,NA,NA,NA,NA,2935.19288212057,TRUE,0,"in_range",NA,NA,NA,NA,540.727,539.4435,"exclude",0.0109,NA,NA,"unclear","interval",NA,"Langdon_REC","Langdon","ND",48.7587,-98.3424,2015,141,289,210,217,"Cavalier_ND",788.185,1283.335,65.91,290,917.062,721.357613636364,66.8273863636363,1238.36079545455,44.9742045454545,128.256136363636,-62.3461363636364,284.227272727273,5.77272727272725,855.347839772727,195.704386363636
82,"Cavalier_ND",199.86368940457,NA,NA,NA,NA,2707.33354014375,TRUE,0,"less_than",NA,NA,NA,NA,373.7942,371.9248,"exclude",0.0184,NA,NA,"unclear","interval",NA,"Langdon_REC","Langdon","ND",48.7587,-98.3424,2016,139,294,205,218,"Cavalier_ND",768.66,1320.95,204.07,287,914.55445,721.357613636364,47.3023863636363,1238.36079545455,82.5892045454545,128.256136363636,75.8138636363636,284.227272727273,2.77272727272725,855.347839772727,193.196836363636
83,"Cavalier_ND",219.724555818496,16.3587660749279,41.9292045474034,198.759953544794,133119.811980749,3246.40141652273,FALSE,131.565999582515,"in_range",216.590888344679,246.749549392002,217.709540479327,224.018755635578,605.033,604.9569,"gauss",0.0161,217.709540479327,224.018755635578,"opt_within","interval",219.724555818496,"Langdon_REC","Langdon","ND",48.7587,-98.3424,2017,138,291,206,222,"Cavalier_ND",695.055,1231.89,104.82,287,829.5689,721.357613636364,-26.3026136363637,1238.36079545455,-6.4707954545454,128.256136363636,-23.4361363636364,284.227272727273,2.77272727272725,855.347839772727,108.211286363636
84,"Cavalier_ND",197.144707247205,29.6836189169678,76.0821765881389,159.103618953136,203780.058340501,2738.76582912959,FALSE,236.207947959753,"less_than",144.498541852336,207.12435182561,194.680117984739,205.138538679653,465.4567,463.5561,"gauss",-0.0103,181,205.138538679653,"opt_before","interval",197.144707247205,"Langdon_REC","Langdon","ND",48.7587,-98.3424,2018,141,289,199,212,"Cavalier_ND",863.23,1384.755,50.69,277,982.6626,721.357613636364,141.872386363636,1238.36079545455,146.394204545455,128.256136363636,-77.5661363636364,284.227272727273,-7.22727272727275,855.347839772727,261.304986363636
85,"Cavalier_ND",296.685459728207,80.1321911862209,205.387070130441,193.991924662986,1110895.23125029,5530.64967126816,FALSE,665.360144889954,"greater_than",213.954244778573,434.566920260742,216.432240480117,247.954089536663,598.146,596.1556,"gauss",0.0133,216.432240480117,251,"opt_after","interval",296.685459728207,"Langdon_REC","Langdon","ND",48.7587,-98.3424,2020,143,286,203,219,"Cavalier_ND",831.385,1316.04,149.93,289,951.6498,721.357613636364,110.027386363636,1238.36079545455,77.6792045454545,128.256136363636,21.6738636363636,284.227272727273,4.77272727272725,855.347839772727,230.292186363636
86,"Cavalier_ND",218.710329645923,16.9511944558762,43.4476595855583,196.986499853144,112523.06333899,2648.20320497537,FALSE,134.602617194335,"in_range",209.449806630427,233.317031081304,216.614411342379,221.023594529461,428.6367,427.9509,"gauss",0.0025,216.614411342379,221.023594529461,"opt_within","interval",218.710329645923,"Langdon_REC","Langdon","ND",48.7587,-98.3424,2022,147,293,211,224,"Cavalier_ND",817.03,1313.565,94.14,280,950.7928,721.357613636364,95.6723863636363,1238.36079545455,75.2042045454546,128.256136363636,-34.1161363636364,284.227272727273,-4.22727272727275,855.347839772727,229.435186363636
87,"Cheyenne_NE",220.985789190717,43.6018220982601,111.755966741245,165.107805820094,127371.977108325,1165.41154845137,FALSE,327.700796036875,"in_range",197.673053689601,244.14056141939,218.22334218379,225.867817192223,288.9812,287.0497,"gauss",-8e-04,218.22334218379,225.867817192223,"opt_within","interval",220.985789190717,"Cheyenne_HPAL","Cheyenne","NE",41.1388,-103.0018,1988,171,290,214,230,"Cheyenne_NE",964.235,1520.445,31.57,302,1052.07905,907.550795454545,56.6842045454546,1460.61954545455,59.8254545454545,81.9527272727273,-50.3827272727273,291.522727272727,10.4772727272727,1002.36751590909,144.528254545455
88,"Cheyenne_NE",232.890538123714,20.6978179771787,53.0506420640212,206.365217091704,117847.302036472,2271.46027979488,FALSE,162.745174611818,"greater_than",225.967764661939,279.775823501532,227.570489327035,235.554677879976,313.6103,311.8562,"gauss",0.014,227.570489327035,253,"opt_after","interval",232.890538123714,"Cheyenne_HPAL","Cheyenne","NE",41.1388,-103.0018,1989,160,288,221,231,"Cheyenne_NE",912.045,1483.055,163.6,292,1009.6607,907.550795454545,4.49420454545452,1460.61954545455,22.4354545454546,81.9527272727273,81.6472727272727,291.522727272727,0.477272727272748,1002.36751590909,102.109904545455
89,"Cheyenne_NE",227.873328351365,5.82762091287473,14.9367934085901,220.40493164707,10987.8295087186,752.19542012171,FALSE,42.4193039673281,"in_range",216.497928499724,230.409145860358,226.115538313877,228.958858374523,474.6867,474.7659,"gauss",-0.0276,226.115538313877,228.958858374523,"opt_within","interval",227.873328351365,"Cheyenne_HPAL","Cheyenne","NE",41.1388,-103.0018,1990,165,287,224,233,"Cheyenne_NE",919.63,1481.235,70.39,282,1015.56625,907.550795454545,12.0792045454546,1460.61954545455,20.6154545454544,81.9527272727273,-11.5627272727273,291.522727272727,-9.52272727272725,1002.36751590909,108.015454545455
90,"Cheyenne_NE",228.991497161467,14.9084718058643,38.2119507653659,209.885521778784,37018.8735090676,990.604134877888,FALSE,110.751503982695,"in_range",213.237320947402,239.282136896501,228.49725153183,232.520769045535,405.0384,403.1456,"gauss",-0.0118,228.49725153183,232.520769045535,"opt_within","interval",228.991497161467,"Cheyenne_HPAL","Cheyenne_WFSF","NE",41.1388,-103.0018,1991,168.615384615385,278.076923076923,228,236,"Cheyenne_NE",928.98,1562.395,34.05,301,1020.10265,907.550795454545,21.4292045454546,1460.61954545455,101.775454545455,81.9527272727273,-47.9027272727273,291.522727272727,9.47727272727275,1002.36751590909,112.551854545455
91,"Cheyenne_NE",236.526292944184,NA,NA,NA,NA,1338.99975497632,TRUE,0,"in_range",NA,NA,NA,NA,343.5422,344.0519,"exclude",-0.0139,NA,NA,"unclear","interval",NA,"Cheyenne_HPAL","Cheyenne_WFSF","NE",41.1388,-103.0018,1992,169,292.933333333333,230,240,"Cheyenne_NE",865.94,1387.575,112.85,290,968.51875,907.550795454545,-41.6107954545454,1460.61954545455,-73.0445454545454,81.9527272727273,30.8972727272727,291.522727272727,-1.52272727272725,1002.36751590909,60.9679545454545
92,"Cheyenne_NE",234.796487594294,24.2336459912773,62.1133339179501,203.739820635319,101104.912498251,1664.42244664125,FALSE,186.674384199156,"in_range",225.101166414078,252.404254597513,231.654706028802,235.754626681905,769.9023,767.945,"gauss",0.0036,231.654706028802,235.754626681905,"opt_within","interval",234.796487594294,"Cheyenne_HPAL","Cheyenne_wheat","NE",41.1388,-103.0018,1993,166.5625,298.875,228,237,"Cheyenne_NE",861.92,1400.045,113.1,300,960.11375,907.550795454545,-45.6307954545455,1460.61954545455,-60.5745454545454,81.9527272727273,31.1472727272727,291.522727272727,8.47727272727275,1002.36751590909,52.5629545454545
93,"Cheyenne_NE",228.735479442209,NA,NA,NA,NA,770.653573392654,TRUE,0,"in_range",NA,NA,NA,NA,839.6968,838.8875,"exclude",0.0686,NA,NA,"unclear","interval",NA,"Cheyenne_HPAL","Cheyenne 1","NE",41.1388,-103.0018,1994,166,296.230769230769,227,233,"Cheyenne_NE",926.285,1569.67,40.08,308,1014.5635,907.550795454545,18.7342045454545,1460.61954545455,109.050454545455,81.9527272727273,-41.8727272727273,291.522727272727,16.4772727272727,1002.36751590909,107.012704545455
94,"Cheyenne_NE",246.037243202662,NA,NA,NA,NA,1025.0124560442,TRUE,0,"in_range",NA,NA,NA,NA,547.3598,548.7131,"linear",-0.0443,220.076923076923,240,"opt_before","interval",NA,"Cheyenne_HPAL","Cheyenne 1","NE",41.1388,-103.0018,1995,180.076923076923,310.923076923077,240,248,"Cheyenne_NE",869.115,1390.895,32.96,297,965.8218,907.550795454545,-38.4357954545454,1460.61954545455,-69.7245454545455,81.9527272727273,-48.9927272727273,291.522727272727,5.47727272727275,1002.36751590909,58.2710045454546
95,"Cheyenne_NE",232.187270199909,13.8402029267884,35.4738674565612,214.450336471629,68702.7556435253,1980.34914309241,FALSE,107.854373558451,"in_range",229.037452965288,251.650080317118,230.715503951971,234.654720791959,897.634,896.4508,"gauss",0.0082,230.715503951971,234.654720791959,"opt_within","interval",232.187270199909,"Cheyenne_HPAL","Cheyenne_WFS","NE",41.1388,-103.0018,1996,165.444444444444,289.555555555556,225,236,"Cheyenne_NE",935.31,1495.165,127.5,292,1023.52155,907.550795454545,27.7592045454545,1460.61954545455,34.5454545454545,81.9527272727273,45.5472727272727,291.522727272727,0.477272727272748,1002.36751590909,115.970754545455
96,"Cheyenne_NE",232.668592717369,NA,NA,NA,NA,813.059834289718,TRUE,0,"in_range",191.668037545423,232.26195111577,221.332065016304,228.02292202189,790.6621,788.7567,"exclude",-0.0158,NA,NA,"unclear","interval",NA,"Cheyenne_HPAL","Cheyenne 1","NE",41.1388,-103.0018,1997,161.333333333333,273.666666666667,223,233,"Cheyenne_NE",904.95,1490.79,95.98,298,1004.7007,907.550795454545,-2.60079545454539,1460.61954545455,30.1704545454545,81.9527272727273,14.0272727272727,291.522727272727,6.47727272727275,1002.36751590909,97.1499045454545
97,"Cheyenne_NE",240.889107706907,NA,NA,NA,NA,1230.09049020562,TRUE,0,"greater_than",191.92923065092,227.501285449979,217.599495779091,223.648917237396,443.8286,441.8488,"linear",-0.0106,197,218,"opt_before","interval",NA,"Cheyenne_HPAL","Cheyenne","NE",41.1388,-103.0018,1998,157,273,218,227,"Cheyenne_NE",886.615,1456.885,108.35,314,990.449,907.550795454545,-20.9357954545454,1460.61954545455,-3.73454545454547,81.9527272727273,26.3972727272727,291.522727272727,22.4772727272727,1002.36751590909,82.8982045454545
98,"Cheyenne_NE",225.82396319306,8.7702286071025,22.4790004032325,214.584462991444,41630.8206899071,1893.71284205346,FALSE,68.1432411849733,"in_range",214.950330180398,228.745762889073,224.958871957957,227.079187785088,478.001,476.2862,"gauss",-0.0144,224.958871957957,227.079187785088,"opt_within","interval",225.82396319306,"Cheyenne_HPAL","Cheyenne","NE",41.1388,-103.0018,1999,159,287,225,229,"Cheyenne_NE",920.365,1477.465,120.15,275,1023.1254,907.550795454545,12.8142045454546,1460.61954545455,16.8454545454545,81.9527272727273,38.1972727272727,291.522727272727,-16.5227272727273,1002.36751590909,115.574604545455
99,"Cheyenne_NE",218.561744697687,11.3698932212882,29.1422089156336,203.990640239871,19878.1571476681,697.476852976992,FALSE,82.2883048481801,"in_range",192.950776738798,226.387268570294,216.035275427671,221.667608097541,301.1307,300.4203,"gauss",-0.0188,216.035275427671,221.667608097541,"opt_within","interval",218.561744697687,"Cheyenne_HPAL","Cheyenne","NE",41.1388,-103.0018,2000,154,284,215,227,"Cheyenne_NE",898.62,1506.62,28.86,281,991.97625,907.550795454545,-8.93079545454543,1460.61954545455,46.0004545454544,81.9527272727273,-53.0927272727273,291.522727272727,-10.5227272727273,1002.36751590909,84.4254545454546
100,"Cheyenne_NE",231.297718382474,NA,NA,NA,NA,2122.73307217855,TRUE,0,"in_range",NA,NA,NA,NA,859.9602,858.8989,"exclude",-0.0011,NA,NA,"unclear","interval",NA,"Cheyenne_HPAL","Cheyenne","NE",41.1388,-103.0018,2001,169.5,299.5,227,235,"Cheyenne_NE",967.235,1496.86,90.29,289,1056.3521,907.550795454545,59.6842045454546,1460.61954545455,36.2404545454544,81.9527272727273,8.33727272727273,291.522727272727,-2.52272727272725,1002.36751590909,148.801304545455
101,"Cheyenne_NE",250.703321444417,26.889887635528,68.9215551932587,216.242543847788,125158.016376401,1856.86251800287,FALSE,208.657814727128,"greater_than",227.714180897994,337.409881571958,228.964141234923,244.204363411505,767.4399,765.4703,"gauss",0.0329,228.964141234923,252.555555555556,"opt_after","interval",250.703321444417,"Cheyenne_HPAL","Cheyenne_Nusun","NE",41.1388,-103.0018,2002,161,287.555555555556,222,232,"Cheyenne_NE",957.37,1515.94,116.11,286,1043.9885,907.550795454545,49.8192045454546,1460.61954545455,55.3204545454546,81.9527272727273,34.1572727272727,291.522727272727,-5.52272727272725,1002.36751590909,136.437704545454
102,"Cheyenne_NE",220.180455374137,8.82710090383428,22.624769965058,208.868070391608,53445.1812614641,2415.4637769753,FALSE,69.6822173404802,"in_range",213.702781844471,225.714529473282,219.175313283558,221.183984909599,350.7435,349.4245,"gauss",-0.0021,219.175313283558,221.183984909599,"opt_within","interval",220.180455374137,"Cheyenne_HPAL","Cheyenne","NE",41.1388,-103.0018,2006,154,290,218,223,"Cheyenne_NE",967.515,1535.16,58.21,291,1057.5621,907.550795454545,59.9642045454545,1460.61954545455,74.5404545454546,81.9527272727273,-23.7427272727273,291.522727272727,-0.522727272727252,1002.36751590909,150.011304545455
103,"Cheyenne_NE",220.472158892299,10.1877986478739,26.112378613272,207.415969585663,25862.4986520118,1012.74520097293,FALSE,75.8039036555427,"in_range",212.751389460293,244.151158946487,217.644984599726,222.470148361077,264.0734,263.0562,"gauss",0.0211,217.644984599726,222.470148361077,"opt_within","interval",220.472158892299,"Cheyenne_HPAL","Cheyenne","NE",41.1388,-103.0018,2007,152,274,214,222,"Cheyenne_NE",937.4,1548.715,79.68,305,1033.03875,907.550795454545,29.8492045454545,1460.61954545455,88.0954545454545,81.9527272727273,-2.27272727272727,291.522727272727,13.4772727272727,1002.36751590909,125.487954545454
104,"Cheyenne_NE",230.065195816147,5.68338200760733,14.5670942188744,222.781648706709,20527.0759393203,1440.8882729059,FALSE,43.3519947029371,"in_range",228.795080426939,242.297061261248,229.296211430321,231.617678288424,344.8827,353.0486,"gauss",0.0364,229.296211430321,231.617678288424,"opt_within","interval",230.065195816147,"Cheyenne_HPAL","Cheyenne","NE",41.1388,-103.0018,2008,162,292,226,232,"Cheyenne_NE",903.44,1407.86,106.26,298,996.4607,907.550795454545,-4.11079545454538,1460.61954545455,-52.7595454545456,81.9527272727273,24.3072727272727,291.522727272727,6.47727272727275,1002.36751590909,88.9099045454545
105,"Cheyenne_NE",227.01367391417,14.4836948199609,37.1232035427822,208.452072142779,81888.7208935186,2255.5620964475,FALSE,113.832291873511,"in_range",216.940302992709,239.227522392202,225.225962147083,228.877348929046,299.0972,297.3701,"gauss",6e-04,225.225962147083,228.877348929046,"opt_within","interval",227.01367391417,"Cheyenne_HPAL","Cheyenne","NE",41.1388,-103.0018,2009,151,292,223,230,"Cheyenne_NE",856.62,1416.245,97.26,276,962.4176,907.550795454545,-50.9307954545454,1460.61954545455,-44.3745454545456,81.9527272727273,15.3072727272727,291.522727272727,-15.5227272727273,1002.36751590909,54.8668045454546
106,"Cheyenne_NE",223.844456873569,NA,NA,NA,NA,1860.94994367502,TRUE,0,"in_range",NA,NA,NA,NA,248.8824,250.2535,"linear",-0.0461,192,220,"opt_before","interval",NA,"Cheyenne_HPAL","Cheyenne","NE",41.1388,-103.0018,2010,152,286,220,225,"Cheyenne_NE",926.97,1469.085,49.86,301,1022.2743,907.550795454545,19.4192045454546,1460.61954545455,8.46545454545458,81.9527272727273,-32.0927272727273,291.522727272727,9.47727272727275,1002.36751590909,114.723504545455
107,"Cheyenne_NE",226.22232008203,NA,NA,NA,NA,890.46466166708,TRUE,0,"in_range",222.089140515738,248.495045942102,227.612626415192,231.298562205112,53.465,53.72,"exclude",0.0189,NA,NA,"unclear","interval",NA,"Cheyenne_HPAL","Cheyenne","NE",41.1388,-103.0018,2015,152,289.31105047749,225,232,"Cheyenne_NE",914.095,1396.42,23.87,302,1013.27125,907.550795454545,6.54420454545459,1460.61954545455,-64.1995454545454,81.9527272727273,-58.0827272727273,291.522727272727,10.4772727272727,1002.36751590909,105.720454545455
108,"Cheyenne_NE",221.58971622195,8.41299049700483,21.5633622846968,210.808035079602,18901.5448818221,896.307373810676,FALSE,62.0433193215552,"in_range",198.257550303785,225.27427000269,219.130223345391,223.427456802846,201.2286,200.9865,"gauss",-0.0276,219.130223345391,223.427456802846,"opt_within","interval",221.58971622195,"Cheyenne_HPAL","Cheyenne","NE",41.1388,-103.0018,2016,159,289.31105047749,219,230,"Cheyenne_NE",945.34,1445.79,104.79,313,1037.29015,907.550795454545,37.7892045454546,1460.61954545455,-14.8295454545455,81.9527272727273,22.8372727272727,291.522727272727,21.4772727272727,1002.36751590909,129.739354545455
109,"Clay_MN",208.824944317527,12.1590530496636,31.1649069426724,193.242490846191,74083.4949476236,2430.70231652051,FALSE,96.0237949761117,"in_range",206.284152374409,216.848492043308,207.544387657701,210.858140209765,804.7464,815.7728,"gauss",0.02,207.544387657701,210.858140209765,"opt_within","interval",208.824944317527,"Glyndon_USDA","Fargo","MN",46.9774,-96.6341,2018,145,297,190,214,"Clay_MN",947.535,1552.325,130.3,285,1049.9743,889.179886363636,58.3551136363636,1474.87034090909,77.4546590909092,119.330681818182,10.9693181818182,290.670454545455,-5.67045454545456,1001.23091022727,160.794413636364
110,"Clay_MN",218.299510040824,4.64189288961861,11.8976501995622,212.350684941043,23445.8956664729,2015.03121800973,FALSE,36.2148333138156,"in_range",216.893012422765,220.037651431661,217.79673939747,218.858180509865,616.6087,620.538,"gauss",0.0021,217.79673939747,218.858180509865,"opt_within","interval",218.299510040824,"Moorhead_USDA","Fargo","MN",46.9205,-96.6707,2019,149,323,215,222,"Clay_MN",925.205,1379.59,143.1,297,1037.5565,889.179886363636,36.0251136363637,1474.87034090909,-95.2803409090909,119.330681818182,23.7693181818182,290.670454545455,6.32954545454544,1001.23091022727,148.376613636364
111,"Clay_MN",220.235026920801,22.1594275380602,56.7968981059464,191.836577867828,157808.735633831,2841.07415468634,FALSE,176.742099144127,"greater_than",212.020537658042,294.502726893785,214.020400297623,225.56681334649,661.3158,659.831,"gauss",0.0154,214.020400297623,253,"opt_after","interval",220.235026920801,"Moorhead_USDA","Fargo","MN",46.9205,-96.6707,2020,150,288,204,218,"Clay_MN",968.515,1527.195,263.95,289,1070.8643,889.179886363636,79.3351136363636,1474.87034090909,52.3246590909091,119.330681818182,144.619318181818,290.670454545455,-1.67045454545456,1001.23091022727,181.684413636364
112,"Clay_MN",181.7080254721,NA,NA,NA,NA,2281.58128093676,TRUE,0,"less_than",206.048748837354,333.377856587057,207.686536001566,225.656536463112,751.6541,749.6681,"exclude",0.0236,NA,NA,"unclear","interval",NA,"Moorhead_USDA","Fargo","MN",46.9205,-96.6707,2021,139,295,199,209,"Clay_MN",921.745,1564.655,79.03,296,1020.19985,889.179886363636,32.5651136363637,1474.87034090909,89.7846590909091,119.330681818182,-40.3006818181818,290.670454545455,5.32954545454544,1001.23091022727,131.019963636364
113,"Clay_MN",212.087550662796,7.66857080470949,19.6553378405301,202.259881742531,48570.834291296,2526.80191480658,FALSE,60.711488429619,"in_range",209.958274251171,214.014971362408,211.253166529566,212.908832839918,604.1503,619.7169,"gauss",0.0055,211.253166529566,212.908832839918,"opt_within","interval",212.087550662796,"Moorhead_USDA","Fargo","MN",46.9205,-96.6707,2022,144,291,202,218,"Clay_MN",925.585,1517.995,169.22,290,1029.9754,889.179886363636,36.4051136363637,1474.87034090909,43.1246590909091,119.330681818182,49.8893181818182,290.670454545455,-0.670454545454561,1001.23091022727,140.795513636364
114,"Clay_MN",220.382232733973,9.3658878028591,24.0057363529383,208.379364557504,79339.0380725958,3379.46572068429,FALSE,75.5123989634207,"in_range",218.282587142058,228.938147752126,219.380034314186,222.050053998793,644.6259,645.9817,"gauss",0.0177,219.380034314186,222.050053998793,"opt_within","interval",220.382232733973,"Moorhead_USDA","Fargo","MN",46.9205,-96.6707,2023,156,318,212,224,"Clay_MN",933.725,1597,109.23,300,1042.63345,889.179886363636,44.5451136363637,1474.87034090909,122.129659090909,119.330681818182,-10.1006818181818,290.670454545455,9.32954545454544,1001.23091022727,153.453563636364
115,"Codington_SD",215.669856532943,17.6631787380405,45.2725487284598,193.033582168713,106701.320650956,2409.96645131947,FALSE,139.414905673379,"greater_than",208.457423036641,334.078644997155,209.962634673697,227.562491802864,783.1001,781.8138,"gauss",0.0319,209.962634673697,267,"opt_after","interval",215.669856532943,"South_Shore_6","South Shore","SD",45.1058,-96.9287,1987,148,302,200,212,"Codington_SD",961.05,1523.395,190.31,280,1062.40235,906.009204545455,55.0407954545454,1446.57238636364,76.8226136363637,148.338181818182,41.9718181818182,289.159090909091,-9.15909090909093,1018.31257840909,156.393145454546
116,"Codington_SD",215.81446118506,5.60132840704567,14.3567823783577,208.636069995882,15711.4692184759,1119.01479488177,FALSE,41.9769513266299,"in_range",213.530467286147,219.694928867241,215.084206267585,216.721218459557,362.4268,376.036,"gauss",0.0065,215.084206267585,216.721218459557,"opt_within","interval",215.81446118506,"South_Shore_7","South Shore","SD",45.1058,-96.9287,1988,155,302,212,220,"Codington_SD",1001.775,1614.3,148.39,278,1094.2971,906.009204545455,95.7657954545455,1446.57238636364,167.727613636364,148.338181818182,0.0518181818181631,289.159090909091,-11.1590909090909,1018.31257840909,188.287895454545
117,"Ellis_KS",230.295631745845,NA,NA,NA,NA,1299.47293732672,TRUE,0,"less_than",245.479617878234,355.55504616931,246.731502991535,261.338327122423,531.8758,529.9301,"linear",0.0306,249,257,"opt_after","interval",NA,"Hays_ARC","ELDO","KS",38.8584,-99.3342,1987,188,292,240,249,"Ellis_KS",1053.685,1785.32,142.82,313,1149.6082,1081.47681818182,-27.7918181818181,1766.65409090909,18.6659090909091,118.587045454545,24.2329545454545,307.386363636364,5.61363636363637,1170.45250795455,68.1313818181818
118,"Ellis_KS",233.575752236494,NA,NA,NA,NA,1132.64347008543,TRUE,0,"less_than",NA,NA,NA,NA,422.5039,420.5958,"linear",0.0418,249,273,"opt_after","interval",NA,"Hays_ARC","ELDO","KS",38.8584,-99.3342,1988,189,308,240,249,"Ellis_KS",1052.025,1814.525,56.63,302,1147.1882,1081.47681818182,-29.451818181818,1766.65409090909,47.8709090909092,118.587045454545,-61.9570454545454,307.386363636364,-5.38636363636363,1170.45250795455,65.711381818182
119,"Ellis_KS",236.439021246692,23.7121564890509,60.7767025419635,206.05066997571,122719.134345337,2064.6730856059,FALSE,185.291678598827,"in_range",226.030250002629,264.965534604839,231.450950817631,237.332518667345,548.523,546.5873,"gauss",0.0074,231.450950817631,237.332518667345,"opt_within","interval",236.439021246692,"Hays_ARC","ELDO","KS",38.8584,-99.3342,1992,175,288,228,237,"Ellis_KS",1000.675,1611.44,137.56,309,1097.4482,1081.47681818182,-80.8018181818181,1766.65409090909,-155.214090909091,118.587045454545,18.9729545454546,307.386363636364,1.61363636363637,1170.45250795455,15.971381818182
120,"Ellis_KS",234.072402515689,NA,NA,NA,NA,1885.45468393821,TRUE,0,"in_range",NA,NA,NA,NA,600.0412,603.6539,"exclude",0.0047,NA,NA,"unclear","interval",NA,"Hays_ARC","ELDO","KS",38.8584,-99.3342,1993,179,300,231,238,"Ellis_KS",1064.505,1705.06,216.12,303,1159.9743,1081.47681818182,-16.971818181818,1766.65409090909,-61.5940909090909,118.587045454545,97.5329545454546,307.386363636364,-4.38636363636363,1170.45250795455,78.497481818182
121,"Ellis_KS",234.07348623868,NA,NA,NA,NA,1351.80029921493,TRUE,0,"in_range",NA,NA,NA,NA,531.2284,530.2765,"linear",0.0415,239,252,"opt_after","interval",NA,"Hays_ARC","ELDO","KS",38.8584,-99.3342,1994,182,287,233,239,"Ellis_KS",1042.37,1786.965,22.08,314,1132.0271,1081.47681818182,-39.1068181818182,1766.65409090909,20.310909090909,118.587045454545,-96.5070454545454,307.386363636364,6.61363636363637,1170.45250795455,50.5502818181819
122,"Ellis_KS",228.08318676894,NA,NA,NA,NA,829.081093334896,TRUE,0,"less_than",NA,NA,NA,NA,536.0343,534.26,"linear",0.0367,240,262,"opt_after","interval",NA,"Hays_ARC","ELDO","KS",38.8584,-99.3342,1995,181,297,231,240,"Ellis_KS",1094.155,1667.555,100.18,306,1187.00015,1081.47681818182,12.6781818181819,1766.65409090909,-99.0990909090908,118.587045454545,-18.4070454545454,307.386363636364,-1.38636363636363,1170.45250795455,105.523331818182
123,"Ellis_KS",227.652202961334,NA,NA,NA,NA,2096.70184494589,TRUE,0,"less_than",NA,NA,NA,NA,591.5758,589.8492,"linear",0.0609,237,260,"opt_after","interval",NA,"Hays_ARC","ELDO","KS",38.8584,-99.3342,1996,179,295,231,237,"Ellis_KS",1071.28,1733.46,203.06,316,1160.90405,1081.47681818182,-10.1968181818181,1766.65409090909,-33.1940909090908,118.587045454545,84.4729545454546,307.386363636364,8.61363636363637,1170.45250795455,79.427231818182
124,"Ellis_KS",241.007736586911,15.8672335606939,40.6693560211382,220.673058576342,71690.8478587289,1802.48877154754,FALSE,122.881852983136,"greater_than",234.348296956906,250.158388693774,235.264935147944,237.737482268035,313.0943,311.1048,"gauss",0.0231,235.264935147944,261,"opt_after","interval",241.007736586911,"Hays_ARC","ELDO","KS",38.8584,-99.3342,2004,176,296,233,238,"Ellis_KS",1005.055,1706.37,96.28,308,1103.0293,1081.47681818182,-76.4218181818181,1766.65409090909,-60.284090909091,118.587045454545,-22.3070454545454,307.386363636364,0.613636363636374,1170.45250795455,21.5524818181818
125,"Ellis_KS",234.925165825247,NA,NA,NA,NA,1174.89685589751,TRUE,0,"in_range",211.041579200349,243.983088038093,229.762497440084,234.47088645231,234.272,232.454,"exclude",-0.0108,NA,NA,"unclear","interval",NA,"Hays_ARC","ELDO","KS",38.8584,-99.3342,2005,175,280,230,237,"Ellis_KS",1101.105,1803.88,102.34,297,1190.3421,1081.47681818182,19.6281818181819,1766.65409090909,37.2259090909092,118.587045454545,-16.2470454545454,307.386363636364,-10.3863636363636,1170.45250795455,108.865281818182
126,"Ellis_KS",216.628348530507,2.77790551247665,7.12005831689885,213.068319372057,4157.59641449012,597.083301478725,FALSE,19.8647347457223,"in_range",212.9965713595,220.645101995528,215.908634643191,217.32719638134,315.2415,316.9396,"gauss",0.0204,215.908634643191,217.32719638134,"opt_within","interval",216.628348530507,"Hays_ARC","ELDO","KS",38.8584,-99.3342,2007,159,289,214,218,"Ellis_KS",1113.775,1842.19,146.73,310,1201.85405,1081.47681818182,32.298181818182,1766.65409090909,75.5359090909092,118.587045454545,28.1429545454545,307.386363636364,2.61363636363637,1170.45250795455,120.377231818182
127,"Ellis_KS",221.950265399486,8.1633666004562,20.9235504938583,211.488490152557,42183.6451309906,2061.50726873661,FALSE,63.7838167363783,"in_range",205.120169858827,224.236614441969,219.875877965714,223.280518244478,504.6313,502.9008,"gauss",-0.0244,219.875877965714,223.280518244478,"opt_within","interval",221.950265399486,"Hays_ARC","ELDO","KS",38.8584,-99.3342,2009,170,314,220,226,"Ellis_KS",1064.39,1699.02,152.35,322,1151.62905,1081.47681818182,-17.086818181818,1766.65409090909,-67.6340909090909,118.587045454545,33.7629545454545,307.386363636364,14.6136363636364,1170.45250795455,70.1522318181819
128,"Ellis_KS",222.702252262378,3.61578905062542,9.26764023701605,218.06843214387,7033.40519099838,776.019470881144,FALSE,26.3812441478082,"in_range",219.144406134486,228.087906569015,221.978499222694,223.430360784709,268.2006,267.3665,"gauss",0.0165,221.978499222694,223.430360784709,"opt_within","interval",222.702252262378,"Hays_ARC","ELDO","KS",38.8584,-99.3342,2010,168,286,220,225,"Ellis_KS",1128.305,1786.9,123.08,309,1215.09405,1081.47681818182,46.828181818182,1766.65409090909,20.2459090909092,118.587045454545,4.49295454545455,307.386363636364,1.61363636363637,1170.45250795455,133.617231818182
129,"Ellis_KS",237.190256884898,7.38529327174836,18.9292683088302,227.725622730482,7509.17544463683,405.634206467808,FALSE,51.1900532921742,"in_range",219.11043078582,245.276705480578,236.655289860076,240.775551652404,298.6769,296.8924,"gauss",-0.0551,236.655289860076,240.775551652404,"opt_within","interval",237.190256884898,"Hays_ARC","ELDO","KS",38.8584,-99.3342,2013,168,301,237,245,"Ellis_KS",1098.16,1800.905,74.49,316,1187.95015,1081.47681818182,16.683181818182,1766.65409090909,34.2509090909091,118.587045454545,-44.0970454545455,307.386363636364,8.61363636363637,1170.45250795455,106.473331818182
130,"Ellis_KS",230.246437168814,3.92230853589075,10.0532812894395,225.219796524094,12549.7466218609,1276.44842061093,FALSE,29.6684969751966,"in_range",229.135175774833,235.618135101297,229.688017804472,231.183379172424,314.3007,314.8064,"gauss",0.0422,229.688017804472,231.183379172424,"opt_within","interval",230.246437168814,"Hays_ARC","ELDO","KS",38.8584,-99.3342,2017,171,292,226,233,"Ellis_KS",1067.13,1733.905,87.33,301,1157.0221,1081.47681818182,-14.346818181818,1766.65409090909,-32.7490909090909,118.587045454545,-31.2570454545454,307.386363636364,-6.38636363636363,1170.45250795455,75.5452818181818
131,"Ellis_TX",166.473278600861,NA,NA,NA,NA,1339.5981782859,TRUE,0,"in_range",NA,NA,NA,NA,177.7468,179.7754,"exclude",-0.0674,NA,NA,"unclear","interval",NA,"Bardwell_Beakley","Ellis","TX",32.269,-96.6961,2010,91,221,164,168,"Ellis_TX",1003.74,2222.425,93.21,347,1106.98735,802.067045454545,201.672954545455,2132.4125,90.0125000000003,176.148409090909,-82.9384090909091,346.818181818182,0.181818181818187,920.264438636364,304.920304545455
132,"Ellis_TX",144.392920426405,16.0909914855809,41.2428706590221,123.771485096894,84489.3173164415,2094.73486764228,FALSE,125.857331504248,"less_than",91.2010708373667,149.859903773624,136.853567321433,148.527139915564,133.5603,136.3804,"gauss",-0.0268,110,148.527139915564,"opt_before","interval",144.392920426405,"Bardwell_Beakley","Ellis","TX",32.269,-96.6961,2011,70,199,145,158,"Ellis_TX",861.295,2249.47,92.19,341,969.1479,802.067045454545,59.2279545454545,2132.4125,117.0575,176.148409090909,-83.9584090909091,346.818181818182,-5.81818181818181,920.264438636364,167.080854545455
133,"Ellis_TX",138.502862595106,12.2259275584527,31.3363132055398,122.834705992336,76527.3588773358,2497.15196803334,FALSE,96.7187937940799,"less_than",100.554587813581,142.385994346808,134.043568733308,141.644985631721,238.8011,237.1587,"gauss",-0.0313,100,141.644985631721,"opt_before","interval",138.502862595106,"Bardwell_1","Ellis","TX",32.269,-96.6961,2012,60,188,140,147,"Ellis_TX",900.2,2179.585,145.75,346,1012.92205,802.067045454545,98.1329545454546,2132.4125,47.1725000000001,176.148409090909,-30.3984090909091,346.818181818182,-0.818181818181813,920.264438636364,210.855004545455
134,"Ellis_TX",145.377298444085,17.3008490978956,44.3438604933179,123.205368197426,118837.532746007,2740.28841259231,FALSE,137.67666085214,"less_than",95.6202735226006,158.170254456457,144.748494974724,157.155056525813,226.595,224.7149,"gauss",-0.0466,106,157.155056525813,"opt_before","interval",145.377298444085,"Bardwell_2","Ellis","TX",32.269,-96.6961,2013,66,232,156,163,"Ellis_TX",676.71,2135.42,80.08,341,804.1745,802.067045454545,-125.357045454545,2132.4125,3.00750000000016,176.148409090909,-96.0684090909091,346.818181818182,-5.81818181818181,920.264438636364,2.10745454545452
135,"Foster_ND",208.013668146442,NA,NA,NA,NA,1055.09618433512,TRUE,0,"in_range",NA,NA,NA,NA,322.7525,321.3188,"exclude",-0.0067,NA,NA,"unclear","interval",NA,"Carrington_REC","Carrington","ND",47.5156,-99.1215,1978,136,254,202,212,"Foster_ND",NA,NA,NA,NA,NA,NA,NA,NA,NA,NA,NA,NA,NA,NA,NA
136,"Foster_ND",228.199490314794,36.3350161984987,93.1303937865489,181.634293421519,178885.42629587,1964.08223701316,FALSE,282.998797350442,"greater_than",212.099470170901,283.827467799001,216.55313498223,227.560187404539,870.2661,868.3378,"gauss",0.0089,216.55313498223,252,"opt_after","interval",228.199490314794,"Carrington_REC","Carrington","ND",47.5156,-99.1215,1982,145,287,210,224,"Foster_ND",755.32,1239.74,74.52,294,881.93865,845.150454545455,-89.8304545454545,1380.51386363636,-140.773863636364,95.2875,-20.7675,287.045454545455,6.95454545454544,963.773259090909,36.7881954545455
137,"Foster_ND",210.024350206904,NA,NA,NA,NA,1976.05261412732,TRUE,0,"in_range",NA,NA,NA,NA,1015.4081,1013.5629,"exclude",0.0052,NA,NA,"unclear","interval",NA,"Carrington_REC","Carrington","ND",47.5156,-99.1215,1991,148,270,208,219,"Foster_ND",879.635,1509.72,16.37,279,999.2165,845.150454545455,34.4845454545455,1380.51386363636,129.206136363636,95.2875,-78.9175,287.045454545455,-8.04545454545456,963.773259090909,154.066045454545
138,"Foster_ND",227.943340147131,11.4232133736845,29.2788739651909,213.303903164536,55761.7722574006,1947.41425690601,FALSE,88.9207920575879,"in_range",222.849773207111,229.91405803895,226.78776421185,228.719654233504,1331.246,1334.7926,"gauss",-0.005,226.78776421185,228.719654233504,"opt_within","interval",227.943340147131,"Carrington_REC","Carrington","ND",47.5156,-99.1215,1993,146,294,223,234,"Foster_ND",662.85,1201.725,93.77,275,821.46325,845.150454545455,-182.300454545454,1380.51386363636,-178.788863636364,95.2875,-1.5175,287.045454545455,-12.0454545454546,963.773259090909,-23.6872045454545
139,"Foster_ND",217.801050052406,14.5943088964616,37.4067188286037,199.097690638104,76621.3071168553,2094.4793758578,FALSE,114.149965559676,"in_range",215.505840553883,239.047056350863,216.329420054007,220.957338505739,1340.0048,1342.0711,"gauss",0.0137,216.329420054007,220.957338505739,"opt_within","interval",217.801050052406,"Carrington_REC","Carrington","ND",47.5156,-99.1215,1994,145,285,207,220,"Foster_ND",821.56,1378.635,25.26,298,956.1609,845.150454545455,-23.5904545454546,1380.51386363636,-1.87886363636358,95.2875,-70.0275,287.045454545455,10.9545454545454,963.773259090909,111.010445454545
140,"Foster_ND",212.543283413554,12.3126478353202,31.558586218708,196.7639903042,72861.6498523463,2360.79136954783,FALSE,97.0546114279467,"in_range",206.829713283341,214.61533212611,211.389723478673,213.340416670741,1350.3712,1352.7628,"gauss",-0.004,211.389723478673,213.340416670741,"opt_within","interval",212.543283413554,"Carrington_REC","Carrington","ND",47.5156,-99.1215,1997,149,273,208,219,"Foster_ND",910.665,1405.69,67.36,294,1015.7865,845.150454545455,65.5145454545454,1380.51386363636,25.1761363636365,95.2875,-27.9275,287.045454545455,6.95454545454544,963.773259090909,170.636045454546
141,"Foster_ND",217.026813524293,15.193771919924,38.9432043810124,197.555211333786,89083.7946423292,2339.06974309784,FALSE,119.69382028403,"in_range",203.652957725782,219.5681509117,215.121299594915,218.243521200814,1460.9956,1461.6836,"gauss",-0.0058,215.121299594915,218.243521200814,"opt_within","interval",217.026813524293,"Carrington_REC","Carrington","ND",47.5156,-99.1215,1998,146,270,214,224,"Foster_ND",821.355,1440.45,27.26,307,940.1423,845.150454545455,-23.7954545454545,1380.51386363636,59.9361363636365,95.2875,-68.0275,287.045454545455,19.9545454545454,963.773259090909,94.9918454545455
142,"Foster_ND",220.802416844418,19.1214547443407,49.0102605262002,196.297286581318,121335.970872018,2531.50450954743,FALSE,151.401056726713,"in_range",217.364772993615,229.408120893716,219.489816268328,222.593644027313,1498.6627,1501.5748,"gauss",0.0028,219.489816268328,222.593644027313,"opt_within","interval",220.802416844418,"Carrington_REC","Carrington","ND",47.5156,-99.1215,1999,152,286,210,227,"Foster_ND",861.295,1352.11,147.78,274,986.13395,845.150454545455,16.1445454545454,1380.51386363636,-28.4038636363637,95.2875,52.4925,287.045454545455,-13.0454545454546,963.773259090909,140.983495454546
143,"Foster_ND",224.001304547362,11.0504676467113,28.3234882252856,209.839560434719,61485.9546575945,2219.75646171506,FALSE,86.7593476279019,"in_range",221.167026683669,226.219368262429,223.131309348481,224.775437922682,1221.4071,1226.6714,"gauss",-0.0015,223.131309348481,224.775437922682,"opt_within","interval",224.001304547362,"Carrington_REC","Carrington","ND",47.5156,-99.1215,2000,154,291,218,229,"Foster_ND",849.97,1341.13,122.33,278,969.21145,845.150454545455,4.8195454545455,1380.51386363636,-39.3838636363635,95.2875,27.0425,287.045454545455,-9.04545454545456,963.773259090909,124.060995454545
144,"Foster_ND",244.164055496376,24.1296109395483,61.8466813511205,213.240714820816,193954.662476616,3206.71209895438,FALSE,193.915635353412,"greater_than",226.546616466569,471.144496344743,228.911676816139,262.979982902468,1474.9886,1473.2448,"gauss",0.0379,228.911676816139,253,"opt_after","interval",244.164055496376,"Carrington_REC","Carrington","ND",47.5156,-99.1215,2001,151,288,215,228,"Foster_ND",874.19,1430.245,180.62,278,997.08505,845.150454545455,29.0395454545455,1380.51386363636,49.7311363636363,95.2875,85.3325,287.045454545455,-9.04545454545456,963.773259090909,151.934595454546
145,"Foster_ND",221.928041784749,NA,NA,NA,NA,2058.44055774839,TRUE,0,"in_range",NA,NA,NA,NA,1457.9623,1456.829,"exclude",-0.0115,NA,NA,"unclear","interval",NA,"Carrington_REC","Carrington","ND",47.5156,-99.1215,2002,149,303.473684210526,215,225,"Foster_ND",887.86,1387.005,86.96,275,999.6137,845.150454545455,42.7095454545455,1380.51386363636,6.49113636363654,95.2875,-8.3275,287.045454545455,-12.0454545454546,963.773259090909,154.463245454545
146,"Foster_ND",220.538762633522,NA,NA,NA,NA,2068.71003772343,TRUE,0,"in_range",NA,NA,NA,NA,985.2853,983.8698,"exclude",-9e-04,NA,NA,"unclear","interval",NA,"Carrington_REC","Carrington","ND",47.5156,-99.1215,2003,148,293,216,224,"Foster_ND",829.34,1378.08,76.75,273,956.34115,845.150454545455,-15.8104545454545,1380.51386363636,-2.43386363636364,95.2875,-18.5375,287.045454545455,-14.0454545454546,963.773259090909,111.190695454545
147,"Foster_ND",218.72992547065,21.444175817752,54.9636341821075,191.248108379596,94062.9872430385,1749.92515221984,FALSE,165.74367929227,"less_than",160.671699598227,225.682572049705,211.78409028771,224.358841024585,1090.5925,1089.2335,"gauss",-0.0172,187,224.358841024585,"opt_before","interval",218.72992547065,"Carrington_REC","Carrington","ND",47.5156,-99.1215,2004,147,301,221,234,"Foster_ND",729.97,1136.095,64.39,278,873.25025,845.150454545455,-115.180454545454,1380.51386363636,-244.418863636364,95.2875,-30.8975,287.045454545455,-9.04545454545456,963.773259090909,28.0997954545455
148,"Foster_ND",219.213438458124,49.6809701007858,127.337450020873,155.544713447688,265561.55822492,2132.48117760751,FALSE,389.038260745588,"in_range",206.202395332835,234.623622365916,214.316044049367,218.350469282722,1486.8258,1484.8316,"gauss",0.0014,214.316044049367,218.350469282722,"opt_within","interval",219.213438458124,"Carrington_REC","Carrington","ND",47.5156,-99.1215,2005,143,298,212,221,"Foster_ND",823.725,1368.42,25.82,297,958.6525,845.150454545455,-21.4254545454545,1380.51386363636,-12.0938636363635,95.2875,-69.4675,287.045454545455,9.95454545454544,963.773259090909,113.502045454546
149,"Foster_ND",210.535178405843,14.689230530491,37.6500127659927,191.710172022847,89821.9615896069,2439.45917468625,FALSE,116.032140068085,"in_range",208.53822329474,226.088097206386,209.330735374474,213.082128114143,1538.1962,1538.5678,"gauss",0.0111,209.330735374474,213.082128114143,"opt_within","interval",210.535178405843,"Carrington_REC","Carrington","ND",47.5156,-99.1215,2006,152,296,202,214,"Foster_ND",900.145,1457.31,68.09,284,1001.92735,845.150454545455,54.9945454545455,1380.51386363636,76.7961363636364,95.2875,-27.1975,287.045454545455,-3.04545454545456,963.773259090909,156.776895454546
150,"Foster_ND",219.396453245704,15.4350804063435,39.5617029181126,199.615601786648,99683.8095378603,2576.47419055826,FALSE,122.350073889265,"in_range",217.483973904496,224.510504314496,218.517650249185,220.693950078348,1361.2077,1362.6346,"gauss",0.0045,218.517650249185,220.693950078348,"opt_within","interval",219.396453245704,"Carrington_REC","Carrington","ND",47.5156,-99.1215,2007,154,318.56,210,224,"Foster_ND",921.22,1415.69,116.13,301,1027.97455,845.150454545455,76.0695454545455,1380.51386363636,35.1761363636365,95.2875,20.8425,287.045454545455,13.9545454545454,963.773259090909,182.824095454545
151,"Foster_ND",224.911615833315,13.7653047062554,35.2818955930002,207.270668036815,66955.5311858871,1940.48681571488,FALSE,107.126933556824,"in_range",222.663407911497,238.69133958678,223.629680886556,227.551362196342,1169.3025,1174.1432,"gauss",0.0138,223.629680886556,227.551362196342,"opt_within","interval",224.911615833315,"Carrington_REC","Carrington","ND",47.5156,-99.1215,2008,141,302,216,231,"Foster_ND",735.955,1280.855,127.85,301,862.7942,845.150454545455,-109.195454545454,1380.51386363636,-99.6588636363635,95.2875,32.5625,287.045454545455,13.9545454545454,963.773259090909,17.6437454545455
152,"Foster_ND",225.629990215277,4.98231503226193,12.7701872592633,219.244896585646,16048.0778067396,1284.99637514366,FALSE,37.7040091131751,"in_range",223.03245135494,226.42301267606,224.917062284536,226.059830091908,1063.261,1065.8554,"gauss",-0.0307,224.917062284536,226.059830091908,"opt_within","interval",225.629990215277,"Carrington_REC","Carrington","ND",47.5156,-99.1215,2009,147,320,222,230,"Foster_ND",727.135,1228.035,121.55,282,861.0314,845.150454545455,-118.015454545455,1380.51386363636,-152.478863636363,95.2875,26.2625,287.045454545455,-5.04545454545456,963.773259090909,15.8809454545454
153,"Foster_ND",211.235418637433,4.19624200553836,10.7554010232034,205.857718125831,12494.7679692357,1187.89412530419,FALSE,31.5805892062298,"in_range",209.409330919188,211.890060099396,210.65320397266,211.596111408132,1091.6056,1097.3235,"gauss",-0.05,210.65320397266,211.596111408132,"opt_within","interval",211.235418637433,"Carrington_REC","Carrington","ND",47.5156,-99.1215,2010,140,294,208,216,"Foster_ND",830.875,1381.645,125.85,301,959.687,845.150454545455,-14.2754545454545,1380.51386363636,1.13113636363641,95.2875,30.5625,287.045454545455,13.9545454545454,963.773259090909,114.536545454545
154,"Foster_ND",215.687820225762,19.4106230576068,49.7514287353442,190.812105858089,110589.617127014,2272.92415675872,FALSE,152.630432520171,"less_than",162.215578313691,221.78459437827,209.581018630055,220.650553710882,794.2213,792.6064,"gauss",-0.0186,198,220.650553710882,"opt_before","interval",215.687820225762,"Carrington_REC","Carrington","ND",47.5156,-99.1215,2012,158,286,217,229,"Foster_ND",930.595,1430.32,88.29,279,1040.09345,845.150454545455,85.4445454545455,1380.51386363636,49.8061363636364,95.2875,-6.99749999999999,287.045454545455,-8.04545454545456,963.773259090909,194.942995454546
155,"Foster_ND",232.2048913214,21.9527736331751,56.2672228352836,204.071279903758,93016.9661466763,1690.3741281466,FALSE,169.280855627727,"greater_than",222.593180367733,258.391851742865,225.55968375013,231.330387616829,625.8539,623.9198,"gauss",0.0137,225.55968375013,263,"opt_after","interval",232.2048913214,"Carrington_REC","Carrington","ND",47.5156,-99.1215,2013,157,298,221,230,"Foster_ND",878.4,1423.505,68.45,294,1002.9776,845.150454545455,33.2495454545455,1380.51386363636,42.9911363636365,95.2875,-26.8375,287.045454545455,6.95454545454544,963.773259090909,157.827145454546
156,"Foster_ND",223.459470225448,13.0508528272789,33.4506817449829,206.734129352957,71456.0398224917,2184.28909225422,FALSE,102.357602909181,"in_range",210.742282537248,228.700000008112,221.7926483036,224.907419865671,488.5508,487.2631,"gauss",-0.0043,221.7926483036,224.907419865671,"opt_within","interval",223.459470225448,"Carrington_REC","Carrington","ND",47.5156,-99.1215,2014,154,300,220,229,"Foster_ND",844.24,1371.925,110.83,303,976.877,845.150454545455,-0.910454545454513,1380.51386363636,-8.58886363636361,95.2875,15.5425,287.045454545455,15.9545454545454,963.773259090909,131.726545454545
157,"Foster_ND",221.518480339771,14.9158324447833,38.230816842026,202.403071918758,63832.7710598752,1707.28595572788,FALSE,115.095034158917,"in_range",215.661391518885,237.253080890569,219.512455765451,222.785124235145,688.7182,686.8532,"gauss",0.0066,219.512455765451,222.785124235145,"opt_within","interval",221.518480339771,"Carrington_REC","Carrington","ND",47.5156,-99.1215,2015,154,307,216,224,"Foster_ND",907.775,1403.065,59.24,317,1019.0804,845.150454545455,62.6245454545455,1380.51386363636,22.5511363636365,95.2875,-36.0475,287.045454545455,29.9545454545454,963.773259090909,173.929945454546
158,"Foster_ND",225.100327672614,17.6841210440593,45.326226018589,202.437214663319,84537.1695568917,1907.10361672394,FALSE,137.466861192384,"greater_than",216.272870253241,337.414886171137,218.050230336974,235.183676894455,560.2768,559.1284,"gauss",0.0331,218.050230336974,279,"opt_after","interval",225.100327672614,"Carrington_REC","Carrington","ND",47.5156,-99.1215,2016,148,314,205,220,"Foster_ND",878.5,1452.5,162.67,287,999.7748,845.150454545455,33.3495454545455,1380.51386363636,71.9861363636364,95.2875,67.3825,287.045454545455,-0.045454545454561,963.773259090909,154.624345454546
159,"Foster_ND",216.754166701971,28.9382987956883,74.1718442516237,179.668244576159,153582.661219461,2117.2846935336,FALSE,226.502262551161,"in_range",203.642409848829,239.434463725494,213.443669641112,219.395918109242,784.4183,782.4992,"gauss",0.0016,213.443669641112,219.395918109242,"opt_within","interval",216.754166701971,"Carrington_REC","Carrington","ND",47.5156,-99.1215,2017,145,306,209,223,"Foster_ND",836.085,1372.32,97.82,300,958.13395,845.150454545455,-9.06545454545449,1380.51386363636,-8.19386363636363,95.2875,2.5325,287.045454545455,12.9545454545454,963.773259090909,112.983495454546
160,"Foster_ND",216.022485090855,9.07387280717944,23.2572718031868,204.393849189261,34712.8221303155,1526.18542425239,FALSE,69.4872734544791,"in_range",211.957050475455,219.1844958253,214.649519287568,217.259122692721,670.8849,685.8423,"gauss",0.008,214.649519287568,217.259122692721,"opt_within","interval",216.022485090855,"Carrington_REC","Carrington","ND",47.5156,-99.1215,2018,156,292,206,221,"Foster_ND",938.615,1504.81,26.62,277,1042.0043,845.150454545455,93.4645454545455,1380.51386363636,124.296136363636,95.2875,-68.6675,287.045454545455,-10.0454545454546,963.773259090909,196.853845454546
161,"Foster_ND",189.947890324766,61.808768335485,158.422247649449,110.736766500042,295330.365345153,1906.19830479524,FALSE,480.453073895108,"less_than",159.662713120302,225.293389896135,203.824068371609,215.720553527046,626.2523,624.2619,"gauss",-0.0065,193,215.720553527046,"opt_before","interval",189.947890324766,"Carrington_REC","Carrington","ND",47.5156,-99.1215,2020,153,280,206,221,"Foster_ND",935.49,1448.635,131.26,292,1039.92735,845.150454545455,90.3395454545455,1380.51386363636,68.1211363636364,95.2875,35.9725,287.045454545455,4.95454545454544,963.773259090909,194.776895454545
162,"Foster_ND",232.445262670055,21.9533101856233,56.2685980745434,204.310963632783,81330.0615083288,1477.95480175785,FALSE,167.74874131766,"greater_than",213.231115833892,305.592957858954,214.537666662142,227.775750614628,623.4453,621.5375,"gauss",0.0407,214.537666662142,257,"opt_after","interval",232.445262670055,"Carrington_REC","Carrington","ND",47.5156,-99.1215,2021,146,292,206,217,"Foster_ND",916.055,1495.79,73.32,294,1012.6418,845.150454545455,70.9045454545454,1380.51386363636,115.276136363636,95.2875,-21.9675,287.045454545455,6.95454545454544,963.773259090909,167.491345454545
163,"Foster_ND",219.295121093947,NA,NA,NA,NA,1942.79644974215,TRUE,0,"in_range",NA,NA,NA,NA,613.0956,611.8912,"exclude",0.0246,NA,NA,"unclear","interval",NA,"Carrington_REC","Carrington","ND",47.5156,-99.1215,2022,157,292,217,226,"Foster_ND",930.34,1449.585,42.49,280,1041.61845,845.150454545455,85.1895454545455,1380.51386363636,69.0711363636365,95.2875,-52.7975,287.045454545455,-7.04545454545456,963.773259090909,196.467995454545
164,"Foster_ND",216.021473073089,7.2336482164261,18.5405863927195,206.751179876729,47390.5225485974,2613.63043505797,FALSE,57.3915862687966,"in_range",213.910659627436,221.937673517622,215.371763071234,216.868540335778,735.5918,733.8775,"gauss",0.0067,215.371763071234,216.868540335778,"opt_within","interval",216.021473073089,"Carrington_REC","Carrington","ND",47.5156,-99.1215,2023,150,319,214,219,"Foster_ND",913.445,1519.705,81.6,299,1026.93065,845.150454545455,68.2945454545455,1380.51386363636,139.191136363636,95.2875,-13.6875,287.045454545455,11.9545454545454,963.773259090909,181.780195454545
165,"Greeley_KS",214.131247279081,7.29437197250219,18.6962276420497,204.783133458056,21416.3008942873,1171.29589068645,FALSE,54.8422922287535,"in_range",212.213418497118,225.542879027351,213.00711742108,216.219370427527,445.7308,450.827,"gauss",0.0368,213.00711742108,216.219370427527,"opt_within","interval",214.131247279081,"Tribune_SREC","GRDO","KS",38.4721,-101.7724,1994,144,259,206,218,"Greeley_KS",951.51,1641.99,128.27,309,1041.7921,971.57125,-20.06125,1598.56028409091,43.4297159090909,115.626477272727,12.6435227272727,299.931818181818,9.06818181818181,1064.09991477273,70.2208499999999
166,"Greeley_KS",220.177030283014,19.6716216079788,50.4203949370124,194.966832814508,45839.3209136655,929.625609000818,FALSE,145.461307468897,"in_range",207.667947256166,243.701751830903,214.904836251104,220.373084323961,468.1608,466.2527,"gauss",0.0109,214.904836251104,220.373084323961,"opt_within","interval",220.177030283014,"Greeley_Val_Reiss","Greeley","KS",38.8667,-101.9643,1996,155,285,211,221,"Greeley_KS",967.64,1577.275,162.02,292,1060.0432,971.57125,-3.93124999999998,1598.56028409091,-21.285284090909,115.626477272727,46.3935227272727,299.931818181818,-7.93181818181819,1064.09991477273,88.4719500000001
167,"Greeley_KS",209.317969526743,18.1950121197028,46.6356925342162,186.000123259635,98879.0212120266,2168.01296677743,FALSE,142.633728702379,"in_range",196.584548774787,219.826639713039,207.215069056964,211.380435127736,540.0983,538.4412,"gauss",-0.001,207.215069056964,211.380435127736,"opt_within","interval",209.317969526743,"Tribune_SREC","GRDO","KS",38.4721,-101.7724,1998,149,281.699570815451,204,217,"Greeley_KS",922.79,1583.395,183.77,314,1016.6932,971.57125,-48.78125,1598.56028409091,-15.1652840909092,115.626477272727,68.1435227272727,299.931818181818,14.0681818181818,1064.09991477273,45.1219500000001
168,"Greeley_KS",211.298126938131,9.83926350650104,25.2190471011245,198.688603387569,59765.1941841242,2423.23654008203,FALSE,77.6883689739202,"in_range",199.427370868568,212.986460053655,209.420352689663,212.259111293727,611.6406,610.9294,"gauss",-0.017,209.420352689663,212.259111293727,"opt_within","interval",211.298126938131,"Tribune_SREC","GRDO","KS",38.4721,-101.7724,1999,153,281.699570815451,209,218,"Greeley_KS",973.225,1596.915,120.59,306,1069.4043,971.57125,1.65375000000006,1598.56028409091,-1.64528409090917,115.626477272727,4.96352272727273,299.931818181818,6.06818181818181,1064.09991477273,97.83305
169,"Greeley_KS",205.699717456093,NA,NA,NA,NA,104.858269301377,TRUE,0,"in_range",180.486127389175,208.506564400584,198.127161654847,202.476480775081,324.1759,322.6245,"linear",-0.0767,184,198,"opt_before","interval",NA,"Tribune_SREC","GRDO","KS",38.4721,-101.7724,2001,144,253,198,206,"Greeley_KS",969.86,1641.015,123.35,298,1066.3882,971.57125,-1.71124999999995,1598.56028409091,42.454715909091,115.626477272727,7.72352272727272,299.931818181818,-1.93181818181819,1064.09991477273,94.8169500000001
170,"Greeley_KS",204.351653388057,NA,NA,NA,NA,921.398189361308,TRUE,0,"in_range",NA,NA,NA,NA,339.2602,338.8696,"linear",0.0746,210,238,"opt_after","interval",NA,"Tribune_SREC","GRDO","KS",38.4721,-101.7724,2002,142,273,204,210,"Greeley_KS",988.395,1680.305,0,297,1078.68015,971.57125,16.82375,1598.56028409091,81.7447159090909,115.626477272727,-115.626477272727,299.931818181818,-2.93181818181819,1064.09991477273,107.1089
171,"Greeley_KS",226.50919057353,NA,NA,NA,NA,1135.20036284236,TRUE,0,"in_range",NA,NA,NA,NA,226.8182,225.6992,"exclude",0.0019,NA,NA,"unclear","interval",NA,"Tribune_SREC","GRDO","KS",38.4721,-101.7724,2003,169,290,223,230,"Greeley_KS",1034.07,1619.815,82.79,299,1121.97405,971.57125,62.49875,1598.56028409091,21.2547159090909,115.626477272727,-32.8364772727273,299.931818181818,-0.931818181818187,1064.09991477273,150.4028
172,"Greeley_KS",205.323733891956,14.6077039974156,37.4410518538,186.603207965056,51710.6998382403,1412.24004253314,FALSE,111.271455384565,"greater_than",195.443268249607,235.808064078275,197.895623589168,203.685409847385,305.9903,304.0326,"gauss",0.0353,197.895623589168,265,"opt_after","interval",205.323733891956,"Tribune_SREC","GRDO","KS",38.4721,-101.7724,2004,138,300,194,201,"Greeley_KS",858.65,1518.525,157.66,307,964.9779,971.57125,-112.92125,1598.56028409091,-80.035284090909,115.626477272727,42.0335227272727,299.931818181818,7.06818181818181,1064.09991477273,-6.59334999999999
173,"Greeley_KS",214.360694153559,NA,NA,NA,NA,2284.4487391617,TRUE,0,"in_range",NA,NA,NA,NA,451.7472,450.329,"exclude",0.0017,NA,NA,"unclear","interval",NA,"Tribune_SREC","GRDO","KS",38.4721,-101.7724,2005,158,291,211,218,"Greeley_KS",974.93,1605.705,99.78,297,1069.1671,971.57125,3.35874999999999,1598.56028409091,7.14471590909079,115.626477272727,-15.8464772727273,299.931818181818,-2.93181818181819,1064.09991477273,97.5958499999999
174,"Greeley_KS",224.169352190623,6.48344190989228,16.6177302594799,215.860487060883,16713.2457612265,1028.40751402738,FALSE,48.2945204716972,"in_range",220.018783603973,231.939186181356,223.203971791948,225.307115053808,501.7526,501.6419,"gauss",0.0054,223.203971791948,225.307115053808,"opt_within","interval",224.169352190623,"Tribune_SREC","GRDO","KS",38.4721,-101.7724,2007,172,306,221,227,"Greeley_KS",1037.72,1650.78,78.18,307,1125.8221,971.57125,66.1487500000001,1598.56028409091,52.2197159090908,115.626477272727,-37.4464772727273,299.931818181818,7.06818181818181,1064.09991477273,154.25085
175,"Hand_SD",207.939645076285,NA,NA,NA,NA,2355.93869060775,TRUE,0,"in_range",NA,NA,NA,NA,994.5924,992.873,"exclude",0.0073,NA,NA,"unclear","interval",NA,"Miller_1","Miller","SD",44.5183,-98.9884,1999,146,286.243093922652,205,217,"Hand_SD",925.245,1508.84,99.13,275,1038.98065,939.686420454545,-14.4414204545454,1526.59926136364,-17.7592613636364,105.295681818182,-6.16568181818182,291.068181818182,-16.0681818181818,1041.49831306818,99.2942295454545
176,"Hand_SD",222.512213640011,13.098518499476,33.5728537786367,205.725786750693,90817.3214969117,2766.02803129052,FALSE,104.296900023956,"in_range",219.556955382946,242.0494975692,220.890829751267,224.556509882819,638.1748,637.1068,"gauss",0.0102,220.890829751267,224.556509882819,"opt_within","interval",222.512213640011,"Miller_2","Miller","SD",44.5183,-98.9884,2001,159,285,217,225,"Hand_SD",1004.825,1581.785,63.78,279,1103.7993,939.686420454545,65.1385795454546,1526.59926136364,55.1857386363638,105.295681818182,-41.5156818181818,291.068181818182,-12.0681818181818,1041.49831306818,164.112879545454
177,"Hand_SD",223.692170488353,28.7824422068764,73.7723677408388,186.805986617934,137555.553707648,1906.60423752716,FALSE,223.735371737693,"greater_than",213.277178235396,238.029339992584,218.565400525625,222.177756846737,691.3674,689.3921,"gauss",0.0052,218.565400525625,233,"opt_after","interval",223.692170488353,"St_Lawrence_1","Miller","SD",44.5178,-98.9379,2003,149,268,216,223,"Hand_SD",904.95,1504.535,39.49,299,1010.06565,939.686420454545,-34.7364204545454,1526.59926136364,-22.0642613636362,105.295681818182,-65.8056818181818,291.068181818182,7.93181818181819,1041.49831306818,70.3792295454546
178,"Hand_SD",230.179293510087,15.7570107291162,40.3868435364038,209.985871741885,109888.547617156,2782.20206421403,FALSE,125.511275901342,"greater_than",219.615481234324,393.216989078674,221.361533558925,244.154248998996,1240.6418,1238.9499,"gauss",0.0552,221.361533558925,263,"opt_after","interval",230.179293510087,"St_Lawrence_Bertsch_2","Miller","SD",44.5178,-98.9379,2007,157,298,210,221,"Hand_SD",1015.535,1620.175,159.26,307,1109.8132,939.686420454545,75.8485795454545,1526.59926136364,93.5757386363637,105.295681818182,53.9643181818182,291.068181818182,15.9318181818182,1041.49831306818,170.126779545455
179,"Harvey_KS",210.32337424446,21.9662573127758,56.3017828966867,182.172482796117,93611.8639503427,1700.14080893326,FALSE,169.450463701901,"greater_than",197.292242587978,224.505773633084,205.846857515601,209.728515475781,109.5372,107.5563,"gauss",0.0065,205.846857515601,240.511111111111,"opt_after","interval",210.32337424446,"Hesston_HVEF","HVDO","KS",38.1324,-97.4417,2000,153,275.511111111111,204,210,"Harvey_KS",1108.46,1922.855,140.87,282,1199.8271,1123.84761363636,-15.3876136363635,1861.40545454545,61.4495454545454,147.977045454545,-7.10704545454544,314.590909090909,-32.5909090909091,1212.04665681818,75.9794863636364
180,"Harvey_KS",188.616007919699,NA,NA,NA,NA,1147.5502548314,TRUE,0,"in_range",NA,NA,NA,NA,151.5653,155.4535,"exclude",0.014,NA,NA,"unclear","interval",NA,"Hesston_HVEF","HVDO","KS",38.1324,-97.4417,2001,130,257,186,192,"Harvey_KS",1024.75,1895.495,93.85,324,1125.6604,1123.84761363636,-99.0976136363636,1861.40545454545,34.0895454545453,147.977045454545,-54.1270454545455,314.590909090909,9.40909090909093,1212.04665681818,1.81278636363641
181,"Harvey_KS",219.449376790297,NA,NA,NA,NA,844.671992400803,TRUE,0,"in_range",NA,NA,NA,NA,96.588,95.2714,"exclude",0.0881,NA,NA,"unclear","interval",NA,"Hesston_HVEF","HVDO","KS",38.1324,-97.4417,2003,168,294,219,223,"Harvey_KS",1162.99,1805.915,148.91,311,1249.64905,1123.84761363636,39.1423863636364,1861.40545454545,-55.4904545454547,147.977045454545,0.93295454545455,314.590909090909,-3.59090909090907,1212.04665681818,125.801436363636
182,"Harvey_KS",234.657741243994,4.17104270214893,10.6908126097847,229.312334939101,22019.7664257746,2106.09587556597,FALSE,32.6357717482065,"in_range",233.096751434557,254.278871686936,233.527722014041,236.444809364154,109.508,107.9003,"gauss",0.094,233.527722014041,236.444809364154,"opt_within","interval",234.657741243994,"Hesston_HVEF","HVDO","KS",38.1324,-97.4417,2004,180,278,231,235,"Harvey_KS",1041.96,1781.585,112.61,335,1139.5432,1123.84761363636,-81.8876136363635,1861.40545454545,-79.8204545454546,147.977045454545,-35.3670454545454,314.590909090909,20.4090909090909,1212.04665681818,15.6955863636365
183,"Harvey_KS",225.952088091664,5.46705744666939,14.0126320594028,218.945772061963,27314.6218851687,1993.20340959847,FALSE,42.62201120077,"in_range",223.74975334868,241.564453711376,224.469716275082,227.355229588792,132.4346,130.8025,"gauss",0.0588,224.469716275082,227.355229588792,"opt_within","interval",225.952088091664,"Hesston_HVEF","HVDO","KS",38.1324,-97.4417,2005,173,280,222,226,"Harvey_KS",1141.34,1886.035,182.67,320,1231.0671,1123.84761363636,17.4923863636363,1861.40545454545,24.6295454545455,147.977045454545,34.6929545454545,314.590909090909,5.40909090909093,1212.04665681818,107.219486363636
184,"Harvey_KS",230.471526835137,NA,NA,NA,NA,1710.68618775788,TRUE,0,"in_range",NA,NA,NA,NA,148.3635,147.983,"exclude",0.0109,NA,NA,"unclear","interval",NA,"Hesston_HVEF","HVDO","KS",38.1324,-97.4417,2006,178,279,228,233,"Harvey_KS",1135.395,1853.605,157.99,306,1223.6221,1123.84761363636,11.5473863636364,1861.40545454545,-7.80045454545461,147.977045454545,10.0129545454546,314.590909090909,-8.59090909090907,1212.04665681818,99.7744863636365
185,"Labette_KS",233.57904284457,4.01114526496118,10.2809789878756,228.438553350632,18783.8660045376,1868.21414922696,FALSE,31.1379360463666,"in_range",232.778337782966,235.983666520765,233.205685627682,234.149581219015,234.4573,235.9235,"gauss",0.0302,233.205685627682,234.149581219015,"opt_within","interval",233.57904284457,"Parsons_SARC","LBDO","KS",37.3497,-95.2841,2009,182,293,230,236,"Labette_KS",1066.86,1825.235,390.92,337,1163.57625,1122.24238636364,-55.3823863636364,1900.05454545455,-74.8195454545455,181.278863636364,209.641136363636,320.318181818182,16.6818181818182,1211.3242875,41.3338636363637
186,"Labette_KS",228.489466140233,6.01672645898644,15.4214904259354,220.778720927266,15525.875260811,1029.45150057898,FALSE,44.821281121936,"in_range",221.795947662647,237.997449457828,227.226205235893,229.758689904159,182.9986,181.917,"gauss",0.0089,227.226205235893,229.758689904159,"opt_within","interval",228.489466140233,"Parsons_SARC","LBDO","KS",37.3497,-95.2841,2010,174,271,226,231,"Labette_KS",1202.455,1968.58,166.25,329,1290.37905,1122.24238636364,80.2126136363636,1900.05454545455,68.5254545454545,181.278863636364,-15.0288636363636,320.318181818182,8.68181818181819,1211.3242875,168.136663636364
187,"Labette_KS",231.828846496826,3.23995015018817,8.30432637452026,227.676683309565,5673.24844922907,698.559721200613,FALSE,23.4515473156511,"in_range",229.354202935671,241.786502010737,230.975695598322,233.038357301941,184.1556,185.4833,"gauss",0.0753,230.975695598322,233.038357301941,"opt_within","interval",231.828846496826,"Parsons_SARC","LBDO","KS",37.3497,-95.2841,2013,179,351,228,233,"Labette_KS",1125.39,1867.565,213.73,316,1215.1621,1122.24238636364,3.14761363636376,1900.05454545455,-32.4895454545454,181.278863636364,32.4511363636364,320.318181818182,-4.31818181818181,1211.3242875,92.9197136363637
188,"Labette_KS",252.887478697113,NA,NA,NA,NA,743.991329532611,TRUE,0,"in_range",NA,NA,NA,NA,141.7923,140.2122,"exclude",-0.045,NA,NA,"unclear","interval",NA,"Parsons_SARC","LBDO","KS",37.3497,-95.2841,2016,203,337,247,254,"Labette_KS",1113.665,1921.575,343.52,336,1208.51625,1122.24238636364,-8.57738636363638,1900.05454545455,21.5204545454546,181.278863636364,162.241136363636,320.318181818182,15.6818181818182,1211.3242875,86.2738636363636
189,"Labette_KS",245.018946515944,4.19049052107103,10.7406593753568,239.648616828265,14515.4953873773,1381.90142702325,FALSE,31.8724547725266,"in_range",241.288861985511,248.841853276331,244.301335775943,245.743785906454,133.619,132.2183,"gauss",0.0039,244.301335775943,245.743785906454,"opt_within","interval",245.018946515944,"Parsons_SARC","LBDO","KS",37.3497,-95.2841,2020,161,310.481481481481,243,247,"Labette_KS",1160.615,1863.01,135.63,335,1247.28405,1122.24238636364,38.3726136363637,1900.05454545455,-37.0445454545454,181.278863636364,-45.6488636363636,320.318181818182,14.6818181818182,1211.3242875,125.041663636364
190,"Perkins_NE",250.484284549799,52.4565658556553,134.451588190817,183.258490454391,114297.875610177,869.257344570283,FALSE,385.978797064773,"greater_than",218.116742410475,257.961546275415,222.862067951585,228.537583574375,168.828,166.8288,"gauss",0.0099,222.862067951585,NA,"opt_after","interval",250.484284549799,"Grant_4","Perkins","NE",40.842,-101.7251,2016,163,NA,219,228,"Perkins_NE",1005.115,1559.305,82.99,317,1101.45125,960.348522727273,44.7664772727272,1550.70477272727,8.60022727272735,89.8261363636364,-6.83613636363637,295.409090909091,21.5909090909091,1054.47027272727,141.102727272727
191,"Perkins_NE",226.222839965986,11.8666695227745,30.415497809424,211.015091061274,19311.4263245791,649.225500124181,FALSE,85.4121960385477,"in_range",214.844265770883,231.441141674053,225.621934489935,228.256771001964,233.026,231.1669,"gauss",-0.0112,225.621934489935,228.256771001964,"opt_within","interval",226.222839965986,"Grant_5","Perkins","NE",40.842,-101.7251,2017,164,NA,225,230,"Perkins_NE",949.62,1517.56,124.12,300,1044.8432,960.348522727273,-10.7285227272728,1550.70477272727,-33.1447727272728,89.8261363636364,34.2938636363636,295.409090909091,4.59090909090907,1054.47027272727,84.4946772727272
192,"Reno_KS",241.304935725134,8.04565250364284,20.6218371237426,230.994017163263,16994.2681919401,842.657833305232,FALSE,59.0643443697959,"in_range",237.491093809444,262.148052417792,238.956188836855,242.537569241981,240.8179,239.9931,"gauss",0.0377,238.956188836855,242.537569241981,"opt_within","interval",241.304935725134,"Hutchinson_SCKEF","RNDO","KS",37.9302,-98.0273,1996,182,275,236,242,"Reno_KS",1121.285,1870.965,210.25,322,1212.90015,1125.73267045455,-4.44767045454546,1867.01153409091,3.95346590909094,150.722840909091,59.5271590909091,315.25,6.75,1213.96790284091,87.1674795454544
193,"Reno_KS",231.660777340472,NA,NA,NA,NA,1598.50708965598,TRUE,0,"in_range",216.261394176054,243.11375928021,228.879702707608,232.758498997273,334.0039,332.0578,"exclude",-0.0025,NA,NA,"unclear","interval",NA,"Hutchinson_SCKEF","RNDO","KS",37.9302,-98.0273,1998,180,299,228,234,"Reno_KS",1170.66,1931.56,13.89,342,1257.52405,1125.73267045455,44.9273295454545,1867.01153409091,64.548465909091,150.722840909091,-136.832840909091,315.25,26.75,1213.96790284091,131.791379545454
194,"Reno_KS",206.796512262783,9.42843074538828,24.1660403647624,194.713492080402,37926.0194076325,1604.75195476522,FALSE,72.449251941843,"in_range",187.781691896913,209.509636051321,204.42355920071,208.315277457147,395.505,394.3127,"gauss",-0.0206,204.42355920071,208.315277457147,"opt_within","interval",206.796512262783,"Hutchinson_SCKEF","RNDO","KS",37.9302,-98.0273,1999,153,285,205,213,"Reno_KS",1123.795,1870.805,217.61,329,1217.85125,1125.73267045455,-1.93767045454547,1867.01153409091,3.79346590909108,150.722840909091,66.8871590909091,315.25,13.75,1213.96790284091,92.1185795454544
195,"Reno_KS",197.950574876979,5.3923459188184,13.8211387084395,191.040005522759,25496.5344652376,1886.3117750661,FALSE,41.8867733517298,"in_range",184.917049171455,199.346165859856,195.710538347446,198.878672422639,291.0654,291.4215,"gauss",-0.0747,195.710538347446,198.878672422639,"opt_within","interval",197.950574876979,"Hutchinson_SCKEF","RNDO","KS",37.9302,-98.0273,2000,146,285,197,204,"Reno_KS",1080,1907.565,187.13,282,1169.46405,1125.73267045455,-45.7326704545455,1867.01153409091,40.5534659090911,150.722840909091,36.4071590909091,315.25,-33.25,1213.96790284091,43.7313795454545
196,"Reno_KS",188.159787392645,NA,NA,NA,NA,583.036502982257,TRUE,0,"in_range",177.906064259581,191.414472043685,185.768196279266,187.69319775515,203.1022,201.2212,"exclude",-0.0178,NA,NA,"unclear","interval",NA,"Hutchinson_SCKEF","RNDO","KS",37.9302,-98.0273,2001,130,306,185,190,"Reno_KS",1029.475,1904.74,79.2,324,1128.2643,1125.73267045455,-96.2576704545456,1867.01153409091,37.728465909091,150.722840909091,-71.5228409090909,315.25,8.75,1213.96790284091,2.53162954545451
197,"Reno_KS",204.268022684481,NA,NA,NA,NA,355.097349415211,TRUE,0,"in_range",NA,NA,NA,NA,209.6821,208.8703,"exclude",0.004,NA,NA,"unclear","interval",NA,"Hutchinson_SCKEF","RNDO","KS",37.9302,-98.0273,2002,150,271,202,206,"Reno_KS",1141.08,1879.91,139.09,329,1229.8771,1125.73267045455,15.3473295454544,1867.01153409091,12.8984659090911,150.722840909091,-11.6328409090909,315.25,13.75,1213.96790284091,104.144429545454
198,"Reno_KS",210.431480794479,NA,NA,NA,NA,464.229064164151,TRUE,0,"in_range",206.0137101772,235.169906613781,211.657579815023,215.698358056682,202.1355,200.6978,"exclude",0.0316,NA,NA,"unclear","interval",NA,"Hutchinson_SCKEF","RNDO","KS",37.9302,-98.0273,2003,160,290,209,215,"Reno_KS",1137.835,1809.605,125.63,311,1224.49405,1125.73267045455,12.1023295454545,1867.01153409091,-57.406534090909,150.722840909091,-25.0928409090909,315.25,-4.25,1213.96790284091,98.7613795454545
199,"Reno_KS",203.408271404916,NA,NA,NA,NA,2130.35518251375,TRUE,0,"in_range",192.707681498349,214.957554292434,201.967694507446,204.995647039615,156.9099,154.94,"exclude",1e-04,NA,NA,"unclear","interval",NA,"Hutchinson_SCKEF","RNDO","KS",37.9302,-98.0273,2004,149,278,201,206,"Reno_KS",1050.155,1793.805,235.51,335,1147.6282,1125.73267045455,-75.5776704545456,1867.01153409091,-73.2065340909089,150.722840909091,84.7871590909091,315.25,19.75,1213.96790284091,21.8955295454546
200,"Reno_KS",219.002733904477,NA,NA,NA,NA,267.553446320664,TRUE,0,"greater_than",203.4712116347,220.991336776382,214.10263926076,216.611851721614,137.4135,135.5574,"exclude",-0.0765,NA,NA,"unclear","interval",NA,"Hutchinson_SCKEF","RNDO","KS",37.9302,-98.0273,2007,158,296,214,218,"Reno_KS",1140.395,1906.12,46.67,326,1232.51515,1125.73267045455,14.6623295454544,1867.01153409091,39.1084659090909,150.722840909091,-104.052840909091,315.25,10.75,1213.96790284091,106.782479545454
201,"Reno_KS",211.825548649957,5.24983849105119,13.4558774741259,205.097609912894,22123.630495826,1681.2044057752,FALSE,40.4674107123857,"in_range",204.4200423869,213.550812134252,210.893847101716,212.502155578069,394.8127,393.1131,"gauss",-0.0205,210.893847101716,212.502155578069,"opt_within","interval",211.825548649957,"Hutchinson_SCKEF","RNDO","KS",37.9302,-98.0273,2009,156,275,210,215,"Reno_KS",1108.735,1796.11,124,322,1197.0771,1125.73267045455,-16.9976704545456,1867.01153409091,-70.9015340909091,150.722840909091,-26.7228409090909,315.25,6.75,1213.96790284091,71.3444295454544
202,"Reno_KS",204.829019942084,NA,NA,NA,NA,865.467217360446,TRUE,0,"less_than",203.879299650487,233.718402505519,208.013753578681,212.028799283261,286.5634,284.5868,"exclude",0.027,NA,NA,"unclear","interval",NA,"Hutchinson_SCKEF","RNDO","KS",37.9302,-98.0273,2010,155,280,206,211,"Reno_KS",1196.55,1900.865,163.29,322,1283.38405,1125.73267045455,70.8173295454544,1867.01153409091,33.853465909091,150.722840909091,12.5671590909091,315.25,6.75,1213.96790284091,157.651379545454
203,"Republic_KS",215.215604498615,NA,NA,NA,NA,1135.90977030652,TRUE,0,"less_than",246.549503249597,313.910167358466,248.624626529374,258.109494320449,420.2487,418.2582,"linear",0.0196,252,274,"opt_after","interval",NA,"Belleville_NCKEF","RPDO","KS",39.832,-97.8432,1987,191,309,244,252,"Republic_KS",1047.38,1818.14,70.26,294,1146.58125,1075.65556818182,-28.275568181818,1762.25625,55.8837500000002,152.87,-82.61,308.318181818182,-14.3181818181818,1166.54538409091,70.9256818181818
204,"Republic_KS",172.1274748599,NA,NA,NA,NA,130.477191599118,TRUE,0,"less_than",247.772686300559,717.143013639164,251.962928877743,317.846781755111,339.5157,337.5787,"linear",0.0673,248,264,"opt_after","interval",NA,"Belleville_NCKEF","RPDO","KS",39.832,-97.8432,1988,190,299,232,248,"Republic_KS",1058.965,1833.3,72.05,302,1151.8921,1075.65556818182,-16.6905681818182,1762.25625,71.04375,152.87,-80.82,308.318181818182,-6.31818181818181,1166.54538409091,76.2365318181819
205,"Republic_KS",234.991907371758,NA,NA,NA,NA,1299.00047312298,TRUE,0,"less_than",246.862798205794,345.136258885158,247.930774267609,261.343858590347,435.3346,433.3993,"linear",0.0384,250,270,"opt_after","interval",NA,"Belleville_NCKEF","RPDO","KS",39.832,-97.8432,1989,191,305,242,250,"Republic_KS",1014.02,1759.31,226.21,292,1114.93345,1075.65556818182,-61.6355681818181,1762.25625,-2.94624999999996,152.87,73.34,308.318181818182,-16.3181818181818,1166.54538409091,39.2778818181819
206,"Republic_KS",231.709542496112,NA,NA,NA,NA,527.187280839994,TRUE,0,"in_range",NA,NA,NA,NA,150.3534,150.1454,"exclude",0.0356,NA,NA,"unclear","interval",NA,"Belleville_NCKEF","RPDO","KS",39.832,-97.8432,1991,178,290,228,237,"Republic_KS",1098.28,1864.765,92.84,302,1187.7871,1075.65556818182,22.6244318181818,1762.25625,102.50875,152.87,-60.03,308.318181818182,-6.31818181818181,1166.54538409091,112.131531818182
207,"Republic_KS",221.18807302679,7.71356419494635,19.7706605399246,211.302742756827,37023.5267984477,1914.84115983027,FALSE,59.9771752183222,"in_range",215.704943695072,229.098139978664,220.049034190851,222.434714402662,258.4799,258.2241,"gauss",0.0032,220.049034190851,222.434714402662,"opt_within","interval",221.18807302679,"Belleville_NCKEF","RPDO","KS",39.832,-97.8432,1995,164,281,218,224,"Republic_KS",1096.3,1702.135,144.3,306,1189.1321,1075.65556818182,20.6444318181818,1762.25625,-60.1212499999999,152.87,-8.56999999999999,308.318181818182,-2.31818181818181,1166.54538409091,113.476531818182
208,"Republic_KS",220.870157335446,6.09192972889251,15.6142441624998,213.063035254196,34619.9939482837,2267.15998835446,FALSE,47.8944500173336,"in_range",220.018864960636,222.123306876044,220.460000419316,221.350150624331,556.9971,561.4232,"gauss",0.0072,220.460000419316,221.350150624331,"opt_within","interval",220.870157335446,"Belleville_NCKEF","RPDO","KS",39.832,-97.8432,1996,162,278,217,225,"Republic_KS",1084.685,1732.85,152.13,307,1177.55015,1075.65556818182,9.02943181818182,1762.25625,-29.40625,152.87,-0.740000000000009,308.318181818182,-1.31818181818181,1166.54538409091,101.894581818182
209,"Republic_KS",220.079301333882,NA,NA,NA,NA,2008.32536530719,TRUE,0,"greater_than",204.569428715803,221.987966246198,215.123027490062,217.682488623685,342.0045,340.0118,"exclude",-0.0081,NA,NA,"unclear","interval",NA,"Belleville_NCKEF","RPDO","KS",39.832,-97.8432,1998,157,293,215,219,"Republic_KS",1088.255,1824.54,116.29,341,1185.6632,1075.65556818182,12.599431818182,1762.25625,62.2837500000001,152.87,-36.58,308.318181818182,32.6818181818182,1166.54538409091,110.007631818182
210,"Republic_KS",217.727320048002,NA,NA,NA,NA,2713.56247569135,TRUE,0,"in_range",NA,NA,NA,NA,336.2872,334.3768,"exclude",-0.002,NA,NA,"unclear","interval",NA,"Belleville_NCKEF","RPDO","KS",39.832,-97.8432,1999,160,292.028708133971,213,221,"Republic_KS",1080.47,1771.315,124.34,324,1183.04345,1075.65556818182,4.8144318181819,1762.25625,9.05875000000015,152.87,-28.53,308.318181818182,15.6818181818182,1166.54538409091,107.387881818182
211,"Republic_KS",216.08986797254,NA,NA,NA,NA,1506.42054456105,TRUE,0,"in_range",NA,NA,NA,NA,316.7065,318.5657,"exclude",0.0171,NA,NA,"unclear","interval",NA,"Belleville_NCKEF","RPDO","KS",39.832,-97.8432,2000,157,292.028708133971,214,219,"Republic_KS",1098.795,1849.65,39.74,281,1189.2421,1075.65556818182,23.1394318181819,1762.25625,87.3937500000002,152.87,-113.13,308.318181818182,-27.3181818181818,1166.54538409091,113.586531818182
212,"Republic_KS",215.256997923541,4.76598745968936,12.2157173806617,209.149139233211,10642.471475007,890.839909936153,FALSE,35.1319288182701,"in_range",213.269676518251,222.184953953369,214.553190807498,216.134065085154,383.6423,383.3325,"gauss",0.0219,214.553190807498,216.134065085154,"opt_within","interval",215.256997923541,"Belleville_NCKEF","RPDO","KS",39.832,-97.8432,2001,162,279,212,217,"Republic_KS",1131.845,1812.52,208.5,331,1220.9621,1075.65556818182,56.1894318181819,1762.25625,50.2637500000001,152.87,55.63,308.318181818182,22.6818181818182,1166.54538409091,145.306531818182
213,"Richland_ND",223.385967556812,29.6620968418602,76.0270132900431,185.372460911791,262460.789699797,3529.98328193143,FALSE,239.790833304359,"in_range",212.146795799707,261.301024576861,218.380942534875,226.011414849884,782.2863,780.4186,"gauss",0.0049,218.380942534875,226.011414849884,"opt_within","interval",223.385967556812,"Wyndmere_USDA","Wyndmere","ND",46.4095,-97.114,2012,156,296,213,226,"Richland_ND",990.2,1544.87,101.5,285,1090.5643,908.990795454545,81.2092045454546,1489.82505681818,55.0449431818181,119.324431818182,-17.8244318181818,290.852272727273,-5.85227272727275,1019.13798409091,181.573504545455
214,"Richland_ND",217.524042666489,16.2200896637733,41.5737626037649,196.737161364606,131548.148182148,3235.50111659267,FALSE,130.423554147411,"in_range",211.556085210045,238.5055842517,215.161053880533,219.564296011864,511.8257,510.2444,"gauss",0.0072,215.161053880533,219.564296011864,"opt_within","interval",217.524042666489,"Galchutt_1","Galchutt","ND",46.3875,-96.8095,2014,148,289,211,220,"Richland_ND",911.48,1483.645,110.07,304,1030.18065,908.990795454545,2.48920454545453,1489.82505681818,-6.18005681818181,119.324431818182,-9.25443181818183,290.852272727273,13.1477272727273,1019.13798409091,121.189854545455
215,"Richland_ND",211.003507272376,10.5225020986344,26.9702580759026,197.518378234425,78512.9214796204,2976.68022704614,FALSE,84.1724609817473,"in_range",208.664037205553,226.677369599972,209.710594218308,213.526495173686,612.785,612.756,"gauss",0.0159,209.710594218308,213.526495173686,"opt_within","interval",211.003507272376,"Galchutt_1","Galchutt","ND",46.3875,-96.8095,2015,142,288,203,214,"Richland_ND",894.06,1471.44,139.22,289,1007.3987,908.990795454545,-14.9307954545455,1489.82505681818,-18.3850568181817,119.324431818182,19.8955681818182,290.852272727273,-1.85227272727275,1019.13798409091,98.4079045454545
216,"Richland_ND",219.242622296593,16.0148782624504,41.0477846184989,198.718729987343,157847.403489654,3932.09377377882,FALSE,130.317639946516,"greater_than",212.201259361662,318.981679243917,213.742192022769,229.992982115252,503.3803,502.0444,"gauss",0.0363,213.742192022769,263,"opt_after","interval",219.242622296593,"Galchutt_1","Galchutt","ND",46.3875,-96.8095,2016,145,298,202,215,"Richland_ND",932.46,1561.13,262.78,324,1039.63845,908.990795454545,23.4692045454545,1489.82505681818,71.3049431818183,119.324431818182,143.455568181818,290.852272727273,33.1477272727273,1019.13798409091,130.647654545454
217,"Sherman_KS",217.617227076304,8.60119859714365,22.0457590554589,206.594347548575,24452.1382796864,1134.14330523983,FALSE,64.5199194042998,"in_range",204.891558299637,220.769200484141,216.518665169927,219.023489821752,378.235,376.4691,"gauss",-0.0173,216.518665169927,219.023489821752,"opt_within","interval",217.617227076304,"Goodland_NorthernSun","SRDO","KS",39.342,-101.821,2001,158,275,216,221,"Sherman_KS",1006.585,1596.425,63.77,298,1097.27015,984.331704545454,22.2532954545455,1572.0525,24.3724999999999,104.886590909091,-41.1165909090909,300,-2,1077.29788068182,112.938445454546
218,"Sherman_KS",220.259240097171,4.08498283359454,10.4702322912318,215.024123951555,4299.14128167531,419.8571442148,FALSE,28.3955722594299,"in_range",217.465200811552,228.961423482782,219.280659222627,221.386588748923,248.8404,251.5871,"gauss",0.0426,219.280659222627,221.386588748923,"opt_within","interval",220.259240097171,"Goodland_NorthernSun","SRDO","KS",39.342,-101.821,2003,163,268,217,222,"Sherman_KS",998.685,1568.33,21.28,299,1088.66905,984.331704545454,14.3532954545454,1572.0525,-3.72250000000008,104.886590909091,-83.6065909090909,300,-1,1077.29788068182,104.337345454545
219,"Sherman_KS",221.901756234985,9.53385880238759,24.436263347762,209.683624561104,39883.4305997437,1668.91361446525,FALSE,73.4536801442891,"in_range",210.875692492923,226.455279201814,220.482846952054,223.145934563644,213.3019,211.6194,"gauss",-0.008,220.482846952054,223.145934563644,"opt_within","interval",221.901756234985,"Goodland_NorthernSun","SRDO","KS",39.342,-101.821,2005,168,270,219,226,"Sherman_KS",992.165,1568.04,135.21,280,1084.18515,984.331704545454,7.83329545454546,1572.0525,-4.01250000000005,104.886590909091,30.3234090909091,300,-20,1077.29788068182,99.8534454545455
220,"Spink_SD",213.286341761203,10.0764827563,25.8270645030389,200.372809509684,42406.1169102097,1678.91846711608,FALSE,77.6655919701731,"greater_than",208.940255459176,273.469588616764,209.792918919583,218.926384329846,669.9256,668.3044,"gauss",0.0511,209.792918919583,262.174157303371,"opt_after","interval",213.286341761203,"Redfield_6","Redfield","SD",44.8758,-98.5187,1987,140,297.174157303371,204,212,"Spink_SD",913.45,1566.08,68.71,280,1015.0304,917.597130681818,-4.14713068181811,1517.38670454545,48.6932954545455,116.827670454545,-48.1176704545455,288.971590909091,-8.97159090909093,1024.94331761364,97.4332693181818
221,"Spink_SD",237.8117145589,19.5968857595732,50.2288392499595,212.697294933921,114246.866793024,2325.77288689157,FALSE,154.32402766631,"greater_than",223.082243579943,439.741820667741,225.547261526361,255.685390445626,892.7593,891.4091,"gauss",0.0484,225.547261526361,257,"opt_after","interval",237.8117145589,"Turton_Rahn_1","Turton","SD",45.0497,-98.0956,1993,141,292,212,226,"Spink_SD",769.965,1381.855,251.4,282,911.08305,917.597130681818,-147.632130681818,1517.38670454545,-135.531704545454,116.827670454545,134.572329545455,288.971590909091,-6.97159090909093,1024.94331761364,-6.5140806818182
222,"Spink_SD",210.944473316083,12.3093219962772,31.5500617502432,195.169442440962,29638.414551274,960.574164210232,FALSE,91.2387751298895,"in_range",205.312823908601,240.323550561872,207.692711471565,213.01783283009,885.3438,883.6504,"gauss",0.0224,207.692711471565,213.01783283009,"opt_within","interval",210.944473316083,"Turton_Rahn_2","Turton","SD",45.0497,-98.0956,1994,140,296,203,212,"Spink_SD",879.64,1479.51,210.86,298,989.2965,917.597130681818,-37.9571306818182,1517.38670454545,-37.8767045454545,116.827670454545,94.0323295454546,288.971590909091,9.02840909090907,1024.94331761364,71.6993693181819
223,"Spink_SD",256.908886054557,30.2085265938932,77.4275690983991,218.195101505358,275198.498662117,3634.34860942569,FALSE,244.643340709335,"greater_than",218.911405800484,398.091829280073,220.716623253145,246.387770434791,1122.222,1120.2574,"gauss",0.0441,220.716623253145,276,"opt_after","interval",256.908886054557,"Turton_2","Turton","SD",45.0497,-98.0956,1995,150,311,211,222,"Spink_SD",933.165,1501.195,84.08,265,1043.4626,917.597130681818,15.5678693181818,1517.38670454545,-16.1917045454545,116.827670454545,-32.7476704545455,288.971590909091,-23.9715909090909,1024.94331761364,125.865469318182
224,"Spink_SD",219.516438186463,8.77549844030382,22.4925075292111,208.270184421857,44974.8419318103,2044.59793629092,FALSE,68.5296487648337,"in_range",217.564110945,223.343702132236,218.787748169187,220.45113430852,1123.8994,1124.8614,"gauss",0.0043,218.787748169187,220.45113430852,"opt_within","interval",219.516438186463,"Conde_1","Conde","SD",45.1572,-98.0976,1996,155,302,214,224,"Spink_SD",909.23,1442.385,15.71,297,1012.8554,917.597130681818,-8.36713068181814,1517.38670454545,-75.0017045454545,116.827670454545,-101.117670454545,288.971590909091,8.02840909090907,1024.94331761364,95.2582693181819
225,"Spink_SD",210.651984980682,7.01065661246302,17.9690359143952,201.667467023484,34296.3829944001,1951.63991015945,FALSE,54.5802928100951,"in_range",209.534473964402,221.471706701374,209.945907340541,212.308838064247,965.6012,965.9446,"gauss",0.0303,209.945907340541,212.308838064247,"opt_within","interval",210.651984980682,"Frankfort_1","Frankfort","SD",44.8766,-98.3054,2000,140,281,205,212,"Spink_SD",847.945,1509.665,106.02,268,969.0306,917.597130681818,-69.6521306818181,1517.38670454545,-7.72170454545449,116.827670454545,-10.8076704545455,288.971590909091,-20.9715909090909,1024.94331761364,51.4334693181819
226,"Sully_SD",236.617456799985,NA,NA,NA,NA,930.691186284627,TRUE,0,"in_range",NA,NA,NA,NA,467.6617,466.2887,"exclude",-0.0209,NA,NA,"unclear","interval",NA,"Onida_3","Onida","SD",44.7056,-100.0655,1992,156,299.355769230769,227,238,"Sully_SD",786.135,1330.065,89,289,923.68835,948.92446969697,-162.78946969697,1509.77848484848,-179.713484848485,85.3832575757576,3.61674242424242,291.393939393939,-2.39393939393938,1048.43206780303,-25.2361196969697
227,"Sully_SD",220.473047945853,9.73416104220679,24.9496586458067,207.998218622949,62422.8135890708,2558.32007445954,FALSE,77.1255515485768,"in_range",219.145014280112,225.943500161247,219.81849302532,221.56106168957,679.6358,680.7226,"gauss",0.0087,219.81849302532,221.56106168957,"opt_within","interval",220.473047945853,"Onida_18","Onida-NuSun","SD",44.7056,-100.0655,2001,154,289,216,223,"Sully_SD",981.08,1562.095,99.96,289,1078.5407,948.92446969697,32.1555303030303,1509.77848484848,52.3165151515152,85.3832575757576,14.5767424242424,291.393939393939,-2.39393939393938,1048.43206780303,129.61623030303
228,"Sully_SD",223.754117599449,NA,NA,NA,NA,1728.24274991532,TRUE,0,"in_range",NA,NA,NA,NA,726.1084,724.2975,"exclude",0.0053,NA,NA,"unclear","interval",NA,"Onida_4","Onida-NuSun","SD",44.7056,-100.0655,2003,158,299.355769230769,221,230,"Sully_SD",942.51,1471.48,21.6,299,1031.8546,948.92446969697,-6.41446969696972,1509.77848484848,-38.2984848484848,85.3832575757576,-63.7832575757576,291.393939393939,7.60606060606062,1048.43206780303,82.9301303030302
229,"Sully_SD",228.351795985931,NA,NA,NA,NA,1660.99681776985,TRUE,0,"in_range",NA,NA,NA,NA,859.3626,862.2182,"exclude",0.0146,NA,NA,"unclear","interval",NA,"Onida_Huse_1","Onida","SD",44.7056,-100.0655,2004,156,299,224,235,"Sully_SD",829.9,1358.35,106.18,290,947.0409,948.92446969697,-119.02446969697,1509.77848484848,-151.428484848485,85.3832575757576,20.7967424242424,291.393939393939,-1.39393939393938,1048.43206780303,-1.88356969696974
230,"Sully_SD",233.590396860899,26.3765861418759,67.6059105276861,199.787441597056,131168.052480894,1983.89896596455,FALSE,205.572545037931,"greater_than",221.914266504382,295.38465324306,222.928801045167,232.144722689837,1069.4419,1067.5151,"gauss",0.0171,222.928801045167,261,"opt_after","interval",233.590396860899,"Onida_Huse_2","Onida","SD",44.7056,-100.0655,2005,158,296,217,226,"Sully_SD",969.875,1526.96,8.35,296,1072.0654,948.92446969697,20.9505303030303,1509.77848484848,17.1815151515152,85.3832575757576,-77.0332575757576,291.393939393939,4.60606060606062,1048.43206780303,123.14093030303
231,"Sully_SD",229.310367997726,10.2715524239181,26.3270481788913,216.14684390828,46612.9253743766,1810.42416740567,FALSE,79.570085336998,"in_range",227.559924933711,246.016339234702,228.2453472268,231.620518057108,859.1529,860.0557,"gauss",0.0168,228.2453472268,231.620518057108,"opt_within","interval",229.310367997726,"Onida_6","Onida","SD",44.7056,-100.0655,2008,164,307,222,232,"Sully_SD",943.285,1394.54,74.46,301,1039.6082,948.92446969697,-5.63946969696974,1509.77848484848,-115.238484848485,85.3832575757576,-10.9232575757576,291.393939393939,9.60606060606062,1048.43206780303,90.6837303030302
232,"Sully_SD",226.454286133637,10.9846328633882,28.1547468860155,212.376912690629,60968.0731795555,2214.25171404692,FALSE,86.2285692373741,"in_range",208.791599732371,228.343795834563,223.740697318682,227.640190762502,729.6333,734.7401,"gauss",-0.021,223.740697318682,227.640190762502,"opt_within","interval",226.454286133637,"Onida_7","Onida","SD",44.7056,-100.0655,2009,163,313,224,234,"Sully_SD",886.99,1345.85,114.57,282,992.8815,948.92446969697,-61.9344696969697,1509.77848484848,-163.928484848485,85.3832575757576,29.1867424242424,291.393939393939,-9.39393939393938,1048.43206780303,43.9570303030303
233,"Sully_SD",224.499464798758,22.3240503903437,57.2188434540831,195.890043071716,119048.176720504,2127.45224401813,FALSE,174.786684372275,"in_range",214.971123987448,244.939767965141,221.367633441918,226.273228840955,830.9664,829.0655,"gauss",0.0046,221.367633441918,226.273228840955,"opt_within","interval",224.499464798758,"Onida_10","Onida","SD",44.7056,-100.0655,2012,163,283,217,226,"Sully_SD",981.965,1557.105,28.34,279,1073.50015,948.92446969697,33.0405303030303,1509.77848484848,47.3265151515152,85.3832575757576,-57.0432575757576,291.393939393939,-12.3939393939394,1048.43206780303,124.57568030303
234,"Sully_SD",230.198052207873,11.6038492822658,29.7418624280627,215.327120993841,50009.0022599317,1719.31786744841,FALSE,89.5810124240506,"in_range",227.144573161248,246.927349090525,228.861828712663,232.055335822797,744.0243,742.4134,"gauss",0.0095,228.861828712663,232.055335822797,"opt_within","interval",230.198052207873,"Onida_11","Onida","SD",44.7056,-100.0655,2013,166,318,225,233,"Sully_SD",955.02,1527.295,94.61,297,1054.76015,948.92446969697,6.09553030303027,1509.77848484848,17.5165151515153,85.3832575757576,9.22674242424242,291.393939393939,5.60606060606062,1048.43206780303,105.83568030303
235,"Sully_SD",226.860798554504,15.760554683594,40.3959270572223,206.662835025893,100912.250178355,2554.36207765582,FALSE,124.861458812609,"in_range",223.484733676036,267.941394885829,224.417095670324,231.304162583175,752.609,751.1147,"gauss",0.015,224.417095670324,231.304162583175,"opt_within","interval",226.860798554504,"Onida_12","Onida","SD",44.7056,-100.0655,2014,160,300,218,228,"Sully_SD",905.51,1439.47,70.19,302,1014.04345,948.92446969697,-43.4144696969697,1509.77848484848,-70.3084848484848,85.3832575757576,-15.1932575757576,291.393939393939,10.6060606060606,1048.43206780303,65.1189803030303
236,"Sully_SD",209.092222649222,39.3226096061224,100.787903804051,158.698270747197,183494.111422419,1861.61498395815,FALSE,305.183979751875,"in_range",168.613296703968,222.617567825472,202.432041636707,214.083258217998,677.687,677.4608,"gauss",-0.0025,202.432041636707,214.083258217998,"opt_within","interval",209.092222649222,"Onida_13","Onida","SD",44.7056,-100.0655,2015,156,290,197,227,"Sully_SD",966.735,1492.36,107.55,317,1064.2682,948.92446969697,17.8105303030303,1509.77848484848,-17.4184848484849,85.3832575757576,22.1667424242424,291.393939393939,25.6060606060606,1048.43206780303,115.34373030303
237,"Thomas_KS",226.73296959583,NA,NA,NA,NA,2206.41298536473,TRUE,0,"in_range",NA,NA,NA,NA,508.7118,506.7737,"exclude",-0.0033,NA,NA,"unclear","interval",NA,"Colby_NREC","THDO","KS",39.3933,-101.0636,1987,168,278,221,229,"Thomas_KS",1003.16,1652.92,48.19,294,1099.25235,999.751704545455,3.4082954545454,1608.15386363636,44.7661363636364,109.777727272727,-61.5877272727273,299.931818181818,-5.93181818181819,1092.12746704545,99.5006454545454
238,"Thomas_KS",227.06147850741,12.9707996134454,33.2454971019526,210.438729956433,77772.9730174731,2392.05971365308,FALSE,102.329071177598,"in_range",223.844815425804,243.329589194134,225.595744141113,229.148834195571,443.8433,443.7229,"gauss",0.008,225.595744141113,229.148834195571,"opt_within","interval",227.06147850741,"Colby_NREC","THDO","KS",39.3933,-101.0636,1988,169,284,222,230,"Thomas_KS",1047.73,1663.225,57.3,302,1135.48905,999.751704545455,47.9782954545454,1608.15386363636,55.0711363636362,109.777727272727,-52.4777272727273,299.931818181818,2.06818181818181,1092.12746704545,135.737345454545
239,"Thomas_KS",244.121418458422,9.79159719612407,25.0968734317499,231.572981742547,45620.040345818,1858.71237991379,FALSE,75.9850112397482,"in_range",240.750386999197,256.63055972569,242.8663654218,245.729355559382,424.1074,425.0894,"gauss",0.0105,242.8663654218,245.729355559382,"opt_within","interval",244.121418458422,"Colby_NREC","THDO","KS",39.3933,-101.0636,1989,185,304,240,247,"Thomas_KS",960.005,1569.535,75.11,292,1054.3832,999.751704545455,-39.7467045454546,1608.15386363636,-38.6188636363636,109.777727272727,-34.6677272727273,299.931818181818,-7.93181818181819,1092.12746704545,54.6314954545454
240,"Thomas_KS",208.378605770902,18.7235727805951,47.9904480191198,184.383381761342,92914.2064265526,1979.71860541034,FALSE,145.906592943532,"less_than",170.75684107846,214.640803747354,204.906336020943,213.347749756731,605.0668,603.4489,"gauss",-0.0175,196,213.347749756731,"opt_before","interval",208.378605770902,"Colby_NREC","THDO","KS",39.3933,-101.0636,1991,156,267,210,219,"Thomas_KS",1004.635,1699.485,89.79,279,1100.24625,999.751704545455,4.88329545454542,1608.15386363636,91.3311363636362,109.777727272727,-19.9877272727273,299.931818181818,-20.9318181818182,1092.12746704545,100.494545454545
241,"Thomas_KS",224.078645813108,48.0335115434137,123.114843834133,162.521223896041,331028.011992631,2749.3528109377,FALSE,382.320702388342,"in_range",202.177527581663,240.479791309002,223.969030757435,230.332113266325,731.6109,729.6373,"gauss",-0.0021,223.969030757435,230.332113266325,"opt_within","interval",224.078645813108,"Colby_NREC","THDO","KS",39.3933,-101.0636,1992,169,286,224,234,"Thomas_KS",928.815,1466.89,135.56,290,1029.1693,999.751704545455,-70.9367045454545,1608.15386363636,-141.263863636364,109.777727272727,25.7822727272727,299.931818181818,-9.93181818181819,1092.12746704545,29.4175954545454
242,"Thomas_KS",216.099750294687,NA,NA,NA,NA,2136.67644621226,TRUE,0,"in_range",NA,NA,NA,NA,782.4569,781.8549,"linear",0.0169,224,248,"opt_after","interval",NA,"Colby_NREC","THDO","KS",39.3933,-101.0636,1993,153,283,214,224,"Thomas_KS",907.14,1484.4,340.9,300,1008.41345,999.751704545455,-92.6117045454546,1608.15386363636,-123.753863636364,109.777727272727,231.122272727273,299.931818181818,0.068181818181813,1092.12746704545,8.66174545454544
243,"Thomas_KS",208.078946108052,NA,NA,NA,NA,2595.53840285865,TRUE,0,"less_than",NA,NA,NA,NA,681.012,679.1109,"exclude",0.0071,NA,NA,"unclear","interval",NA,"Colby_NREC","THDO","KS",39.3933,-101.0636,1994,154,270,209,220,"Thomas_KS",977.805,1641.96,77.5,309,1069.14405,999.751704545455,-21.9467045454546,1608.15386363636,33.8061363636364,109.777727272727,-32.2777272727273,299.931818181818,9.06818181818181,1092.12746704545,69.3923454545455
244,"Thomas_KS",222.522785176734,NA,NA,NA,NA,1565.77645674175,TRUE,0,"in_range",NA,NA,NA,NA,726.0124,724.6358,"exclude",0.0104,NA,NA,"unclear","interval",NA,"Colby_NREC","THDO","KS",39.3933,-101.0636,1995,164,282,220,227,"Thomas_KS",971.555,1478.735,24.8,306,1068.51735,999.751704545455,-28.1967045454546,1608.15386363636,-129.418863636364,109.777727272727,-84.9777272727273,299.931818181818,6.06818181818181,1092.12746704545,68.7656454545455
245,"Thomas_KS",220.988027094965,12.1639044336726,31.177341540216,205.399356324857,60857.4704407011,1995.95599993922,FALSE,94.8402610463717,"in_range",217.580544962066,271.269181747617,218.431143476109,226.702404699012,837.0954,836.3817,"gauss",0.0303,218.431143476109,226.702404699012,"opt_within","interval",220.988027094965,"Colby_NREC","THDO","KS",39.3933,-101.0636,1996,158,282,212,221,"Thomas_KS",981.86,1564.935,132.21,292,1075.29625,999.751704545455,-17.8917045454546,1608.15386363636,-43.2188636363637,109.777727272727,22.4322727272727,299.931818181818,-7.93181818181819,1092.12746704545,75.5445454545455
246,"Thomas_KS",223.113614428685,36.3660083211744,93.2098297932181,176.508699532076,264648.775320185,2903.24923756358,FALSE,290.447380235576,"in_range",211.691174602551,236.54356011659,219.420274692379,223.104044949553,584.471,582.4751,"gauss",0.0018,219.420274692379,223.104044949553,"opt_within","interval",223.113614428685,"Colby_NREC","THDO","KS",39.3933,-101.0636,1998,161,281,217,224,"Thomas_KS",1002.48,1602.3,169.73,314,1096.12515,999.751704545455,2.72829545454545,1608.15386363636,-5.85386363636371,109.777727272727,59.9522727272727,299.931818181818,14.0681818181818,1092.12746704545,96.3734454545455
247,"Thomas_KS",229.99302229415,5.50191563727367,14.1019771968848,222.942033695708,37745.8234643105,2736.93852854894,FALSE,43.7797498181467,"in_range",229.351989402871,231.375593884608,229.693537957203,230.383867444249,574.529,578.6482,"gauss",0.0085,229.693537957203,230.383867444249,"opt_within","interval",229.99302229415,"Colby_NREC","THDO","KS",39.3933,-101.0636,1999,166,279.419838523645,227,233,"Thomas_KS",1000.835,1600.76,183.56,290,1097.02625,999.751704545455,1.08329545454546,1608.15386363636,-7.39386363636368,109.777727272727,73.7822727272727,299.931818181818,-9.93181818181819,1092.12746704545,97.2745454545453
248,"Thomas_KS",207.606950963804,16.0581129827238,41.1585996654035,187.027651131102,99490.6748405233,2471.71238253571,FALSE,126.951882340791,"less_than",179.395585145763,226.822679063754,218.843756614321,226.140561713325,499.9732,497.9835,"gauss",-0.0758,204,226.140561713325,"opt_before","interval",207.606950963804,"Colby_NREC","THDO","KS",39.3933,-101.0636,2000,164,279.419838523645,225,230,"Thomas_KS",984.635,1633.25,25.6,281,1078.61125,999.751704545455,-15.1167045454546,1608.15386363636,25.0961363636363,109.777727272727,-84.1777272727273,299.931818181818,-18.9318181818182,1092.12746704545,78.8595454545454
249,"Thomas_KS",215.971212324268,4.60221282353337,11.7959460979372,210.073239275299,18756.8078312658,1625.93169333558,FALSE,35.3953822342999,"in_range",214.998111065974,226.54034529915,215.349859499056,217.389062378991,415.3002,417.2623,"gauss",0.0566,215.349859499056,217.389062378991,"opt_within","interval",215.971212324268,"Colby_NREC","THDO","KS",39.3933,-101.0636,2001,158,275,212,217,"Thomas_KS",1032.91,1633.74,120.57,299,1123.89515,999.751704545455,33.1582954545455,1608.15386363636,25.5861363636363,109.777727272727,10.7922727272727,299.931818181818,-0.931818181818187,1092.12746704545,124.143445454545
250,"Thomas_KS",223.77277680277,6.64829367622444,17.0402623379314,215.252645633804,23977.001143303,1438.78113379752,FALSE,50.7070953935395,"in_range",221.194319639222,259.576068127765,221.879089279028,227.667417037684,403.8289,402.9526,"gauss",0.0707,221.879089279028,227.667417037684,"opt_within","interval",223.77277680277,"Colby_NREC","THDO","KS",39.3933,-101.0636,2002,163,283,217,224,"Thomas_KS",1036.68,1665.79,91.53,297,1125.45905,999.751704545455,36.9282954545455,1608.15386363636,57.6361363636363,109.777727272727,-18.2477272727273,299.931818181818,-2.93181818181819,1092.12746704545,125.707345454545
251,"Thomas_KS",213.087834204037,11.7877565343393,30.2132356816824,197.981216363196,7767.44834118726,262.879840205926,FALSE,78.6991239368486,"less_than",205.347114722422,225.10658488176,217.643451520948,220.733734393311,256.8519,254.9283,"gauss",-0.05,202,220.733734393311,"opt_before","interval",213.087834204037,"Colby_NREC","THDO","KS",39.3933,-101.0636,2003,162,265,217,223,"Thomas_KS",1022.62,1609.405,46.09,299,1111.7971,999.751704545455,22.8682954545454,1608.15386363636,1.25113636363631,109.777727272727,-63.6877272727273,299.931818181818,-0.931818181818187,1092.12746704545,112.045395454545
252,"Thomas_KS",229.879029043475,11.6005869547725,29.7335007462498,215.01227867035,44608.2118175084,1534.06907913269,FALSE,88.8679408120921,"in_range",219.933100146085,241.303105123103,228.114510269404,231.594130343506,263.465,262.3439,"gauss",0.0021,228.114510269404,231.594130343506,"opt_within","interval",229.879029043475,"Colby_NREC","THDO","KS",39.3933,-101.0636,2004,166,282,226,234,"Thomas_KS",902.335,1538.08,53.89,307,1011.84955,999.751704545455,-97.4167045454545,1608.15386363636,-70.0738636363637,109.777727272727,-55.8877272727273,299.931818181818,7.06818181818181,1092.12746704545,12.0978454545454
253,"Thomas_KS",223.350063854825,12.4666869117715,31.9534042578704,207.37336172589,54933.5846766443,1757.91127960648,FALSE,96.3853518886329,"in_range",218.87149117919,241.874671796883,220.947103935008,224.402738029496,445.1811,443.3719,"gauss",0.0151,220.947103935008,224.402738029496,"opt_within","interval",223.350063854825,"Colby_NREC","THDO","KS",39.3933,-101.0636,2005,166,266,218,224,"Thomas_KS",1013.355,1615.45,107.18,297,1104.04905,999.751704545455,13.6032954545454,1608.15386363636,7.29613636363638,109.777727272727,-2.59772727272727,299.931818181818,-2.93181818181819,1092.12746704545,104.297345454546
254,"Thomas_KS",215.861961619658,3.61982430558273,9.27798301163187,211.222970113842,13553.6272677786,1493.7506667318,FALSE,27.6797916568455,"in_range",214.575587649212,218.005356426097,215.480999766253,216.308379929846,463.7899,466.4941,"gauss",0.0066,215.480999766253,216.308379929846,"opt_within","interval",215.861961619658,"Colby_NREC","THDO","KS",39.3933,-101.0636,2006,156,277,214,218,"Thomas_KS",1045.27,1656.685,99.54,295,1132.73905,999.751704545455,45.5182954545454,1608.15386363636,48.5311363636363,109.777727272727,-10.2377272727273,299.931818181818,-4.93181818181819,1092.12746704545,132.987345454545
255,"Thomas_KS",214.972874628677,NA,NA,NA,NA,742.400991497373,TRUE,0,"in_range",NA,NA,NA,NA,516.5525,517.6525,"linear",0.072,219,235,"opt_after","interval",NA,"Colby_NREC","THDO","KS",39.3933,-101.0636,2007,158,270,213,219,"Thomas_KS",1031.37,1693.54,120.38,310,1120.0671,999.751704545455,31.6182954545453,1608.15386363636,85.3861363636363,109.777727272727,10.6022727272727,299.931818181818,10.0681818181818,1092.12746704545,120.315395454545
256,"Thomas_KS",222.169699544226,8.935631294389,22.9029445489071,210.718227269773,72493.0955885182,3236.54366598635,FALSE,71.8516385774633,"in_range",221.019743625365,225.291093920674,221.63795059319,222.941804705154,705.8868,707.0348,"gauss",0.0068,221.63795059319,222.941804705154,"opt_within","interval",222.169699544226,"Colby_NREC","THDO","KS",39.3933,-101.0636,2008,163,282,218,226,"Thomas_KS",987.28,1567.355,214.7,301,1080.9771,999.751704545455,-12.4717045454546,1608.15386363636,-40.7988636363636,109.777727272727,104.922272727273,299.931818181818,1.06818181818181,1092.12746704545,81.2253954545455
257,"Thomas_KS",226.143925146025,NA,NA,NA,NA,2406.04220118005,TRUE,0,"in_range",217.637458925146,235.463282022705,224.814338120975,227.313978275446,444.5678,442.571,"exclude",-1e-04,NA,NA,"unclear","interval",NA,"Colby_NREC","THDO","KS",39.3933,-101.0636,2009,161,299,224,228,"Thomas_KS",984.27,1564.21,136.61,283,1079.5382,999.751704545455,-15.4817045454546,1608.15386363636,-43.9438636363636,109.777727272727,26.8322727272727,299.931818181818,-16.9318181818182,1092.12746704545,79.7864954545454
258,"Thomas_KS",209.875559166632,22.7359994549028,58.2747113913038,180.738203470981,157041.036340752,2755.55553555726,FALSE,180.991972231793,"in_range",187.895602597284,216.235433342755,205.92166797247,212.505845147956,446.6493,446.0425,"gauss",-0.0044,205.92166797247,212.505845147956,"opt_within","interval",209.875559166632,"Colby_NREC","THDO","KS",39.3933,-101.0636,2010,160,272,202,221,"Thomas_KS",1035.575,1613.045,88.01,309,1128.3132,999.751704545455,35.8232954545455,1608.15386363636,4.89113636363641,109.777727272727,-21.7677272727273,299.931818181818,9.06818181818181,1092.12746704545,128.561495454545
259,"Thomas_KS",222.671745148277,6.81106272994084,17.4574562091564,213.943017043698,22843.1129213221,1337.98262057393,FALSE,51.6884482835311,"in_range",209.635649383443,226.424850226428,221.271519813531,223.935961225631,405.1331,403.4143,"gauss",-0.0187,221.271519813531,223.935961225631,"opt_within","interval",222.671745148277,"Colby_NREC","THDO","KS",39.3933,-101.0636,2012,161,291,221,226,"Thomas_KS",1032.505,1657.065,64.7,300,1120.33405,999.751704545455,32.7532954545455,1608.15386363636,48.9111363636364,109.777727272727,-45.0777272727273,299.931818181818,0.068181818181813,1092.12746704545,120.582345454545
260,"Thomas_KS",220.910553530245,2.52158935433076,6.4630935694064,217.679006745542,2086.14152188039,330.049797580923,FALSE,17.175327607384,"in_range",214.826876284996,223.60718349691,220.002315090764,221.612859173587,392.0967,398.054,"gauss",-0.045,220.002315090764,221.612859173587,"opt_within","interval",220.910553530245,"Colby_NREC","THDO","KS",39.3933,-101.0636,2013,163,273,219,224,"Thomas_KS",1000.45,1649.235,68.16,310,1092.65515,999.751704545455,0.698295454545473,1608.15386363636,41.0811363636362,109.777727272727,-41.6177272727273,299.931818181818,10.0681818181818,1092.12746704545,92.9034454545455
261,"Thomas_KS",226.173588316533,3.96193981316413,10.1548603403079,221.096158146379,13174.7991791471,1326.6189483482,FALSE,30.0489330183176,"in_range",224.498174239076,230.836321449235,225.611823719281,226.917398222333,200.0675,199.9304,"gauss",0.0217,225.611823719281,226.917398222333,"opt_within","interval",226.173588316533,"Colby_NREC","THDO","KS",39.3933,-101.0636,2014,167,279,223,228,"Thomas_KS",979.87,1563.95,145.11,315,1072.4182,999.751704545455,-19.8817045454546,1608.15386363636,-44.2038636363636,109.777727272727,35.3322727272727,299.931818181818,15.0681818181818,1092.12746704545,72.6664954545455
262,"Thomas_KS",218.262222303669,NA,NA,NA,NA,972.528356998453,TRUE,0,"in_range",NA,NA,NA,NA,170.567,170.8152,"linear",0.1236,222,227,"opt_after","interval",NA,"Colby_NREC","THDO","KS",39.3933,-101.0636,2015,161,262,217,222,"Thomas_KS",1014.285,1581.93,116.4,317,1105.4121,999.751704545455,14.5332954545454,1608.15386363636,-26.2238636363636,109.777727272727,6.62227272727273,299.931818181818,17.0681818181818,1092.12746704545,105.660395454545
263,"Walworth_SD",220.306628075397,NA,NA,NA,NA,3041.79577139042,TRUE,0,"in_range",NA,NA,NA,NA,678.8457,679.4645,"linear",0.022,224,256,"opt_after","interval",NA,"Selby_6","Selby-NuSun","SD",45.5064,-100.0321,2001,153,291,218,224,"Walworth_SD",941.205,1520.99,98.43,278,1052.75175,909.054318181818,32.1506818181819,1462.17863636364,58.8113636363637,91.2179545454545,7.21204545454546,287.795454545455,-9.79545454545456,1014.39985340909,143.697431818182
264,"Walworth_SD",224.464294179831,7.0829267643386,18.1542717669518,215.387158296355,27314.2838900014,1538.46327445773,FALSE,54.2703419090984,"in_range",219.573196094037,226.645085708872,223.537929953243,225.197020146564,758.893,759.2393,"gauss",-0.0072,223.537929953243,225.197020146564,"opt_within","interval",224.464294179831,"Selby_8","Selby-NuSun","SD",45.5064,-100.0321,2003,160,291,220,229,"Walworth_SD",941.64,1440.305,11.37,274,1037.3843,909.054318181818,32.5856818181818,1462.17863636364,-21.8736363636363,91.2179545454545,-79.8479545454545,287.795454545455,-13.7954545454546,1014.39985340909,128.329981818182
265,"Ward_ND",177.742803547315,69.4200450624204,177.930734859843,88.7774361173939,335461.111813724,1927.82388447935,FALSE,540.02002976779,"less_than",172.796318770378,220.487622707391,201.020868381113,208.624514788665,345.6797,343.6839,"gauss",-0.0061,175,208.624514788665,"opt_before","interval",177.742803547315,"Minot_REC","Minot","ND",48.1821,-101.2973,1978,135,286,202,213,"Ward_ND",NA,NA,NA,NA,NA,NA,NA,NA,NA,NA,NA,NA,NA,NA,NA
266,"Ward_ND",212.820281784943,7.96308679549397,20.4102126986657,202.61517543561,36554.8493219755,1831.35953716991,FALSE,61.7344748427794,"in_range",205.800017406583,217.900800515601,211.322828174677,214.169630005862,417.2539,423.9194,"gauss",-0.0103,211.322828174677,214.169630005862,"opt_within","interval",212.820281784943,"Minot_REC","Minot","ND",48.1821,-101.2973,1979,138,276,210,219,"Ward_ND",NA,NA,NA,NA,NA,NA,NA,NA,NA,NA,NA,NA,NA,NA,NA
267,"Ward_ND",206.28063508945,NA,NA,NA,NA,1638.39270671801,TRUE,0,"in_range",NA,NA,NA,NA,509.2934,508.3983,"exclude",1e-04,NA,NA,"unclear","interval",NA,"Minot_REC","Minot","ND",48.1821,-101.2973,1981,138,280,203,211,"Ward_ND",729.62,1310.035,96.06,294,862.7267,812.612954545454,-82.9929545454545,1341.36931818182,-31.3343181818182,92.205,3.855,285.022727272727,8.97727272727275,933.24275,50.1137454545456
268,"Ward_ND",218.495305886277,4.10639067749432,10.5251028029612,213.232754484796,17324.7601782286,1683.12756279873,FALSE,31.6557904317368,"in_range",217.03778676604,220.559257859259,218.069878998332,218.994081852678,723.0011,728.4555,"gauss",0.0037,218.069878998332,218.994081852678,"opt_within","interval",218.495305886277,"Minot_REC","Minot","ND",48.1821,-101.2973,1982,146,288.042679312389,216,221,"Ward_ND",763.915,1213.4,47.94,294,885.12535,812.612954545454,-48.6979545454545,1341.36931818182,-127.969318181818,92.205,-44.265,285.022727272727,8.97727272727275,933.24275,72.5123954545455
269,"Ward_ND",220.198328872461,6.46616915355548,16.5734584036305,211.911599670646,25299.5368634449,1560.90177811898,FALSE,49.5935159611589,"in_range",218.654593865518,222.309784798889,219.490408987505,220.973964550665,726.913,743.17,"gauss",9e-04,219.490408987505,220.973964550665,"opt_within","interval",220.198328872461,"Minot_REC","Minot","ND",48.1821,-101.2973,1984,150,279,215,226,"Ward_ND",846.04,1355,33.99,292,954.68955,812.612954545454,33.4270454545455,1341.36931818182,13.6306818181818,92.205,-58.215,285.022727272727,6.97727272727275,933.24275,142.076595454546
270,"Ward_ND",148.830437749216,47.1727707689438,120.908676460033,88.3760995191999,820710.588501397,6940.78699192934,FALSE,396.816281025486,"less_than",111.089770259508,219.71346790257,190.353835807084,217.345898314887,541.8652,539.8977,"gauss",-0.0329,185,217.345898314887,"opt_before","interval",148.830437749216,"Minot_REC","Minot","ND",48.1821,-101.2973,1985,145,294,216,231,"Ward_ND",712.53,1205.255,108.92,267,847.0689,812.612954545454,-100.082954545455,1341.36931818182,-136.114318181818,92.205,16.715,285.022727272727,-18.0227272727273,933.24275,34.4559454545455
271,"Ward_ND",214.570912101773,23.1881139258901,59.4335274075021,184.854148398022,162788.549750706,2800.71227303562,FALSE,184.78036405271,"in_range",208.269286488961,272.614419626279,210.966978815082,221.394659355746,577.8935,578.3079,"gauss",0.0098,210.966978815082,221.394659355746,"opt_within","interval",214.570912101773,"Minot_REC","Minot","ND",48.1821,-101.2973,1986,140,288.042679312389,198,220,"Ward_ND",817.35,1302.225,124.17,285,934.4276,812.612954545454,4.73704545454552,1341.36931818182,-39.1443181818183,92.205,31.965,285.022727272727,-0.0227272727272521,933.24275,121.814645454545
272,"Ward_ND",209.091144814297,8.26180277224369,21.1758525539793,198.503218537307,34406.1647589449,1661.38967573941,FALSE,63.6337315685195,"in_range",206.228853024283,241.51487875004,207.08004045325,212.692167896514,537.6815,536.8042,"gauss",0.0408,207.08004045325,212.692167896514,"opt_within","interval",209.091144814297,"Minot_REC","Minot","ND",48.1821,-101.2973,1988,140,270,202,210,"Ward_ND",923.725,1510.99,29.09,278,1023.44735,812.612954545454,111.112045454546,1341.36931818182,169.620681818182,92.205,-63.115,285.022727272727,-7.02272727272725,933.24275,210.834395454546
273,"Ward_ND",213.387468650221,NA,NA,NA,NA,1043.14704323812,TRUE,0,"in_range",187.303758746859,229.229000530781,207.411213658316,213.843135268844,468.6592,467.0171,"exclude",-0.0053,NA,NA,"unclear","interval",NA,"Minot_REC","Minot","ND",48.1821,-101.2973,1990,141,274,206,216,"Ward_ND",801.36,1358.1,48.18,280,925.6523,812.612954545454,-11.2529545454545,1341.36931818182,16.7306818181817,92.205,-44.025,285.022727272727,-5.02272727272725,933.24275,113.039345454545
274,"Ward_ND",223.934013725079,9.31176688523941,23.8670188595299,212.000504295314,39620.6636337971,1697.46065337403,FALSE,71.824519453058,"in_range",218.893416773545,227.629354647137,222.696824217776,224.973282946688,700.3803,704.2574,"gauss",-0.0034,222.696824217776,224.973282946688,"opt_within","interval",223.934013725079,"Minot_REC","Minot","ND",48.1821,-101.2973,1992,142,280,219,230,"Ward_ND",666.155,1164.36,44.74,272,799.2378,812.612954545454,-146.457954545455,1341.36931818182,-177.009318181818,92.205,-47.465,285.022727272727,-13.0227272727273,933.24275,-13.3751545454545
275,"Ward_ND",218.052580674878,13.4316118364183,34.4266063534985,200.839277498128,120749.595746539,3586.47343828551,FALSE,108.687717735291,"in_range",212.799444333619,221.56981977237,216.86426376836,219.0124817068,1187.3045,1187.826,"gauss",-0.0013,216.86426376836,219.0124817068,"opt_within","interval",218.052580674878,"Minot_REC","Minot","ND",48.1821,-101.2973,1995,150,277,213,223,"Ward_ND",855.6,1360.395,88.22,264,969.12175,812.612954545454,42.9870454545455,1341.36931818182,19.0256818181817,92.205,-3.985,285.022727272727,-21.0227272727273,933.24275,156.508795454546
276,"Ward_ND",221.615112801359,NA,NA,NA,NA,2084.85334545618,TRUE,0,"in_range",NA,NA,NA,NA,778.6509,777.0987,"exclude",0.0026,NA,NA,"unclear","interval",NA,"Minot_REC","Minot","ND",48.1821,-101.2973,1996,155,290,219,227,"Ward_ND",846.855,1328.86,38.9,292,966.9298,812.612954545454,34.2420454545455,1341.36931818182,-12.5093181818183,92.205,-53.305,285.022727272727,6.97727272727275,933.24275,154.316845454546
277,"Ward_ND",211.365801945113,10.4306020489734,26.7347087708692,197.998447559679,42595.9040549958,1629.17797263032,FALSE,80.2320437243127,"in_range",193.946044942484,214.660080569914,208.995351094574,212.860037993852,1240.1692,1240.2892,"gauss",-0.014,208.995351094574,212.860037993852,"opt_within","interval",211.365801945113,"Minot_REC","Minot","ND",48.1821,-101.2973,1997,147,273,207,218,"Ward_ND",892.115,1393.6,119.45,293,998.65095,812.612954545454,79.5020454545455,1341.36931818182,52.2306818181817,92.205,27.245,285.022727272727,7.97727272727275,933.24275,186.037995454545
278,"Ward_ND",215.674617455567,12.6694552641828,32.4731204568215,199.438057227156,80973.2037066025,2549.72560891759,FALSE,100.360902727397,"in_range",213.324616548598,227.79361751836,214.653696585067,217.41846160806,1451.0198,1450.4123,"gauss",0.0069,214.653696585067,217.41846160806,"opt_within","interval",215.674617455567,"Minot_REC","Minot","ND",48.1821,-101.2973,1998,141,275,209,220,"Ward_ND",779.45,1399.12,78.98,286,902.86925,812.612954545454,-33.1629545454545,1341.36931818182,57.7506818181816,92.205,-13.225,285.022727272727,0.977272727272748,933.24275,90.2562954545455
279,"Ward_ND",228.951660453811,NA,NA,NA,NA,2429.76443300026,TRUE,0,"greater_than",176.623903312233,223.400492550181,213.161718332357,221.237927395903,1004.6078,1002.6739,"exclude",-0.0099,NA,NA,"unclear","interval",NA,"Minot_REC","Minot","ND",48.1821,-101.2973,2000,151,288.042679312389,218,227,"Ward_ND",777.545,1270.45,126.81,278,902.0664,812.612954545454,-35.0679545454545,1341.36931818182,-70.9193181818182,92.205,34.605,285.022727272727,-7.02272727272725,933.24275,89.4534454545455
280,"Ward_ND",218.521644900638,NA,NA,NA,NA,2220.84860246634,TRUE,0,"in_range",NA,NA,NA,NA,1192.6176,1190.8794,"exclude",5e-04,NA,NA,"unclear","interval",NA,"Minot_REC","Minot","ND",48.1821,-101.2973,2001,137,281.411764705882,211,229,"Ward_ND",745.525,1380.845,92.5,278,877.27585,812.612954545454,-67.0879545454545,1341.36931818182,39.4756818181818,92.205,0.295000000000002,285.022727272727,-7.02272727272725,933.24275,64.6628954545455
281,"Ward_ND",209.665612014132,NA,NA,NA,NA,1742.8629253832,TRUE,0,"less_than",211.4899507288,254.572536100744,214.18743828498,220.015780803822,1163.4819,1161.5843,"exclude",0.0101,NA,NA,"unclear","interval",NA,"Minot_REC","Minot","ND",48.1821,-101.2973,2002,144,282,211,219,"Ward_ND",829.975,1319.78,116.86,275,940.29065,812.612954545454,17.3620454545455,1341.36931818182,-21.5893181818183,92.205,24.655,285.022727272727,-10.0227272727273,933.24275,127.677695454546
282,"Ward_ND",225.821355119585,15.5408888826539,39.8329009550396,205.904904642066,76584.7691694601,1965.96878641756,FALSE,121.04938254911,"in_range",220.979491311896,263.295850308273,222.204465584527,228.915543075871,868.4517,867.2441,"gauss",0.018,222.204465584527,228.915543075871,"opt_within","interval",225.821355119585,"Minot_REC","Minot","ND",48.1821,-101.2973,2003,148,287,217,226,"Ward_ND",823.805,1379.65,41.75,274,943.1034,812.612954545454,11.1920454545455,1341.36931818182,38.2806818181818,92.205,-50.455,285.022727272727,-11.0227272727273,933.24275,130.490445454545
283,"Ward_ND",230.129552730548,10.5363968013126,27.0058716318426,216.626616914626,56657.0165648494,2145.21907397289,FALSE,82.539724809426,"in_range",223.528009002896,232.483249739193,228.923382718031,230.992559260896,1034.7546,1035.7302,"gauss",-0.0055,228.923382718031,230.992559260896,"opt_within","interval",230.129552730548,"Minot_REC","Minot","ND",48.1821,-101.2973,2004,155,307,226,236,"Ward_ND",734.12,1127.49,95.53,278,870.08055,812.612954545454,-78.4929545454545,1341.36931818182,-213.879318181818,92.205,3.325,285.022727272727,-7.02272727272725,933.24275,57.4675954545455
284,"Ward_ND",233.578042503331,29.6439009778604,75.9803754140523,195.587854796305,143373.608845158,1929.49620580599,FALSE,230.613762578514,"in_range",223.549289820041,278.455402202249,227.745224999747,235.734220493405,1481.0612,1479.0917,"gauss",0.0068,227.745224999747,235.734220493405,"opt_within","interval",233.578042503331,"Minot_REC","Minot","ND",48.1821,-101.2973,2005,144,278,219,235,"Ward_ND",799.9,1315.035,43.02,279,936.08555,812.612954545454,-12.7129545454545,1341.36931818182,-26.3343181818182,92.205,-49.185,285.022727272727,-6.02272727272725,933.24275,123.472595454546
285,"Ward_ND",219.535067637588,7.59185101424145,19.458697105365,209.805719084906,35146.657330889,1846.91290671677,FALSE,58.8895565098458,"in_range",217.501110521385,223.021063389581,218.816209900707,220.378968607492,1036.3122,1041.7278,"gauss",0.0061,218.816209900707,220.378968607492,"opt_within","interval",219.535067637588,"Minot_REC","Minot","ND",48.1821,-101.2973,2007,155,297,215,223,"Ward_ND",896.98,1354.185,30.39,309,1005.7565,812.612954545454,84.3670454545455,1341.36931818182,12.8156818181817,92.205,-61.815,285.022727272727,23.9772727272727,933.24275,193.143545454545
286,"Ward_ND",224.225989726195,10.4896562734973,26.8860708386505,210.78295430687,63948.8133239803,2432.09927487247,FALSE,82.8431058924539,"in_range",222.363367631194,241.415251740327,223.062346156288,226.84693402191,1139.7065,1140.2852,"gauss",0.0214,223.062346156288,226.84693402191,"opt_within","interval",224.225989726195,"Minot_REC","Minot","ND",48.1821,-101.2973,2008,150,298,216,228,"Ward_ND",768.825,1234.06,164.07,290,886.2609,812.612954545454,-43.7879545454545,1341.36931818182,-107.309318181818,92.205,71.865,285.022727272727,4.97727272727275,933.24275,73.6479454545455
287,"Ward_ND",225.276076598506,6.80622731471638,17.4450625412544,216.553545327879,34121.5719688231,2000.0122098027,FALSE,53.0742904973619,"in_range",223.79813701528,229.162403827538,224.628957298379,226.1631441217,811.3568,815.6149,"gauss",0.0125,224.628957298379,226.1631441217,"opt_within","interval",225.276076598506,"Minot_REC","Minot","ND",48.1821,-101.2973,2009,149,308,220,229,"Ward_ND",715.33,1211.555,121.91,282,848.6906,812.612954545454,-97.2829545454545,1341.36931818182,-129.814318181818,92.205,29.705,285.022727272727,-3.02272727272725,933.24275,36.0776454545455
288,"Ward_ND",213.132599095372,9.54173844365983,24.4564596809787,200.904369254883,38808.9453835786,1622.61093853256,FALSE,73.3748733525988,"in_range",206.887313738182,219.773932622053,211.795466938176,214.429115914424,909.2269,908.2432,"gauss",0.0014,211.795466938176,214.429115914424,"opt_within","interval",213.132599095372,"Minot_REC","Minot","ND",48.1821,-101.2973,2011,146,293,207,219,"Ward_ND",831.33,1365.355,118.64,292,959.70225,812.612954545454,18.7170454545455,1341.36931818182,23.9856818181818,92.205,26.435,285.022727272727,6.97727272727275,933.24275,147.089295454546
289,"Ward_ND",213.845027190623,6.23865514899553,15.9903165461762,205.849868917535,41490.8945653066,2653.21158141623,FALSE,49.5445888208885,"in_range",212.918168389118,215.891076359722,213.376135599631,214.491489313378,769.3856,771.5331,"gauss",0.0189,213.376135599631,214.491489313378,"opt_within","interval",213.845027190623,"Minot_REC","Minot","ND",48.1821,-101.2973,2012,143,290,208,217,"Ward_ND",822.14,1392.765,36.81,266,935.38175,812.612954545454,9.52704545454549,1341.36931818182,51.3956818181819,92.205,-55.395,285.022727272727,-19.0227272727273,933.24275,122.768795454546
290,"Ward_ND",228.89960575058,NA,NA,NA,NA,2316.42397363348,TRUE,0,"in_range",NA,NA,NA,NA,572.5247,570.6436,"exclude",-0.001,NA,NA,"unclear","interval",NA,"Minot_REC","Minot","ND",48.1821,-101.2973,2013,164,316,224,232,"Ward_ND",862.81,1368.505,117.23,294,992.697,812.612954545454,50.1970454545454,1341.36931818182,27.1356818181819,92.205,25.025,285.022727272727,8.97727272727275,933.24275,180.084045454546
291,"Ward_ND",236.040512102141,22.6139677531551,57.9619315544621,207.05954632491,152606.208192914,2692.18871117398,FALSE,179.755979231473,"greater_than",222.313635434121,317.311082471574,223.443771268725,237.105898141436,660.8245,658.9424,"gauss",0.0288,223.443771268725,261,"opt_after","interval",236.040512102141,"Minot_REC","Minot","ND",48.1821,-101.2973,2014,150,296,216,225,"Ward_ND",806.765,1326.27,160.27,277,944.14335,812.612954545454,-5.84795454545451,1341.36931818182,-15.0993181818183,92.205,68.065,285.022727272727,-8.02272727272725,933.24275,131.530395454546
292,"Ward_ND",224.267665700889,7.24034572369181,18.5577527945628,214.988789303608,55678.4313913134,3067.87565623307,FALSE,58.0267185660683,"in_range",223.083852692723,226.570506652636,223.68196303135,225.038997038982,320.5525,328.2943,"gauss",0.0184,223.68196303135,225.038997038982,"opt_within","interval",224.267665700889,"Minot_REC","Minot","ND",48.1821,-101.2973,2016,158,309,217,228,"Ward_ND",906.22,1445.77,90.55,316,1014.6854,812.612954545454,93.6070454545455,1341.36931818182,104.400681818182,92.205,-1.655,285.022727272727,30.9772727272727,933.24275,202.072445454545
293,"Ward_ND",204.486561172276,8.51638114362427,21.8283631747724,193.57237958489,57865.9827362915,2710.68036072661,FALSE,67.7251198854166,"in_range",203.316405035002,208.512879018977,203.85983004283,205.46424310802,674.8063,676.1354,"gauss",0.0153,203.85983004283,205.46424310802,"opt_within","interval",204.486561172276,"Minot_REC","Minot","ND",48.1821,-101.2973,2017,143,295,197,208,"Ward_ND",822.385,1374.99,93.29,300,938.3659,812.612954545454,9.77204545454549,1341.36931818182,33.6206818181818,92.205,1.08500000000001,285.022727272727,14.9772727272727,933.24275,125.752945454546
294,"Ward_ND",213.781908416109,9.20724525111755,23.5991191318456,201.982348850186,55598.0707538217,2409.01817291742,FALSE,72.6706563257883,"in_range",212.175378232649,223.100575316084,212.841552927956,215.663481891647,519.2839,521.2107,"gauss",0.0228,212.841552927956,215.663481891647,"opt_within","interval",213.781908416109,"Minot_REC","Minot","ND",48.1821,-101.2973,2018,145,296,205,218,"Ward_ND",897.795,1462.89,35.4,277,1002.42235,812.612954545454,85.1820454545455,1341.36931818182,121.520681818182,92.205,-56.805,285.022727272727,-8.02272727272725,933.24275,189.809395454546
295,"Ward_ND",209.430440817307,6.23753522315245,15.9874460607412,201.436717786937,31673.6296249603,2025.79217256658,FALSE,48.6806472576412,"in_range",206.879679803656,210.945523681043,208.734455469616,210.032589634643,411.299,414.2834,"gauss",-0.009,208.734455469616,210.032589634643,"opt_within","interval",209.430440817307,"Minot_REC","Minot","ND",48.1821,-101.2973,2019,142,309,206,214,"Ward_ND",791.62,1300.995,132.8,296,912.2134,812.612954545454,-20.9929545454545,1341.36931818182,-40.3743181818184,92.205,40.595,285.022727272727,10.9772727272727,933.24275,99.6004454545455
296,"Ward_ND",217.785900178908,8.89356191845008,22.7951163997151,206.388341979051,40454.9231854982,1814.70365384267,FALSE,68.9061214750707,"in_range",215.796257722413,228.952783035336,216.758850219339,219.683103565165,561.6751,562.7088,"gauss",0.0225,216.758850219339,219.683103565165,"opt_within","interval",217.785900178908,"Minot_REC","Minot","ND",48.1821,-101.2973,2020,150,293,209,221,"Ward_ND",868.79,1387.515,57.78,290,976.969,812.612954545454,56.1770454545455,1341.36931818182,46.1456818181819,92.205,-34.425,285.022727272727,4.97727272727275,933.24275,164.356045454546
297,"Ward_ND",217.420063058187,8.31277505721991,21.3064997772005,206.766813169586,49194.6887750114,2360.92534544132,FALSE,65.5258000815465,"in_range",215.643795623586,228.505234539321,216.35189508294,219.548388521145,527.4819,529.6397,"gauss",0.0419,216.35189508294,219.548388521145,"opt_within","interval",217.420063058187,"Minot_REC","Minot","ND",48.1821,-101.2973,2022,144,287,206,219,"Ward_ND",838.755,1400.89,69.11,280,958.38175,812.612954545454,26.1420454545455,1341.36931818182,59.5206818181819,92.205,-23.095,285.022727272727,-5.02272727272725,933.24275,145.768795454546
298,"Ward_ND",220.116891016273,4.82533512041718,12.3678315556959,213.932975238425,33695.8740376148,2785.86015130908,FALSE,38.4390253074817,"in_range",219.521296229751,221.008525406636,219.820628715343,220.477765439423,491.5514,496.4673,"gauss",0.018,219.820628715343,220.477765439423,"opt_within","interval",220.116891016273,"Minot_REC","Minot","ND",48.1821,-101.2973,2023,157,304,215,224,"Ward_ND",868.46,1467.215,95.17,299,985.7248,812.612954545454,55.8470454545455,1341.36931818182,125.845681818182,92.205,2.965,285.022727272727,13.9772727272727,933.24275,173.111845454545
299,"Washington_CO",233.039827683578,NA,NA,NA,NA,1603.72028658365,TRUE,0,"in_range",NA,NA,NA,NA,404.2081,404.2781,"exclude",-0.0162,NA,NA,"unclear","interval",NA,"Akron_CPER","Akron","CO",40.1526,-103.1357,1996,163,282,230,235,"Washington_CO",939.545,1472.375,154.08,292,1032.6582,931.443920454545,8.10107954545447,1473.168125,-0.793124999999918,79.5706818181818,74.5093181818182,294.352272727273,-2.35227272727275,1024.2053,101.214279545455
300,"Washington_CO",231.368124093065,6.4369307758389,16.4985174261572,223.118865379986,25395.3874592096,1573.93238135836,FALSE,49.3971677162808,"in_range",229.269820108341,234.590744675186,230.764182140909,232.053640866467,415.865,416.153,"gauss",0.0038,230.764182140909,232.053640866467,"opt_within","interval",231.368124093065,"Akron_CPER","Akron","CO",40.1526,-103.1357,1997,167,284,228,234,"Washington_CO",926.955,1488.855,110.56,298,1022.67125,931.443920454545,-4.48892045454545,1473.168125,15.6868750000001,79.5706818181818,30.9893181818182,294.352272727273,3.64772727272725,1024.2053,91.2273295454545
301,"Williams_ND",210.600796464174,20.0802248101616,51.4676870839002,184.866952922223,65935.0303245931,1309.95900716807,FALSE,152.162544521013,"in_range",194.33243814731,220.887068557027,208.259339726461,212.825064742428,467.5829,468.3386,"gauss",-0.0016,208.259339726461,212.825064742428,"opt_within","interval",210.600796464174,"Williston_REC","Williston","ND",48.139,-103.7383,1979,141,267,205,218,"Williams_ND",NA,NA,NA,NA,NA,NA,NA,NA,NA,NA,NA,NA,NA,NA,NA
302,"Williams_ND",212.025468321855,8.05276806348618,20.6400750374565,201.705430803127,26486.971458106,1312.19137458305,FALSE,61.0289485197819,"in_range",210.371174222226,231.148507191877,210.921969736635,214.773758569999,618.6099,619.5024,"gauss",0.0355,210.921969736635,214.773758569999,"opt_within","interval",212.025468321855,"Williston_REC","Williston","ND",48.139,-103.7383,1980,136,275,206,214,"Williams_ND",826.63,1364.73,81.78,292,926.8404,791.693295454545,34.9367045454545,1361.94647727273,2.78352272727284,71.8222727272727,9.95772727272727,280.045454545455,11.9545454545454,904.9899625,135.147104545455
303,"Williams_ND",211.339974224113,27.9144080570449,71.5475066935134,175.566220877356,87442.2506121982,1249.69194372223,FALSE,210.832737637154,"in_range",197.971750320504,249.650512525219,207.178938141485,215.578468851026,607.714,607.0154,"gauss",0.0034,207.178938141485,215.578468851026,"opt_within","interval",211.339974224113,"Williston_REC","Williston","ND",48.139,-103.7383,1981,126,267,201,218,"Williams_ND",686.91,1359.305,113.17,294,818.86835,791.693295454545,-104.783295454546,1361.94647727273,-2.64147727272712,71.8222727272727,41.3477272727273,280.045454545455,13.9545454545454,904.9899625,27.1750545454545
304,"Williams_ND",215.957362543672,20.6457406098281,52.9171624007058,189.498781343319,80112.6479745661,1548.03468066225,FALSE,158.257287054781,"less_than",188.71192583271,222.200701952379,213.843264577643,220.404115319873,830.1119,828.434,"gauss",-0.0116,192,220.404115319873,"opt_before","interval",215.957362543672,"Williston_REC","Williston","ND",48.139,-103.7383,1982,152,287,216,226,"Williams_ND",809.885,1261.925,60.44,293,920.824,791.693295454545,18.1917045454545,1361.94647727273,-100.021477272727,71.8222727272727,-11.3822727272727,280.045454545455,12.9545454545454,904.9899625,129.130704545454
305,"Williams_ND",193.68692963161,8.94816124608101,22.9350601073213,182.21939957795,12762.826922316,569.014251837231,FALSE,63.7466177215917,"in_range",180.773725167542,196.536124970793,191.628190145803,194.927009354443,556.1492,566.735,"gauss",-0.0162,191.628190145803,194.927009354443,"opt_within","interval",193.68692963161,"Williston_REC","Williston","ND",48.139,-103.7383,1984,136,262,189,202,"Williams_ND",770.085,1403.39,15.26,271,878.6651,791.693295454545,-21.6082954545454,1361.94647727273,41.4435227272729,71.8222727272727,-56.5622727272727,280.045454545455,-9.04545454545456,904.9899625,86.9718045454546
306,"Williams_ND",206.982936905919,13.5170439580342,34.6455776919078,189.660148059966,51450.3113794829,1518.50542269597,FALSE,103.477235631716,"in_range",197.019436976919,213.115754016894,205.630277119403,208.318949481598,323.4687,322.0844,"gauss",-0.0024,205.630277119403,208.318949481598,"opt_within","interval",206.982936905919,"Williston_REC","Williston","ND",48.139,-103.7383,1987,134,259,203,211,"Williams_ND",781.96,1397.38,113.58,280,895.71705,791.693295454545,-9.73329545454544,1361.94647727273,35.4335227272729,71.8222727272727,41.7577272727273,280.045454545455,-0.045454545454561,904.9899625,104.023754545454
307,"Williams_ND",211.322875481799,9.64405893735766,24.7187176587502,198.963516652424,12077.6228692796,499.610634961449,FALSE,67.9961777276923,"in_range",205.779855745447,237.81703011419,208.434602304112,213.726958632039,247.1253,245.8525,"gauss",0.0302,208.434602304112,213.726958632039,"opt_within","interval",211.322875481799,"Williston_REC","Williston","ND",48.139,-103.7383,1989,135,263,203,213,"Williams_ND",773.47,1417.2,48.83,255,883.8426,791.693295454545,-18.2232954545455,1361.94647727273,55.2535227272729,71.8222727272727,-22.9922727272727,280.045454545455,-25.0454545454546,904.9899625,92.1493045454545
308,"Williams_ND",127.866250785925,NA,NA,NA,NA,958.951021012908,TRUE,0,"less_than",197.058778064083,295.941111352016,198.632054971269,213.854663787218,195.8045,193.8126,"linear",0.0179,202,238,"opt_after","interval",NA,"Williston_REC","Williston","ND",48.139,-103.7383,1992,135,273,192,202,"Williams_ND",665.21,1196.255,72.97,272,791.25895,791.693295454545,-126.483295454545,1361.94647727273,-165.691477272727,71.8222727272727,1.14772727272727,280.045454545455,-8.04545454545456,904.9899625,-0.434345454545451
309,"Williams_ND",208.472373755908,11.2299940398414,28.7836328856305,194.080557313093,39785.2553790826,1413.35965548818,FALSE,85.5470541793663,"in_range",205.9252669907,212.701238725374,207.255031656615,209.957008415737,289.1701,308.1034,"gauss",0.0237,207.255031656615,209.957008415737,"opt_within","interval",208.472373755908,"Williston_REC","Williston","ND",48.139,-103.7383,1994,133,249,191,213,"Williams_ND",737.55,1328.02,45.69,297,865.9795,791.693295454545,-54.1432954545455,1361.94647727273,-33.9264772727272,71.8222727272727,-26.1322727272727,280.045454545455,16.9545454545454,904.9899625,74.2862045454546
310,"Williams_ND",212.207477484145,9.01927459989428,23.1173309671423,200.648812000574,35426.692075785,1567.00022460337,FALSE,69.193384207519,"in_range",210.02411563507,216.308515003555,211.400620373812,213.297022016876,300.4186,303.468,"gauss",0.0066,211.400620373812,213.297022016876,"opt_within","interval",212.207477484145,"Williston_REC","Williston","ND",48.139,-103.7383,1995,142,254,207,217,"Williams_ND",781.835,1348.57,95.72,264,886.199,791.693295454545,-9.85829545454544,1361.94647727273,-13.3764772727272,71.8222727272727,23.8977272727273,280.045454545455,-16.0454545454546,904.9899625,94.5057045454545
311,"Williams_ND",217.255381238402,NA,NA,NA,NA,1204.81018721229,TRUE,0,"greater_than",NA,NA,NA,NA,160.096,160.717,"linear",-0.0286,183,208,"opt_before","interval",NA,"Williston_REC","Williston","ND",48.139,-103.7383,1996,143,269,208,216,"Williams_ND",772.72,1312.11,102.39,276,888.0934,791.693295454545,-18.9732954545455,1361.94647727273,-49.8364772727273,71.8222727272727,30.5677272727273,280.045454545455,-4.04545454545456,904.9899625,96.4001045454545
312,"Williams_ND",208.519268030962,7.68767339660901,19.7042997536397,198.667118154142,28992.1285800566,1504.51057071707,FALSE,58.8143609926073,"in_range",191.690991057574,210.113736338448,206.475362704454,209.624606035534,237.1589,236.6507,"gauss",-0.03,206.475362704454,209.624606035534,"opt_within","interval",208.519268030962,"Williston_REC","Williston","ND",48.139,-103.7383,1997,140,268,207,214,"Williams_ND",813.065,1384.76,92.62,286,915.3701,791.693295454545,21.3717045454546,1361.94647727273,22.8135227272728,71.8222727272727,20.7977272727273,280.045454545455,5.95454545454544,904.9899625,123.676804545455
313,"Williams_ND",207.21632415097,24.6089006806698,63.075150387288,175.678748957326,73345.6720210997,1189.02871905437,FALSE,185.21714849979,"in_range",191.234935396702,221.438667086794,206.097226421128,210.859008690668,336.4872,334.541,"gauss",-0.0034,206.097226421128,210.859008690668,"opt_within","interval",207.21632415097,"Williston_REC","Williston","ND",48.139,-103.7383,1998,135,267,204,213,"Williams_ND",749.96,1389.84,43.69,286,871.3573,791.693295454545,-41.7332954545454,1361.94647727273,27.8935227272727,71.8222727272727,-28.1322727272727,280.045454545455,5.95454545454544,904.9899625,79.6640045454545
314,"Williams_ND",212.424499249455,16.4924655401082,42.2718900652322,191.288554216839,48838.6817124091,1181.37673271258,FALSE,124.072771212108,"in_range",203.550287182005,230.464494513993,210.204670764638,214.537043364235,327.3685,327.0042,"gauss",0.0038,210.204670764638,214.537043364235,"opt_within","interval",212.424499249455,"Williston_REC","Williston","ND",48.139,-103.7383,1999,139,272,206,216,"Williams_ND",740.67,1268.16,98.39,275,871.657,791.693295454545,-51.0232954545455,1361.94647727273,-93.7864772727271,71.8222727272727,26.5677272727273,280.045454545455,-5.04545454545456,904.9899625,79.9637045454546
315,"Williams_ND",234.129423285424,NA,NA,NA,NA,968.24574055434,TRUE,0,"greater_than",153.779249591551,213.058867158223,199.955773698173,209.79313031504,286.5807,284.5901,"exclude",-0.0127,NA,NA,"unclear","interval",NA,"Williston_REC","Williston","ND",48.139,-103.7383,2001,135,271,204,215,"Williams_ND",743.275,1385.45,108.95,278,863.49895,791.693295454545,-48.4182954545455,1361.94647727273,23.5035227272729,71.8222727272727,37.1277272727273,280.045454545455,-2.04545454545456,904.9899625,71.8056545454546
316,"Williams_ND",207.946740011237,9.76271725657872,25.0228511682755,195.435314427099,37750.2841979333,1542.62220936267,FALSE,74.817016571412,"in_range",192.230126602198,209.955273005057,205.666983268694,209.057651714583,310.3895,311.092,"gauss",-0.0162,205.666983268694,209.057651714583,"opt_within","interval",207.946740011237,"Williston_REC","Williston","ND",48.139,-103.7383,2002,142,268,205,214,"Williams_ND",821.985,1341.705,116.88,275,925.4851,791.693295454545,30.2917045454545,1361.94647727273,-20.2414772727273,71.8222727272727,45.0577272727273,280.045454545455,-5.04545454545456,904.9899625,133.791804545455
317,"Williams_ND",250.171921672469,NA,NA,NA,NA,1303.29921709064,TRUE,0,"greater_than",119.555943442955,222.100153920052,198.041110051236,220.378335606372,572.9904,571.0145,"linear",-0.0163,179,218,"opt_before","interval",NA,"Williston_REC","Williston","ND",48.139,-103.7383,2004,139,287,218,230,"Williams_ND",669.355,1160.56,44.35,275,800.32945,791.693295454545,-122.338295454545,1361.94647727273,-201.386477272727,71.8222727272727,-27.4722727272727,280.045454545455,-5.04545454545456,904.9899625,8.63615454545447
318,"Williams_ND",208.198391271204,16.0259376961644,41.0761310876794,187.660325727364,72824.9481887738,1812.87057589766,FALSE,124.158447618722,"in_range",179.051032331375,211.257844467646,204.575574212243,210.180301384894,701.9127,700.5876,"gauss",-0.0109,204.575574212243,210.180301384894,"opt_within","interval",208.198391271204,"Williston_REC","Williston","ND",48.139,-103.7383,2005,144,286,205,215,"Williams_ND",807.3,1345.845,61.78,279,928.95895,791.693295454545,15.6067045454545,1361.94647727273,-16.1014772727272,71.8222727272727,-10.0422727272727,280.045454545455,-1.04545454545456,904.9899625,137.265654545454
319,"Williams_ND",200.659795256927,NA,NA,NA,NA,1119.23901462873,TRUE,0,"in_range",NA,NA,NA,NA,267.144,267.8219,"exclude",-0.0055,NA,NA,"unclear","interval",NA,"Williston_REC","Williston","ND",48.139,-103.7383,2006,137,279,197,204,"Williams_ND",826.775,1432.425,37.78,284,936.0926,791.693295454545,35.0817045454545,1361.94647727273,70.4785227272728,71.8222727272727,-34.0422727272727,280.045454545455,3.95454545454544,904.9899625,144.399304545454
320,"Williams_ND",213.084209791777,NA,NA,NA,NA,1050.46801468179,TRUE,0,"in_range",NA,NA,NA,NA,457.1911,456.208,"exclude",2e-04,NA,NA,"unclear","interval",NA,"Williston_REC","Williston","ND",48.139,-103.7383,2008,136,283,208,219,"Williams_ND",722.155,1295.835,66.45,297,838.90505,791.693295454545,-69.5382954545455,1361.94647727273,-66.1114772727271,71.8222727272727,-5.37227272727273,280.045454545455,16.9545454545454,904.9899625,47.2117545454545
321,"Williams_ND",209.051908853103,13.7569134972956,35.2603880590418,191.421714823583,82039.4970501996,2379.09644795158,FALSE,108.492961706671,"in_range",181.039328134304,211.435129224497,205.135578473919,210.717589090474,404.2245,402.8471,"gauss",-0.0177,205.135578473919,210.717589090474,"opt_within","interval",209.051908853103,"Williston_REC","Williston","ND",48.139,-103.7383,2009,138,276.401219512195,208,217,"Williams_ND",718.925,1262.26,110.57,282,825.85455,791.693295454545,-72.7682954545455,1361.94647727273,-99.6864772727272,71.8222727272727,38.7477272727273,280.045454545455,1.95454545454544,904.9899625,34.1612545454545
322,"Williams_ND",219.317421575887,NA,NA,NA,NA,1255.26284838232,TRUE,0,"in_range",NA,NA,NA,NA,330.5284,332.2539,"linear",0.047,224,262,"opt_after","interval",NA,"Williston_REC","Williston","ND",48.139,-103.7383,2011,153,297,218,224,"Williams_ND",867.99,1344.39,61.13,301,981.3187,791.693295454545,76.2967045454545,1361.94647727273,-17.5564772727271,71.8222727272727,-10.6922727272727,280.045454545455,20.9545454545454,904.9899625,189.625404545455
323,"Williams_ND",217.110554717166,9.99387266427149,25.615326317501,204.302891558415,45022.2709448777,1797.2299670991,FALSE,77.3812432667802,"in_range",213.269755719384,218.857971194119,215.802549145127,218.026385245737,246.907,251.9316,"gauss",-0.0174,215.802549145127,218.026385245737,"opt_within","interval",217.110554717166,"Williston_REC","Williston","ND",48.139,-103.7383,2013,144,288,213,227,"Williams_ND",779.92,1391.72,58.05,278,910.5895,791.693295454545,-11.7732954545455,1361.94647727273,29.7735227272728,71.8222727272727,-13.7722727272727,280.045454545455,-2.04545454545456,904.9899625,118.896204545455
324,"Williams_ND",205.705001463733,NA,NA,NA,NA,1543.60595841476,TRUE,0,"in_range",NA,NA,NA,NA,238.9781,237.8337,"exclude",0.0106,NA,NA,"unclear","interval",NA,"Williston_REC","Williston","ND",48.139,-103.7383,2014,154,280,204,208,"Williams_ND",825.8,1345.06,68.15,277,943.4451,791.693295454545,34.1067045454545,1361.94647727273,-16.8864772727272,71.8222727272727,-3.67227272727273,280.045454545455,-3.04545454545456,904.9899625,151.751804545455
325,"Williams_ND",217.361270323454,NA,NA,NA,NA,1370.62624728601,TRUE,0,"in_range",NA,NA,NA,NA,184.6206,185.392,"exclude",-0.0251,NA,NA,"unclear","interval",NA,"Williston_REC","Williston","ND",48.139,-103.7383,2015,149,296,215,219,"Williams_ND",864.54,1388.275,52.91,317,968.3415,791.693295454545,72.8467045454545,1361.94647727273,26.3285227272729,71.8222727272727,-18.9122727272727,280.045454545455,36.9545454545454,904.9899625,176.648204545455
326,"Williams_ND",220.218442823873,6.76302148011001,17.3343215312935,211.551282058226,34531.26079056,2036.95640557074,FALSE,52.8008348770839,"in_range",216.758647287697,228.056073755912,219.340157925302,221.196754935064,136.1094,134.2547,"gauss",0.0093,219.340157925302,221.196754935064,"opt_within","interval",220.218442823873,"Williston_REC","Williston","ND",48.139,-103.7383,2016,155,300,218,222,"Williams_ND",906.055,1435.635,39.53,287,1007.0721,791.693295454545,114.361704545454,1361.94647727273,73.6885227272728,71.8222727272727,-32.2922727272727,280.045454545455,6.95454545454544,904.9899625,215.378804545454
327,"Williams_ND",224.017937172047,NA,NA,NA,NA,2788.83909992914,TRUE,0,"less_than",NA,NA,NA,NA,260.4292,258.5428,"exclude",0.0338,NA,NA,"unclear","interval",NA,"Williston_REC","Williston","ND",48.139,-103.7383,2017,157,321,226,232,"Williams_ND",878.765,1423.34,113.51,286,984.3343,791.693295454545,87.0717045454545,1361.94647727273,61.3935227272727,71.8222727272727,41.6877272727273,280.045454545455,5.95454545454544,904.9899625,192.641004545455
328,"Williams_ND",217.754208231228,NA,NA,NA,NA,1067.56101831511,TRUE,0,"in_range",NA,NA,NA,NA,237.1403,236.2924,"exclude",-0.0073,NA,NA,"unclear","interval",NA,"Williston_REC","Williston","ND",48.139,-103.7383,2019,148,281,214,221,"Williams_ND",829.17,1307.095,94.57,283,940.5876,791.693295454545,37.4767045454545,1361.94647727273,-54.8514772727272,71.8222727272727,22.7477272727273,280.045454545455,2.95454545454544,904.9899625,148.894304545454
329,"Williams_ND",220.285166387616,5.76125210396544,14.7666833066681,212.901824734282,21419.8852006753,1483.23622950185,FALSE,44.0334020850702,"in_range",213.745109836232,222.594763319196,219.316960143431,221.016238070685,258.153,256.7142,"gauss",-0.0122,219.316960143431,221.016238070685,"opt_within","interval",220.285166387616,"Williston_REC","Williston-clearfield","ND",48.139,-103.7383,2020,149,279,218,223,"Williams_ND",791.045,1370.9,28.57,252,900.95705,791.693295454545,-0.648295454545519,1361.94647727273,8.95352272727291,71.8222727272727,-43.2522727272727,280.045454545455,-28.0454545454546,904.9899625,109.263754545455
330,"Williams_ND",216.450616472022,12.1497498777511,31.1410619536145,200.880085495215,41648.1089310345,1367.53362978939,FALSE,92.3429852267555,"in_range",212.102007650858,232.598962881213,214.634032545358,218.066189967432,256.5827,254.8536,"gauss",0.0104,214.634032545358,218.066189967432,"opt_within","interval",216.450616472022,"Williston_REC","Williston-clearfield","ND",48.139,-103.7383,2021,152,281,211,218,"Williams_ND",850.115,1443.92,35.57,294,946.26125,791.693295454545,58.4217045454545,1361.94647727273,81.9735227272729,71.8222727272727,-36.2522727272727,280.045454545455,13.9545454545454,904.9899625,154.567954545455
331,"Williams_ND",233.835033749212,NA,NA,NA,NA,942.466403852946,TRUE,0,"greater_than",NA,NA,NA,NA,230.8891,229.4793,"linear",-0.0346,204,224,"opt_before","interval",NA,"Williston_REC","Williston","ND",48.139,-103.7383,2022,164,292,224,233,"Williams_ND",927.71,1423.56,9.75,280,1025.56125,791.693295454545,136.016704545455,1361.94647727273,61.6135227272728,71.8222727272727,-62.0722727272727,280.045454545455,-0.045454545454561,904.9899625,233.867954545454
