"group","named_location","location","county_state","Year","latitude","longitude","planting_doy","mu","sd","y2","y3","cens","y_na","outside_data","mod_for_cens","opt_relation_to_data","GDD_mod_sitemean","GDD_anomaly","GDD_fixed_sitemean","GDD_fixed_anomaly","tot_precip_sitemean","precip_anomaly","frost_sitemean","frost_anomaly","GDD_future_sitemean","GDD_future_anomaly","GDD_mod_sitemean_sc","GDD_anomaly_sc","GDD_fixed_sitemean_sc","GDD_fixed_anomaly_sc","tot_precip_sitemean_sc","precip_anomaly_sc","frost_sitemean_sc","frost_anomaly_sc","GDD_future_sitemean_sc","GDD_future_anomaly_sc"
"Adams_ND","Hettinger_REC","Hettinger","Adams_ND",1986,46.0033,-102.6444,136,204.478908261863,6.2769551011726,203.73299336415,205.219385532443,"interval",204.478908261863,"in_range","gauss","opt_within",772.831136363636,28.5588636363636,1350.38102272727,-17.0160227272727,73.1345454545455,-1.30454545454546,282.522727272727,2.47727272727275,887.503223863636,143.022563636364,-1.01699821041315,0.501811941520443,-0.708168911717458,-0.157046576376925,-1.35453065790567,-0.0064732215638367,-0.923641214401201,0.153800453951406,-1.09142178188439,0.64014157084315
"Adams_ND","Hettinger_REC","Hettinger","Adams_ND",2002,46.0033,-102.6444,133,214.851180309385,14.3675309091753,211.906816045487,215.625814233112,"interval",214.851180309385,"in_range","gauss","opt_within",772.831136363636,19.2938636363637,1350.38102272727,40.3689772727273,73.1345454545455,-0.49454545454546,282.522727272727,2.47727272727275,887.503223863636,121.600363636364,-1.01699821041315,0.345620907590292,-0.708168911717458,0.591486498386555,-1.35453065790567,0.0095036723076409,-0.923641214401201,0.153800453951406,-1.09142178188439,0.239597825433382
"Adams_ND","Hettinger_REC","Hettinger","Adams_ND",2003,46.0033,-102.6444,135,215.535581544724,8.32632482762541,214.925283883846,216.337665784405,"interval",215.535581544724,"in_range","gauss","opt_within",772.831136363636,-52.0911363636363,1350.38102272727,-1.50102272727258,73.1345454545455,-59.0445454545455,282.522727272727,-9.52272727272725,887.503223863636,68.4280636363636,-1.01699821041315,-0.857800242663773,-0.708168911717458,0.0453319311591116,-1.35453065790567,-1.14536933531583,-0.923641214401201,-0.87320554477649,-1.09142178188439,-0.754596617436718
"Adams_ND","Hettinger_REC","Hettinger","Adams_ND",2005,46.0033,-102.6444,125,211.17677565869,8.43372715093317,208.857140585557,213.521400211862,"interval",211.17677565869,"in_range","gauss","opt_within",772.831136363636,-87.1761363636364,1350.38102272727,-12.9460227272727,73.1345454545455,32.4954545454545,282.522727272727,-3.52272727272725,887.503223863636,45.4502636363636,-1.01699821041315,-1.44926947368799,-0.708168911717458,-0.103957274045526,-1.35453065790567,0.660216917764486,-0.923641214401201,-0.359702545412542,-1.09142178188439,-1.18422635076367
"Adams_ND","Hettinger_REC","Hettinger","Adams_ND",2009,46.0033,-102.6444,147,228.393481684879,7.11276847530208,227.693146185401,229.200958457337,"interval",228.393481684879,"in_range","gauss","opt_within",772.831136363636,-67.5361363636364,1350.38102272727,-140.951022727273,73.1345454545455,18.2654545454545,282.522727272727,-0.522727272727252,887.503223863636,44.0564636363637,-1.01699821041315,-1.11817482647934,-0.708168911717458,-1.77366148655923,-1.35453065790567,0.379536424195195,-0.923641214401201,-0.102951045730568,-1.09142178188439,-1.21028706685968
"Adams_ND","Hettinger_REC","Hettinger","Adams_ND",2013,46.0033,-102.6444,135,214.58970979521,8.00846408037894,213.274176202713,217.120522301619,"interval",214.58970979521,"in_range","gauss","opt_within",772.831136363636,-25.5011363636363,1350.38102272727,38.5139772727273,73.1345454545455,10.1054545454545,282.522727272727,-3.52272727272725,887.503223863636,102.290013636364,-1.01699821041315,-0.409541247283012,-0.708168911717458,0.567289777053693,-1.35453065790567,0.21858401186031,-0.923641214401201,-0.359702545412542,-1.09142178188439,-0.121459391573907
"Adams_ND","Hettinger_REC","Hettinger","Adams_ND",2014,46.0033,-102.6444,142,227.744201263813,16.4120345895303,217.655039775574,275,"interval",227.744201263813,"greater_than","gauss","opt_after",772.831136363636,-13.5061363636363,1350.38102272727,-76.7910227272728,73.1345454545455,63.6554545454545,282.522727272727,19.4772727272727,887.503223863636,114.319463636364,-1.01699821041315,-0.207327383063673,-0.708168911717458,-0.936754941698648,-1.35453065790567,1.27483421780799,-0.923641214401201,1.60872561881592,-1.09142178188439,0.103462463241171
"Adams_ND","Hettinger_REC","Hettinger","Adams_ND",2015,46.0033,-102.6444,139,257.259183139389,14.7280845821709,247.412775326305,258,"interval",257.259183139389,"greater_than","gauss","opt_after",772.831136363636,4.45886363636362,1350.38102272727,-25.1760227272728,73.1345454545455,-34.1345454545455,282.522727272727,6.47727272727275,887.503223863636,121.501163636364,-1.01699821041315,0.0955298133265235,-0.708168911717458,-0.263486062132263,-1.35453065790567,-0.654030537367057,-0.923641214401201,0.496135786860704,-1.09142178188439,0.237743023426835
"Adams_ND","Hettinger_REC","Hettinger","Adams_ND",2016,46.0033,-102.6444,138,214.609402463124,10.4196705096674,212.401992022242,219.472202452563,"interval",214.609402463124,"in_range","gauss","opt_within",772.831136363636,42.0038636363637,1350.38102272727,26.0989772727273,73.1345454545455,-27.5145454545455,282.522727272727,-1.52272727272725,887.503223863636,140.910663636364,-1.01699821041315,0.728470166149791,-0.708168911717458,0.405347838860984,-1.35453065790567,-0.523453947948314,-0.923641214401201,-0.188534878957893,-1.09142178188439,0.600654107560626
"Adams_ND","Hettinger_REC","Hettinger","Adams_ND",2017,46.0033,-102.6444,151,224.919414325492,12.9111183234694,223.250861668715,228.083926835418,"interval",224.919414325492,"in_range","gauss","opt_within",772.831136363636,78.6038636363636,1350.38102272727,16.5239772727273,73.1345454545455,-22.8445454545455,282.522727272727,-5.52272727272725,887.503223863636,177.938163636364,-1.01699821041315,1.34547953925757,-0.708168911717458,0.280451015808613,-1.35453065790567,-0.431340251183129,-0.923641214401201,-0.530870211867191,-1.09142178188439,1.29297952386522
"Adams_ND","Hettinger_REC","Hettinger","Adams_ND",2018,46.0033,-102.6444,151,220.311965980696,8.01220389802676,219.26929208978,222.778381838217,"interval",220.311965980696,"in_range","gauss","opt_within",772.831136363636,84.6538636363637,1350.38102272727,54.0339772727273,73.1345454545455,-15.0645454545455,282.522727272727,-5.52272727272725,887.503223863636,188.089263636364,-1.01699821041315,1.44747152579588,-0.708168911717458,0.769733504862862,-1.35453065790567,-0.277883171775604,-0.923641214401201,-0.530870211867191,-1.09142178188439,1.48278074008153
"Adams_ND","Hettinger_REC","Hettinger","Adams_ND",2019,46.0033,-102.6444,158,226.884515029982,10.0385241793556,225.854085655545,228.474984464408,"interval",226.884515029982,"in_range","gauss","opt_within",772.831136363636,71.5638636363636,1350.38102272727,-87.6060227272726,73.1345454545455,65.2354545454545,282.522727272727,0.477272727272748,887.503223863636,184.955613636364,-1.01699821041315,1.22679795492208,-0.708168911717458,-1.07782639248835,-1.35453065790567,1.30599902313754,-0.923641214401201,-0.0173672125032437,-1.09142178188439,1.42418900310758
"Adams_ND","Hettinger_REC","Hettinger","Adams_ND",2020,46.0033,-102.6444,139,208.09865239929,7.36452315249768,207.294716186781,209.435328972032,"interval",208.09865239929,"in_range","gauss","opt_within",772.831136363636,29.7288636363636,1350.38102272727,4.69397727272735,73.1345454545455,2.32545454545453,282.522727272727,8.47727272727275,887.503223863636,133.694263636364,-1.01699821041315,0.52153601164438,-0.708168911717458,0.126139849572629,-1.35453065790567,0.0651269324527848,-0.923641214401201,0.667303453315353,-1.09142178188439,0.465724740624687
"Adams_ND","Hettinger_REC","Hettinger","Adams_ND",2021,46.0033,-102.6444,154,217.266567770613,5.47029696518755,216.892514190501,217.795522724937,"interval",217.266567770613,"in_range","gauss","opt_within",772.831136363636,157.798863636364,1350.38102272727,67.5289772727274,73.1345454545455,-4.08454545454546,282.522727272727,11.4772727272727,887.503223863636,247.167913636364,-1.01699821041315,2.68056307213381,-0.708168911717458,0.945763022052603,-1.35453065790567,-0.0613074992955745,-0.923641214401201,0.924054952997327,-1.09142178188439,2.58740975786461
"Adams_ND","Hettinger_REC","Hettinger","Adams_ND",2022,46.0033,-102.6444,152,224.875639462274,10.6598745465585,221.752915583302,259,"interval",224.875639462274,"greater_than","gauss","opt_after",772.831136363636,70.4138636363637,1350.38102272727,26.3989772727273,73.1345454545455,-54.5445454545455,282.522727272727,-2.52272727272725,887.503223863636,178.182013636364,-1.01699821041315,1.20741104839001,-0.708168911717458,0.409261055249048,-1.35453065790567,-1.05660881380762,-0.923641214401201,-0.274118712185217,-1.09142178188439,1.29753893383796
"Box Butte_NE","Alliance-Hemingford_1","Box_Butte","Box Butte_NE",2014,42.2141,-102.9801,155,225.085096114172,12.930372864469,223.857587263645,226.483990218793,"interval",225.085096114172,"in_range","gauss","opt_within",856.346079545455,-11.1860795454546,1429.85954545455,-61.0945454545454,72.5293181818182,14.2506818181818,289.613636363636,14.3863636363636,958.118490340909,93.3887704545455,-0.259029885190391,-0.16821544855655,-0.21612322263809,-0.732009234703619,-1.37955048010779,0.30034679730416,-0.157624313208927,1.17302610420409,-0.367587265065927,-0.287891283856147
"Brookings_SD","Brookings","Brookings","Brookings_SD",1982,44.3693,-96.7878,154,224.126576757346,10.6245052067949,222.672366839638,225.156945760569,"interval",224.126576757346,"in_range","gauss","opt_within",921.705568181818,-43.9555681818182,1490.78113636364,-61.9511363636364,137.848863636364,-11.6488636363636,292.431818181818,0.568181818181813,1032.22263636364,76.7214318181818,0.334162425690635,-0.720649373162701,0.161037866295797,-0.74318265331469,1.32073003803743,-0.210510349667176,0.146818301367488,-0.00958686402803456,0.392009652236214,-0.599530529284816
"Brookings_SD","Brookings","Brookings","Brookings_SD",1983,44.3693,-96.7878,152,218.624029157137,4.94483194013009,216.667888024917,219.861976840089,"interval",218.624029157137,"in_range","gauss","opt_within",921.705568181818,35.6494318181818,1490.78113636364,50.9088636363638,137.848863636364,-25.9588636363636,292.431818181818,-5.43181818181819,1032.22263636364,144.818681818182,0.334162425690635,0.621346013346717,0.161037866295797,0.728969351874931,1.32073003803743,-0.492768808063279,0.146818301367488,-0.523089863391982,0.392009652236214,0.673724671726532
"Brookings_SD","Brookings","Brookings","Brookings_SD",1984,44.3693,-96.7878,179,240.641504376186,10.8695044697918,238.260670540326,242.762264077106,"interval",240.641504376186,"in_range","gauss","opt_within",921.705568181818,31.0394318181818,1490.78113636364,-8.90113636363617,137.848863636364,-60.3188636363636,292.431818181818,-22.4318181818182,1032.22263636364,130.742331818182,0.334162425690635,0.543629805422485,0.161037866295797,-0.0511955553587308,1.32073003803743,-1.17050470117929,0.146818301367488,-1.9780150282565,0.392009652236214,0.41053069768564
"Brookings_SD","Brookings","Brookings","Brookings_SD",1986,44.3693,-96.7878,171,235.400837423713,8.21166869995173,230.969871925688,237.548979079675,"interval",235.400837423713,"in_range","gauss","opt_within",921.705568181818,10.6044318181818,1490.78113636364,-5.56613636363636,137.848863636364,112.121136363636,292.431818181818,-6.43181818181819,1032.22263636364,115.123981818182,0.334162425690635,0.199132905437308,0.161037866295797,-0.00769363317809022,1.32073003803743,2.23079848301527,0.146818301367488,-0.608673696619307,0.392009652236214,0.118505023099433
"Brookings_SD","Brookings","Brookings","Brookings_SD",1988,44.3693,-96.7878,147,193.00796279907,26.8996957586065,187,207.146012694184,"interval",193.00796279907,"less_than","gauss","opt_before",921.705568181818,91.9594318181818,1490.78113636364,150.788863636364,137.848863636364,9.93113636363637,292.431818181818,-14.4318181818182,1032.22263636364,184.702631818182,0.334162425690635,1.57063010623467,0.161037866295797,2.03180952800765,1.32073003803743,0.215145662365523,0.146818301367488,-1.2933443624379,0.392009652236214,1.41945885004323
"Brookings_SD","Brookings","Brookings","Brookings_SD",1993,44.3693,-96.7878,146,228.473217009167,11.9082241896708,225.575296174581,234.765678688014,"interval",228.473217009167,"in_range","gauss","opt_within",921.705568181818,-130.915568181818,1490.78113636364,-122.846136363636,137.848863636364,-20.5288636363636,292.431818181818,-10.4318181818182,1032.22263636364,13.4774818181818,0.334162425690635,-2.18663667057943,0.161037866295797,-1.53750035981852,1.32073003803743,-0.385664445443374,0.146818301367488,-0.951009029528605,0.392009652236214,-1.78204066398191
"Brookings_SD","Brookings","Brookings","Brookings_SD",1994,44.3693,-96.7878,139,207.080044789195,34.2078996243332,206.967555779609,210.87597474245,"interval",207.080044789195,"in_range","gauss","opt_within",921.705568181818,-42.8905681818181,1490.78113636364,-25.7761363636362,137.848863636364,-49.9988636363636,292.431818181818,6.56818181818181,1032.22263636364,78.5650818181819,0.334162425690635,-0.70269541189604,0.161037866295797,-0.271313977187322,1.32073003803743,-0.966947238520465,0.146818301367488,0.503916135335913,0.392009652236214,-0.565058697436326
"Brookings_SD","Brookings","Brookings","Brookings_SD",1997,44.3693,-96.7878,140,216.524924588596,18.0498509396237,214.040186727762,221.189927872424,"interval",216.524924588596,"in_range","gauss","opt_within",921.705568181818,-49.3505681818182,1490.78113636364,-36.9111363636364,137.848863636364,-2.42886363636364,292.431818181818,1.56818181818181,1032.22263636364,64.6831318181818,0.334162425690635,-0.811599252067523,0.161037866295797,-0.416559525457628,1.32073003803743,-0.028649903377024,0.146818301367488,0.07599696919929,0.392009652236214,-0.824617857867615
"Cass_ND","Casselton_1","Casselton","Cass_ND",1982,46.9005,-97.2112,140,210.877509983712,16.5956974340823,209.583088318508,214.467162020239,"interval",210.877509983712,"in_range","gauss","opt_within",868.906079545455,-98.3860795454545,1462.13573863636,-118.345738636364,116.807272727273,-24.0872727272727,288.340909090909,5.65909090909093,982.325446590909,26.0889704545455,-0.145037325271242,-1.63824870907563,-0.0163036843522226,-1.47879692602129,0.450880169866835,-0.455852500254183,-0.295114526243441,0.426112650583802,-0.119456352942218,-1.54623608305176
"Cass_ND","Casselton_ASF","Casselton_Sunwheat-full","Cass_ND",1987,46.8871,-97.2305,148,219.356431340423,33.710087544837,205.906240659591,251.763636363636,"interval",219.356431340423,"greater_than","gauss","opt_after",868.906079545455,41.5039204545454,1462.13573863636,23.8292613636363,116.807272727273,-0.757272727272735,288.340909090909,-8.34090909090907,982.325446590909,145.921820454545,-0.145037325271242,0.720042034204348,-0.0163036843522226,0.375741540555304,0.450880169866835,0.00432149236504038,-0.295114526243441,-0.772061014598742,-0.119456352942218,0.694350717656238
"Cass_ND","Casselton_ASF","Casselton","Cass_ND",1990,46.8871,-97.2305,141,213.585521168882,21.3343012774247,205.820337842495,239,"interval",213.585521168882,"greater_than","gauss","opt_after",868.906079545455,-16.0360795454545,1462.13573863636,-13.7157386363635,116.807272727273,-57.9872727272727,288.340909090909,-8.34090909090907,982.325446590909,95.5329204545454,-0.145037325271242,-0.249977619583125,-0.0163036843522226,-0.113997490410885,0.450880169866835,-1.12451509561602,-0.295114526243441,-0.772061014598742,-0.119456352942218,-0.247800822945487
"Cass_ND","Casselton_ASF","Casselton","Cass_ND",1992,46.8871,-97.2305,139,218.149439891529,15.5320420347577,216.339014863442,220.975410345861,"interval",218.149439891529,"in_range","gauss","opt_within",868.906079545455,-167.131079545455,1462.13573863636,-201.580738636364,116.807272727273,54.2027272727273,288.340909090909,-16.3409090909091,982.325446590909,-34.1699295454546,-0.145037325271242,-2.79716426520388,-0.0163036843522226,-2.5645188128896,0.450880169866835,1.0883833283853,-0.295114526243441,-1.45673168041734,-0.119456352942218,-2.67293294426456
"Cass_ND","Casselton_ASF","Casselton","Cass_ND",1993,46.8871,-97.2305,140,226.038514695314,16.3914167369631,224.057485626096,228.535055147462,"interval",226.038514695314,"in_range","gauss","opt_within",868.906079545455,-164.276079545455,1462.13573863636,-151.225738636364,116.807272727273,-31.5772727272727,288.340909090909,-13.3409090909091,982.325446590909,-14.9702795454546,-0.145037325271242,-2.74903416246556,-0.0163036843522226,-1.90768544215308,0.450880169866835,-0.603589457164513,-0.295114526243441,-1.19998018073536,-0.119456352942218,-2.31394555167385
"Cass_ND","Casselton_ASF","Casselton","Cass_ND",1994,46.8871,-97.2305,137,202.683930709524,NA,213,249.375,"interval",NA,"in_range","linear","opt_after",868.906079545455,-1.29107954545452,1462.13573863636,-18.6107386363635,116.807272727273,127.282727272727,288.340909090909,15.6590909090909,982.325446590909,115.231520454545,-0.145037325271242,-0.00140376148273755,-0.0163036843522226,-0.17784813780946,0.450880169866835,2.5298541976786,-0.295114526243441,1.28195098285705,-0.119456352942218,0.12051573760053
"Cass_ND","Casselton_ASF","Casselton","Cass_ND",1996,46.8871,-97.2305,143,214.951702112656,12.5127910848066,211.056032171497,216.602828651687,"interval",214.951702112656,"in_range","gauss","opt_within",868.906079545455,-35.9560795454545,1462.13573863636,-27.1957386363636,116.807272727273,16.5427272727273,288.340909090909,8.65909090909093,982.325446590909,78.7231704545454,-0.145037325271242,-0.58579255707785,-0.0163036843522226,-0.289831346781221,0.450880169866835,0.345556386163265,-0.295114526243441,0.682864150265776,-0.119456352942218,-0.56210281921113
"Cass_ND","Casselton_ASF","Casselton","Cass_ND",1997,46.8871,-97.2305,141,234.564471634235,38.3212902474975,214.736608346345,245.380952380952,"interval",234.564471634235,"greater_than","gauss","opt_after",868.906079545455,-9.66607954545452,1462.13573863636,-55.9707386363636,116.807272727273,-20.5972727272727,288.340909090909,6.65909090909093,982.325446590909,103.718170454545,-0.145037325271242,-0.142591015575023,-0.0163036843522226,-0.665174018669679,0.450880169866835,-0.387013784684484,-0.295114526243441,0.511696483811127,-0.119456352942218,-0.0947562854042773
"Cass_ND","Casselton_ASF","Casselton","Cass_ND",1998,46.8871,-97.2305,146,220.584907643825,11.9722534179059,219.536371273171,222.806572893395,"interval",220.584907643825,"in_range","gauss","opt_within",868.906079545455,-5.71607954545448,1462.13573863636,53.5692613636363,116.807272727273,-38.9672727272727,288.340909090909,18.6590909090909,982.325446590909,105.950670454546,-0.145037325271242,-0.0760012061822428,-0.0163036843522226,0.7636717251587,0.450880169866835,-0.749353958041327,-0.295114526243441,1.53870248253902,-0.119456352942218,-0.0530138914565345
"Cass_ND","Casselton_ASF","Casselton","Cass_ND",1999,46.8871,-97.2305,146,457.509399216324,224.609508948418,213.090979629295,250.458333333333,"interval",457.509399216324,"greater_than","gauss","opt_after",868.906079545455,25.1889204545455,1462.13573863636,-22.1557386363636,116.807272727273,4.46272727272726,288.340909090909,-13.3409090909091,982.325446590909,138.244570454546,-0.145037325271242,0.445000834142781,-0.0163036843522226,-0.224089311461748,0.450880169866835,0.107283697314562,-0.295114526243441,-1.19998018073536,-0.119456352942218,0.550804561358233
"Cass_ND","Casselton_ASF","Casselton","Cass_ND",2000,46.8871,-97.2305,143,223.533672124903,17.5840019078033,218.154295121386,255,"interval",223.533672124903,"greater_than","gauss","opt_after",868.906079545455,-49.6760795454545,1462.13573863636,-50.6557386363636,116.807272727273,2.42272727272727,288.340909090909,-6.34090909090907,982.325446590909,81.8672704545455,-0.145037325271242,-0.817086781095302,-0.0163036843522226,-0.595844868327814,0.450880169866835,0.0670455942308413,-0.295114526243441,-0.600893348144093,-0.119456352942218,-0.503315692308063
"Cass_ND","Casselton_ASF","Casselton","Cass_ND",2002,46.8871,-97.2305,140,214.453547424379,15.7323359311377,211.872793955888,249,"interval",214.453547424379,"greater_than","gauss","opt_after",868.906079545455,47.0189204545454,1462.13573863636,27.5592613636363,116.807272727273,4.60272727272726,288.340909090909,0.659090909090935,982.325446590909,149.299320454546,-0.145037325271242,0.813014894660343,-0.0163036843522226,0.424395864313565,0.450880169866835,0.110045135761484,-0.295114526243441,-0.00180651555282058,-0.119456352942218,0.757501864602935
"Cass_ND","Casselton_ASF","Casselton","Cass_ND",2003,46.8871,-97.2305,148,218.387847489736,NA,225,248,"interval",NA,"in_range","linear","opt_after",868.906079545455,12.6989204545455,1462.13573863636,2.92426136363633,116.807272727273,-90.7372727272727,288.340909090909,-14.3409090909091,982.325446590909,128.290120454545,-0.145037325271242,0.234442171024853,-0.0163036843522226,0.103055578580388,0.450880169866835,-1.77049444659243,-0.295114526243441,-1.28556401396269,-0.119456352942218,0.364680228353486
"Cass_ND","Casselton_ASF","Casselton","Cass_ND",2004,46.8871,-97.2305,148,223.191407628353,13.3546965959426,221.336797968903,224.437430477449,"interval",223.191407628353,"in_range","gauss","opt_within",868.906079545455,-79.0060795454546,1462.13573863636,-206.120738636364,116.807272727273,5.48272727272727,288.340909090909,-10.3409090909091,982.325446590909,54.4792204545455,-0.145037325271242,-1.31153718856118,-0.0163036843522226,-2.62373882089563,0.450880169866835,0.127402748856423,-0.295114526243441,-0.943228681053391,-0.119456352942218,-1.01540651988273
"Cass_ND","Casselton_ASF","Casselton","Cass_ND",2006,46.8871,-97.2305,143,205.741948644613,23.4495162401613,203.285799067633,207.777855040901,"interval",205.741948644613,"in_range","gauss","opt_within",868.906079545455,76.7889204545455,1462.13573863636,77.7942613636365,116.807272727273,-32.2372727272727,288.340909090909,-3.34090909090907,982.325446590909,176.554320454545,-0.145037325271242,1.31488290114719,-0.0163036843522226,1.07966394849486,0.450880169866835,-0.616607666985717,-0.295114526243441,-0.344141848462119,-0.119456352942218,1.26710497638152
"Cass_ND","Casselton_ASF","Casselton","Cass_ND",2007,46.8871,-97.2305,144,209.926169188586,8.23074985700851,208.639337811313,210.670880586745,"interval",209.926169188586,"in_range","gauss","opt_within",868.906079545455,63.1439204545454,1462.13573863636,82.3142613636364,116.807272727273,-15.3172727272727,288.340909090909,18.6590909090909,982.325446590909,174.088470454545,-0.145037325271242,1.08485304059922,-0.0163036843522226,1.13862307540835,0.450880169866835,-0.282868106114853,-0.295114526243441,1.53870248253902,-0.119456352942218,1.22099949727019
"Cass_ND","Casselton_ASF","Casselton","Cass_ND",2008,46.8871,-97.2305,142,218.233775523183,15.9852249554643,216.90484882543,220.002566481536,"interval",218.233775523183,"in_range","gauss","opt_within",868.906079545455,-58.8510795454546,1462.13573863636,-83.6657386363636,116.807272727273,28.2027272727273,288.340909090909,13.6590909090909,982.325446590909,64.4859204545455,-0.145037325271242,-0.971760578862075,-0.0163036843522226,-1.02642911156111,0.450880169866835,0.575544759671201,-0.295114526243441,1.1107833164024,-0.119456352942218,-0.828305237232397
"Cass_ND","Casselton_ASF","Casselton","Cass_ND",2009,46.8871,-97.2305,152,226.448603154459,20.0127204335772,223.255908694375,229.191260502802,"interval",226.448603154459,"in_range","gauss","opt_within",868.906079545455,-55.2410795454546,1462.13573863636,-126.040738636364,116.807272727273,22.3527272727273,288.340909090909,-6.34090909090907,982.325446590909,72.0956704545455,-0.145037325271242,-0.910902550530952,-0.0163036843522226,-1.57917092637512,0.450880169866835,0.46015608171053,-0.295114526243441,-0.600893348144093,-0.119456352942218,-0.686021168993282
"Cass_ND","Casselton_ASF","Casselton","Cass_ND",2010,46.8871,-97.2305,147,213.759506083819,5.14087646394169,213.367461031016,214.335831959198,"interval",213.759506083819,"in_range","gauss","opt_within",868.906079545455,76.5989204545455,1462.13573863636,60.9592613636364,116.807272727273,75.2927272727273,288.340909090909,13.6590909090909,982.325446590909,185.851270454546,-0.145037325271242,1.3116798470245,-0.0163036843522226,0.860067288851341,0.450880169866835,1.50437430585377,-0.295114526243441,1.1107833164024,-0.119456352942218,1.44093563681263
"Cavalier_ND","Langdon_REC","Langdon","Cavalier_ND",1982,48.7587,-98.3424,144,211.274261879463,10.5968718698389,209.904866527694,212.63013525268,"interval",211.274261879463,"in_range","gauss","opt_within",721.357613636364,-50.8876136363637,1238.36079545455,-139.445795454546,128.256136363636,-0.0761363636363512,284.227272727273,9.77272727272725,855.347839772727,80.5537863636363,-1.48416370593372,-0.837511040383022,-1.40167790040834,-1.75402721978791,0.924171023577493,0.017756607666056,-0.739502536229978,0.778173419087111,-1.42102723503447,-0.527874693592195
"Cavalier_ND","Langdon_REC","Langdon","Cavalier_ND",1983,48.7587,-98.3424,136,208.391486209312,8.19270040731336,205.732034893604,209.850774842684,"interval",208.391486209312,"in_range","gauss","opt_within",721.357613636364,-8.66261363636363,1238.36079545455,68.0442045454545,128.256136363636,-65.5861363636364,284.227272727273,1.77272727272725,855.347839772727,108.609136363636,-1.48416370593372,-0.125674407064007,-1.40167790040834,0.952483674743313,0.924171023577493,-1.27439933989011,-0.739502536229978,0.0935027532685142,-1.42102723503447,-0.00330695695534231
"Cavalier_ND","Langdon_REC","Langdon","Cavalier_ND",1984,48.7587,-98.3424,137,210.286165751486,17.0156767939632,177,216.165695310576,"interval",210.286165751486,"less_than","gauss","opt_before",721.357613636364,-37.9176136363636,1238.36079545455,-0.860795454545496,128.256136363636,-70.9761363636364,284.227272727273,-15.2272727272727,855.347839772727,85.5163363636364,-1.48416370593372,-0.618860451060401,-1.40167790040834,0.0536830906781818,0.924171023577493,-1.38071472009661,-0.739502536229978,-1.361422411596,-1.42102723503447,-0.435086914382623
"Cavalier_ND","Langdon_REC","Langdon","Cavalier_ND",1985,48.7587,-98.3424,135,165.304546899651,38.0254400589634,175,215.557081931049,"interval",165.304546899651,"less_than","gauss","opt_before",721.357613636364,-108.022613636364,1238.36079545455,-172.065795454545,128.256136363636,78.9438636363636,284.227272727273,-16.2272727272727,855.347839772727,24.9473863636363,-1.48416370593372,-1.80070313143529,-1.40167790040834,-2.17952428171672,0.924171023577493,1.5763913653502,-0.739502536229978,-1.44700624482333,-1.42102723503447,-1.56758096674592
"Cavalier_ND","Langdon_REC","Langdon","Cavalier_ND",1989,48.7587,-98.3424,135,201.030579861571,13.617396225923,175,205.326646287607,"interval",201.030579861571,"less_than","gauss","opt_before",721.357613636364,11.0323863636363,1238.36079545455,82.2642045454545,128.256136363636,-84.3661363636364,284.227272727273,-18.2272727272727,855.347839772727,132.135786363636,-1.48416370593372,0.206347440022268,-1.40167790040834,1.13797013153754,0.924171023577493,-1.64482658298437,-0.739502536229978,-1.61817391127798,-1.42102723503447,0.436584954610449
"Cavalier_ND","Langdon_REC","Langdon","Cavalier_ND",1991,48.7587,-98.3424,137,201.853091824846,11.3944081454576,199.42770680925,203.760217269946,"interval",201.853091824846,"in_range","gauss","opt_within",721.357613636364,69.5923863636364,1238.36079545455,139.369204545455,128.256136363636,-2.75613636363636,284.227272727273,3.77272727272725,855.347839772727,208.030736363636,-1.48416370593372,1.19356243699471,-1.40167790040834,1.88285087100549,0.924171023577493,-0.0351052140321662,-0.739502536229978,0.264670419723163,-1.42102723503447,1.85563843794489
"Cavalier_ND","Langdon_REC","Langdon","Cavalier_ND",1992,48.7587,-98.3424,136,216.465080037777,12.2790368477041,212.161421909531,218.22366844469,"interval",216.465080037777,"in_range","gauss","opt_within",721.357613636364,-155.292613636364,1238.36079545455,-210.735795454545,128.256136363636,-60.5261363636364,284.227272727273,-18.2272727272727,855.347839772727,-8.44516363636365,-1.48416370593372,-2.59758928080153,-1.40167790040834,-2.68393787413815,0.924171023577493,-1.17459306459421,-0.739502536229978,-1.61817391127798,-1.42102723503447,-2.1919415387592
"Cavalier_ND","Langdon_REC","Langdon","Cavalier_ND",1994,48.7587,-98.3424,137,225.107657738671,32.8877804478179,218.257760057206,259,"interval",225.107657738671,"greater_than","gauss","opt_after",721.357613636364,-21.8326136363637,1238.36079545455,-40.8207954545455,128.256136363636,16.7538636363636,284.227272727273,13.7727272727273,855.347839772727,142.175086363636,-1.48416370593372,-0.347696632305249,-1.40167790040834,-0.467557332211923,0.924171023577493,0.349720958106756,-0.739502536229978,1.12050875199641,-1.42102723503447,0.624295779049222
"Cavalier_ND","Langdon_REC","Langdon","Cavalier_ND",1996,48.7587,-98.3424,145,221.652647622126,33.3994393119031,217.327905933823,223.58364861231,"interval",221.652647622126,"in_range","gauss","opt_within",721.357613636364,15.8473863636364,1238.36079545455,-16.7557954545455,128.256136363636,69.3938636363636,284.227272727273,-8.22727272727275,855.347839772727,159.647936363636,-1.48416370593372,0.287519574763087,-1.40167790040834,-0.153652157616067,0.924171023577493,1.38802181414945,-0.739502536229978,-0.762335579004732,-1.42102723503447,0.950996154453386
"Cavalier_ND","Langdon_REC","Langdon","Cavalier_ND",1997,48.7587,-98.3424,135,269.609310508591,51.7308667221577,215.538756546176,246,"interval",269.609310508591,"greater_than","gauss","opt_after",721.357613636364,-4.69761363636371,1238.36079545455,-0.715795454545514,128.256136363636,-24.6261363636364,284.227272727273,9.77272727272725,855.347839772727,118.888836363636,-1.48416370593372,-0.0588317249773319,-1.40167790040834,0.0555744785990791,0.924171023577493,-0.46648134856206,-0.739502536229978,0.778173419087111,-1.42102723503447,0.188898770733166
"Cavalier_ND","Langdon_REC","Langdon","Cavalier_ND",1998,48.7587,-98.3424,139,213.297538781895,14.0422875097915,212.222970529146,214.60541863582,"interval",213.297538781895,"in_range","gauss","opt_within",721.357613636364,-20.9076136363636,1238.36079545455,31.2242045454545,128.256136363636,-81.3661363636364,284.227272727273,21.7727272727273,855.347839772727,119.987086363636,-1.48416370593372,-0.332102816181623,-1.40167790040834,0.472201583381611,0.924171023577493,-1.5856529019789,-0.739502536229978,1.80517941781501,-1.42102723503447,0.209433410891333
"Cavalier_ND","Langdon_REC","Langdon","Cavalier_ND",1999,48.7587,-98.3424,139,230.661853268135,22.4949242456605,217.962048406612,249,"interval",230.661853268135,"greater_than","gauss","opt_after",721.357613636364,-32.4476136363637,1238.36079545455,-84.6057954545454,128.256136363636,9.10386363636366,284.227272727273,-9.22727272727275,855.347839772727,110.484586363636,-1.48416370593372,-0.526646208686098,-1.40167790040834,-1.03869126404984,0.924171023577493,0.198828071542802,-0.739502536229978,-0.847919412232056,-1.42102723503447,0.0317594586008914
"Cavalier_ND","Langdon_REC","Langdon","Cavalier_ND",2000,48.7587,-98.3424,136,515.753588992695,134.235730728174,217.265866388825,250,"interval",515.753588992695,"greater_than","gauss","opt_after",721.357613636364,-112.512613636364,1238.36079545455,-92.6807954545454,128.256136363636,33.0738636363637,284.227272727273,-6.22727272727275,855.347839772727,31.8909363636363,-1.48416370593372,-1.87639635780834,-1.40167790040834,-1.14402200516189,0.924171023577493,0.671625782776526,-0.739502536229978,-0.591167912550082,-1.42102723503447,-1.43775324020803
"Cavalier_ND","Langdon_REC","Langdon","Cavalier_ND",2001,48.7587,-98.3424,137,223.211648876546,17.2814565726239,216.401472649622,249,"interval",223.211648876546,"greater_than","gauss","opt_after",721.357613636364,-40.5726136363637,1238.36079545455,32.7342045454545,128.256136363636,0.783863636363634,284.227272727273,-6.22727272727275,855.347839772727,99.2904363636363,-1.48416370593372,-0.663618917880106,-1.40167790040834,0.491898105868199,0.924171023577493,0.0347197295542911,-0.739502536229978,-0.591167912550082,-1.42102723503447,-0.17754429020543
"Cavalier_ND","Langdon_REC","Langdon","Cavalier_ND",2002,48.7587,-98.3424,134,213.465732973364,9.86055833963139,212.420655232899,215.700409736624,"interval",213.465732973364,"in_range","gauss","opt_within",721.357613636364,-8.59761363636369,1238.36079545455,2.63420454545439,128.256136363636,62.8838636363636,284.227272727273,-13.2272727272727,855.347839772727,116.038286363636,-1.48416370593372,-0.124578625390455,-1.40167790040834,0.0992720615991242,0.924171023577493,1.25961492636757,-0.739502536229978,-1.19025474514135,-1.42102723503447,0.135600324566208
"Cavalier_ND","Langdon_REC","Langdon","Cavalier_ND",2003,48.7587,-98.3424,135,216.628418424591,11.721811213502,215.578761612285,218.008493227195,"interval",216.628418424591,"in_range","gauss","opt_within",721.357613636364,-34.3176136363637,1238.36079545455,43.2642045454545,128.256136363636,-58.8561363636364,284.227272727273,-11.2272727272727,855.347839772727,106.795986363636,-1.48416370593372,-0.558171004525212,-1.40167790040834,0.62925200108924,0.924171023577493,-1.1416530488345,-0.739502536229978,-1.01908707868671,-1.42102723503447,-0.0372085119772237
"Cavalier_ND","Langdon_REC","Langdon","Cavalier_ND",2005,48.7587,-98.3424,132,211.389845702238,21.4542457117499,209.479393482414,213.344961239823,"interval",211.389845702238,"in_range","gauss","opt_within",721.357613636364,-35.4126136363636,1238.36079545455,-32.6557954545456,128.256136363636,-48.8861363636364,284.227272727273,12.7727272727273,855.347839772727,110.302336363636,-1.48416370593372,-0.576630711179664,-1.40167790040834,-0.361052626183453,0.924171023577493,-0.94499918229298,-0.739502536229978,1.03492491876908,-1.42102723503447,0.0283518208418864
"Cavalier_ND","Langdon_REC","Langdon","Cavalier_ND",2006,48.7587,-98.3424,137,204.814161670372,11.0773879325441,203.579686218742,205.512973968494,"interval",204.814161670372,"in_range","gauss","opt_within",721.357613636364,55.9073863636363,1238.36079545455,92.2942045454545,128.256136363636,2.58386363636365,284.227272727273,-0.227272727272748,855.347839772727,179.875486363636,-1.48416370593372,0.962858249263021,-1.40167790040834,1.26880199944514,0.924171023577493,0.0702239381575748,-0.739502536229978,-0.077664913186135,-1.42102723503447,1.32920281098088
"Cavalier_ND","Langdon_REC","Langdon","Cavalier_ND",2007,48.7587,-98.3424,136,213.658569541028,14.3306216509889,212.198381333206,216.78375657696,"interval",213.658569541028,"in_range","gauss","opt_within",721.357613636364,-0.877613636363662,1238.36079545455,24.2792045454546,128.256136363636,-39.4461363636364,284.227272727273,15.7727272727273,855.347839772727,132.030486363636,-1.48416370593372,0.00556652106834412,-1.40167790040834,0.381610623997934,0.924171023577493,-0.758799332729094,-0.739502536229978,1.29167641845106,-1.42102723503447,0.434616097238581
"Cavalier_ND","Langdon_REC","Langdon","Cavalier_ND",2008,48.7587,-98.3424,136,220.42669228763,15.9348232576209,218.092165337091,221.921871030634,"interval",220.42669228763,"in_range","gauss","opt_within",721.357613636364,-102.122613636364,1238.36079545455,-118.215795454546,128.256136363636,-6.94613636363636,284.227272727273,9.77272727272725,855.347839772727,47.0681863636363,-1.48416370593372,-1.70123987183595,-1.40167790040834,-1.47710194005926,0.924171023577493,-0.117751121836476,-0.739502536229978,0.778173419087111,-1.42102723503447,-1.15397507736666
"Cavalier_ND","Langdon_REC","Langdon","Cavalier_ND",2009,48.7587,-98.3424,135,223.985487403583,4.77276257303261,223.39871772522,224.45238301866,"interval",223.985487403583,"in_range","gauss","opt_within",721.357613636364,-122.882613636364,1238.36079545455,-138.885795454546,128.256136363636,-9.18613636363636,284.227272727273,-2.22727272727275,855.347839772727,14.8937863636363,-1.48416370593372,-2.05121568018888,-1.40167790040834,-1.74672254919686,0.924171023577493,-0.161934136987229,-0.739502536229978,-0.248832579640784,-1.42102723503447,-1.75555916687717
"Cavalier_ND","Langdon_REC","Langdon","Cavalier_ND",2012,48.7587,-98.3424,137,204.342972194315,21.292756258082,177,214.453563611286,"interval",204.342972194315,"less_than","gauss","opt_before",721.357613636364,28.8173863636363,1238.36079545455,68.5092045454544,128.256136363636,-50.9861363636364,284.227272727273,-18.2272727272727,855.347839772727,150.574386363636,-1.48416370593372,0.506170164085706,-1.40167790040834,0.958549160144811,0.924171023577493,-0.986420758996811,-0.739502536229978,-1.61817391127798,-1.42102723503447,0.78134253805718
"Cavalier_ND","Langdon_REC","Langdon","Cavalier_ND",2013,48.7587,-98.3424,137,220.70459484677,11.4882913155595,219.651175965162,221.697281229927,"interval",220.70459484677,"in_range","gauss","opt_within",721.357613636364,-2.52761363636364,1238.36079545455,13.6442045454546,128.256136363636,-27.5061363636364,284.227272727273,9.77272727272725,855.347839772727,136.845436363636,-1.48416370593372,-0.0222494752602848,-1.40167790040834,0.24288710304107,0.924171023577493,-0.523288082327314,-0.739502536229978,0.778173419087111,-1.42102723503447,0.524644110559376
"Cavalier_ND","Langdon_REC","Langdon","Cavalier_ND",2014,48.7587,-98.3424,143,313.536365494141,NA,183,213,"interval",NA,"greater_than","linear","opt_before",721.357613636364,30.0123863636363,1238.36079545455,-16.5157954545455,128.256136363636,105.973863636364,284.227272727273,-2.22727272727275,855.347839772727,179.727086363636,-1.48416370593372,0.526315688699471,-1.40167790040834,-0.150521584505616,0.924171023577493,2.10954623120951,-0.739502536229978,-0.248832579640784,-1.42102723503447,1.32642808701141
"Cavalier_ND","Langdon_REC","Langdon","Cavalier_ND",2017,48.7587,-98.3424,138,219.724555818496,16.3587660749279,217.709540479327,224.018755635578,"interval",219.724555818496,"in_range","gauss","opt_within",721.357613636364,-26.3026136363637,1238.36079545455,-6.4707954545454,128.256136363636,-23.4361363636364,284.227272727273,2.77272727272725,855.347839772727,108.211286363636,-1.48416370593372,-0.423052695086446,-1.40167790040834,-0.0194940557786108,0.924171023577493,-0.443009121763223,-0.739502536229978,0.179086586495839,-1.42102723503447,-0.0107457974624471
"Cavalier_ND","Langdon_REC","Langdon","Cavalier_ND",2018,48.7587,-98.3424,141,197.144707247205,29.6836189169678,181,205.138538679653,"interval",197.144707247205,"less_than","gauss","opt_before",721.357613636364,141.872386363636,1238.36079545455,146.394204545455,128.256136363636,-77.5661363636364,284.227272727273,-7.22727272727275,855.347839772727,261.304986363636,-1.48416370593372,2.41207165798461,-1.40167790040834,1.97448535475932,0.924171023577493,-1.5106995727053,-0.739502536229978,-0.676751745777407,-1.42102723503447,2.85173910122394
"Cavalier_ND","Langdon_REC","Langdon","Cavalier_ND",2020,48.7587,-98.3424,143,296.685459728207,80.1321911862209,216.432240480117,251,"interval",296.685459728207,"greater_than","gauss","opt_after",721.357613636364,110.027386363636,1238.36079545455,77.6792045454545,128.256136363636,21.6738636363636,284.227272727273,4.77272727272725,855.347839772727,230.292186363636,-1.48416370593372,1.87522292884206,-1.40167790040834,1.0781631410733,0.924171023577493,0.446765794955731,-0.739502536229978,0.350254252950488,-1.42102723503447,2.27187414488686
"Cavalier_ND","Langdon_REC","Langdon","Cavalier_ND",2022,48.7587,-98.3424,147,218.710329645923,16.9511944558762,216.614411342379,221.023594529461,"interval",218.710329645923,"in_range","gauss","opt_within",721.357613636364,95.6723863636363,1238.36079545455,75.2042045454546,128.256136363636,-34.1161363636364,284.227272727273,-4.22727272727275,855.347839772727,229.435186363636,-1.48416370593372,1.63322376078299,-1.40167790040834,1.04587910587177,0.924171023577493,-0.653667426142704,-0.739502536229978,-0.420000246095433,-1.42102723503447,2.25585030093918
"Cheyenne_NE","Cheyenne_HPAL","Cheyenne","Cheyenne_NE",1988,41.1388,-103.0018,171,220.985789190717,43.6018220982601,218.22334218379,225.867817192223,"interval",220.985789190717,"in_range","gauss","opt_within",907.550795454545,56.6842045454546,1460.61954545455,59.8254545454545,81.9527272727273,-50.3827272727273,291.522727272727,10.4772727272727,1002.36751590909,144.528254545455,0.205695962453725,0.975953989683305,-0.0256903248347734,0.845277850778647,-0.989991002839201,-0.974518779976392,0.0486110063428354,0.838471119770002,0.0859828146014928,0.668294378498607
"Cheyenne_NE","Cheyenne_HPAL","Cheyenne","Cheyenne_NE",1989,41.1388,-103.0018,160,232.890538123714,20.6978179771787,227.570489327035,253,"interval",232.890538123714,"greater_than","gauss","opt_after",907.550795454545,4.49420454545452,1460.61954545455,22.4354545454546,81.9527272727273,81.6472727272727,291.522727272727,0.477272727272748,1002.36751590909,102.109904545455,0.205695962453725,0.0961255967189617,-0.0256903248347734,0.357560648279625,-0.989991002839201,1.62971492107445,0.0486110063428354,-0.0173672125032437,0.0859828146014928,-0.124826999469224
"Cheyenne_NE","Cheyenne_HPAL","Cheyenne","Cheyenne_NE",1990,41.1388,-103.0018,165,227.873328351365,5.82762091287473,226.115538313877,228.958858374523,"interval",227.873328351365,"in_range","gauss","opt_within",907.550795454545,12.0792045454546,1460.61954545455,20.6154545454544,81.9527272727273,-11.5627272727273,291.522727272727,-9.52272727272725,1002.36751590909,108.015454545455,0.205695962453725,0.223994888932692,-0.0256903248347734,0.333820468858702,-0.989991002839201,-0.208811347765579,0.0486110063428354,-0.87320554477649,0.0859828146014928,-0.0144073826369359
"Cheyenne_NE","Cheyenne_HPAL","Cheyenne_WFSF","Cheyenne_NE",1991,41.1388,-103.0018,168.615384615385,228.991497161467,14.9084718058643,228.49725153183,232.520769045535,"interval",228.991497161467,"in_range","gauss","opt_within",907.550795454545,21.4292045454546,1460.61954545455,101.775454545455,81.9527272727273,-47.9027272727273,291.522727272727,9.47727272727275,1002.36751590909,112.551854545455,0.205695962453725,0.381618868128258,-0.0256903248347734,1.39247594237624,-0.989991002839201,-0.925601870345202,0.0486110063428354,0.752887286542678,0.0859828146014928,0.0704124139608413
"Cheyenne_NE","Cheyenne_HPAL","Cheyenne_wheat","Cheyenne_NE",1993,41.1388,-103.0018,166.5625,234.796487594294,24.2336459912773,231.654706028802,235.754626681905,"interval",234.796487594294,"in_range","gauss","opt_within",907.550795454545,-45.6307954545455,1460.61954545455,-60.5745454545454,81.9527272727273,31.1472727272727,291.522727272727,8.47727272727275,1002.36751590909,52.5629545454545,0.205695962453725,-0.748890655385612,-0.0256903248347734,-0.725226326297642,-0.989991002839201,0.633624624148996,0.0486110063428354,0.667303453315353,0.0859828146014928,-1.05123609501639
"Cheyenne_NE","Cheyenne_HPAL","Cheyenne 1","Cheyenne_NE",1995,41.1388,-103.0018,180.076923076923,246.037243202662,NA,220.076923076923,240,"interval",NA,"in_range","linear","opt_before",907.550795454545,-38.4357954545454,1460.61954545455,-69.7245454545455,81.9527272727273,-48.9927272727273,291.522727272727,5.47727272727275,1002.36751590909,58.2710045454546,0.205695962453725,-0.627596053213194,-0.0256903248347734,-0.844579426133591,-0.989991002839201,-0.947101641110523,0.0486110063428354,0.410551953633379,0.0859828146014928,-0.94450925435641
"Cheyenne_NE","Cheyenne_HPAL","Cheyenne_WFS","Cheyenne_NE",1996,41.1388,-103.0018,165.444444444444,232.187270199909,13.8402029267884,230.715503951971,234.654720791959,"interval",232.187270199909,"in_range","gauss","opt_within",907.550795454545,27.7592045454545,1460.61954545455,34.5454545454545,81.9527272727273,45.5472727272727,291.522727272727,0.477272727272748,1002.36751590909,115.970754545455,0.205695962453725,0.488331144952635,-0.0256903248347734,0.515524149811134,-0.989991002839201,0.917658292975264,0.0486110063428354,-0.0173672125032437,0.0859828146014928,0.134337641583656
"Cheyenne_NE","Cheyenne_HPAL","Cheyenne","Cheyenne_NE",1998,41.1388,-103.0018,157,240.889107706907,NA,197,218,"interval",NA,"greater_than","linear","opt_before",907.550795454545,-20.9357954545454,1460.61954545455,-3.73454545454547,81.9527272727273,26.3972727272727,291.522727272727,22.4772727272727,1002.36751590909,82.8982045454545,0.205695962453725,-0.332577910333792,-0.0256903248347734,0.0161977386941872,-0.989991002839201,0.539932962556998,0.0486110063428354,1.8654771184979,0.0859828146014928,-0.484039698150446
"Cheyenne_NE","Cheyenne_HPAL","Cheyenne","Cheyenne_NE",1999,41.1388,-103.0018,159,225.82396319306,8.7702286071025,224.958871957957,227.079187785088,"interval",225.82396319306,"in_range","gauss","opt_within",907.550795454545,12.8142045454546,1460.61954545455,16.8454545454545,81.9527272727273,38.1972727272727,291.522727272727,-16.5227272727273,1002.36751590909,115.574604545455,0.205695962453725,0.236385650933627,-0.0256903248347734,0.284644382915366,-0.989991002839201,0.772682774511857,0.0486110063428354,-1.47229237736776,0.0859828146014928,0.126930586998035
"Cheyenne_NE","Cheyenne_HPAL","Cheyenne","Cheyenne_NE",2000,41.1388,-103.0018,154,218.561744697687,11.3698932212882,216.035275427671,221.667608097541,"interval",218.561744697687,"in_range","gauss","opt_within",907.550795454545,-8.93079545454543,1460.61954545455,46.0004545454544,81.9527272727273,-53.0927272727273,291.522727272727,-10.5227272727273,1002.36751590909,84.4254545454546,0.205695962453725,-0.130195464318522,-0.0256903248347734,0.664943795562038,-0.989991002839201,-1.02797233848467,0.0486110063428354,-0.958789378003814,0.0859828146014928,-0.455483787217997
"Cheyenne_NE","Cheyenne_HPAL","Cheyenne_Nusun","Cheyenne_NE",2002,41.1388,-103.0018,161,250.703321444417,26.889887635528,228.964141234923,252.555555555556,"interval",250.703321444417,"greater_than","gauss","opt_after",907.550795454545,49.8192045454546,1460.61954545455,55.3204545454546,81.9527272727273,34.1572727272727,291.522727272727,-5.52272727272725,1002.36751590909,136.437704545454,0.205695962453725,0.860222586776614,-0.0256903248347734,0.786514384684557,-0.989991002839201,0.69299555075782,0.0486110063428354,-0.530870211867191,0.0859828146014928,0.517020503760016
"Cheyenne_NE","Cheyenne_HPAL","Cheyenne","Cheyenne_NE",2006,41.1388,-103.0018,154,220.180455374137,8.82710090383428,219.175313283558,221.183984909599,"interval",220.180455374137,"in_range","gauss","opt_within",907.550795454545,59.9642045454545,1460.61954545455,74.5404545454546,81.9527272727273,-23.7427272727273,291.522727272727,-0.522727272727252,1002.36751590909,150.011304545455,0.205695962453725,1.0312488187487,-0.0256903248347734,1.03722111461318,-0.989991002839201,-0.449056492647797,0.0486110063428354,-0.102951045730568,0.0859828146014928,0.770814258962287
"Cheyenne_NE","Cheyenne_HPAL","Cheyenne","Cheyenne_NE",2007,41.1388,-103.0018,152,220.472158892299,10.1877986478739,217.644984599726,222.470148361077,"interval",220.472158892299,"in_range","gauss","opt_within",907.550795454545,29.8492045454545,1460.61954545455,88.0954545454545,81.9527272727273,-2.27272727272727,291.522727272727,13.4772727272727,1002.36751590909,125.487954545454,0.205695962453725,0.523564740302233,-0.0256903248347734,1.21403327508053,-0.989991002839201,-0.0255701822519662,0.0486110063428354,1.09522261945198,0.0859828146014928,0.312286448606922
"Cheyenne_NE","Cheyenne_HPAL","Cheyenne","Cheyenne_NE",2008,41.1388,-103.0018,162,230.065195816147,5.68338200760733,229.296211430321,231.617678288424,"interval",230.065195816147,"in_range","gauss","opt_within",907.550795454545,-4.11079545454538,1460.61954545455,-52.7595454545456,81.9527272727273,24.3072727272727,291.522727272727,6.47727272727275,1002.36751590909,88.9099045454545,0.205695962453725,-0.048939038679737,-0.0256903248347734,-0.623287039388581,-0.989991002839201,0.498708631456519,0.0486110063428354,0.496135786860704,0.0859828146014928,-0.371635330985546
"Cheyenne_NE","Cheyenne_HPAL","Cheyenne","Cheyenne_NE",2009,41.1388,-103.0018,151,227.01367391417,14.4836948199609,225.225962147083,228.877348929046,"interval",227.01367391417,"in_range","gauss","opt_within",907.550795454545,-50.9307954545454,1460.61954545455,-44.3745454545456,81.9527272727273,15.3072727272727,291.522727272727,-15.5227272727273,1002.36751590909,54.8668045454546,0.205695962453725,-0.838239007229087,-0.0256903248347734,-0.513912641342197,-0.989991002839201,0.321187588440102,0.0486110063428354,-1.38670854414044,0.0859828146014928,-1.0081596272464
"Cheyenne_NE","Cheyenne_HPAL","Cheyenne","Cheyenne_NE",2010,41.1388,-103.0018,152,223.844456873569,NA,192,220,"interval",NA,"in_range","linear","opt_before",907.550795454545,19.4192045454546,1460.61954545455,8.46545454545458,81.9527272727273,-32.0927272727273,291.522727272727,9.47727272727275,1002.36751590909,114.723504545455,0.205695962453725,0.34773392714611,-0.0256903248347734,0.175335205142118,-0.989991002839201,-0.613756571446362,0.0486110063428354,0.752887286542678,0.0859828146014928,0.111017058895494
"Cheyenne_NE","Cheyenne_HPAL","Cheyenne","Cheyenne_NE",2016,41.1388,-103.0018,159,221.58971622195,8.41299049700483,219.130223345391,223.427456802846,"interval",221.58971622195,"in_range","gauss","opt_within",907.550795454545,37.7892045454546,1460.61954545455,-14.8295454545455,81.9527272727273,22.8372727272727,291.522727272727,21.4772727272727,1002.36751590909,129.739354545455,0.205695962453725,0.657418686271517,-0.0256903248347734,-0.128526047391041,-0.989991002839201,0.469713527763838,0.0486110063428354,1.77989328527057,0.0859828146014928,0.391777428956051
"Clay_MN","Glyndon_USDA","Fargo","Clay_MN",2018,46.9774,-96.6341,145,208.824944317527,12.1590530496636,207.544387657701,210.858140209765,"interval",208.824944317527,"in_range","gauss","opt_within",889.179886363636,58.3551136363636,1474.87034090909,77.4546590909092,119.330681818182,10.9693181818182,290.670454545455,-5.67045454545456,1001.23091022727,160.794413636364,0.0389645169668843,1.00412247522161,0.0625353017715795,1.07523415789799,0.555196762397841,0.235623342277114,-0.0434583327427702,-0.543513278139413,0.074332155111639,0.972432528908177
"Clay_MN","Moorhead_USDA","Fargo","Clay_MN",2019,46.9205,-96.6707,149,218.299510040824,4.64189288961861,217.79673939747,218.858180509865,"interval",218.299510040824,"in_range","gauss","opt_within",889.179886363636,36.0251136363637,1474.87034090909,-95.2803409090909,119.330681818182,23.7693181818182,290.670454545455,6.32954545454544,1001.23091022727,148.376613636364,0.0389645169668843,0.627679324907492,0.0625353017715795,-1.17793061807604,0.555196762397841,0.488097714567129,-0.0434583327427702,0.483492720588482,0.074332155111639,0.740249460794282
"Clay_MN","Moorhead_USDA","Fargo","Clay_MN",2020,46.9205,-96.6707,150,220.235026920801,22.1594275380602,214.020400297623,253,"interval",220.235026920801,"greater_than","gauss","opt_after",889.179886363636,79.3351136363636,1474.87034090909,52.3246590909091,119.330681818182,144.619318181818,290.670454545455,-1.67045454545456,1001.23091022727,181.684413636364,0.0389645169668843,1.35780708308503,0.0625353017715795,0.747437065124508,0.555196762397841,2.87181083107091,-0.0434583327427702,-0.201177945230114,0.074332155111639,1.36302541113363
"Clay_MN","Moorhead_USDA","Fargo","Clay_MN",2022,46.9205,-96.6707,144,212.087550662796,7.66857080470949,211.253166529566,212.908832839918,"interval",212.087550662796,"in_range","gauss","opt_within",889.179886363636,36.4051136363637,1474.87034090909,43.1246590909091,119.330681818182,49.8893181818182,290.670454545455,-0.670454545454561,1001.23091022727,140.795513636364,0.0389645169668843,0.634085433152873,0.0625353017715795,0.627431762557216,0.555196762397841,1.00330323052144,-0.0434583327427702,-0.11559411200279,0.074332155111639,0.598501078820164
"Clay_MN","Moorhead_USDA","Fargo","Clay_MN",2023,46.9205,-96.6707,156,220.382232733973,9.3658878028591,219.380034314186,222.050053998793,"interval",220.382232733973,"in_range","gauss","opt_within",889.179886363636,44.5451136363637,1474.87034090909,122.129659090909,119.330681818182,-10.1006818181818,290.670454545455,9.32954545454544,1001.23091022727,153.453563636364,0.0389645169668843,0.771311015040778,0.0625353017715795,1.65797729835383,0.555196762397841,-0.179973143984655,-0.0434583327427702,0.740244220270456,0.074332155111639,0.835176245543662
"Codington_SD","South_Shore_6","South Shore","Codington_SD",1987,45.1058,-96.9287,148,215.669856532943,17.6631787380405,209.962634673697,267,"interval",215.669856532943,"greater_than","gauss","opt_after",906.009204545455,55.0407954545454,1446.57238636364,76.8226136363637,148.338181818182,41.9718181818182,289.159090909091,-9.15909090909093,1018.31257840909,156.393145454546,0.191704728848998,0.948249104083812,-0.112655253689977,1.06698972246223,1.75435371587978,0.847134024067833,-0.20672796072125,-0.842084150875648,0.249426035679505,0.890139373111933
"Codington_SD","South_Shore_7","South Shore","Codington_SD",1988,45.1058,-96.9287,155,215.81446118506,5.60132840704567,215.084206267585,216.721218459557,"interval",215.81446118506,"in_range","gauss","opt_within",906.009204545455,95.7657954545455,1446.57238636364,167.727613636364,148.338181818182,0.0518181818181631,289.159090909091,-11.1590909090909,1018.31257840909,188.287895454545,0.191704728848998,1.63479846801316,-0.112655253689977,2.25275950831871,1.75435371587978,0.0202804548180312,-0.20672796072125,-1.0132518173303,0.249426035679505,1.48649467853846
"Ellis_KS","Hays_ARC","ELDO","Ellis_KS",1987,38.8584,-99.3342,188,230.295631745845,NA,249,257,"interval",NA,"less_than","linear","opt_after",1081.47681818182,-27.7918181818181,1766.65409090909,18.6659090909091,118.587045454545,24.2329545454545,307.386363636364,5.61363636363637,1170.45250795455,68.1313818181818,1.78422084838032,-0.44815797276459,1.86894703923642,0.308390491452027,0.524455170867493,0.497242737995247,1.76232830452298,0.422222476346195,1.80892071558377,-0.760143855659194
"Ellis_KS","Hays_ARC","ELDO","Ellis_KS",1988,38.8584,-99.3342,189,233.575752236494,NA,249,273,"interval",NA,"less_than","linear","opt_after",1081.47681818182,-29.451818181818,1766.65409090909,47.8709090909092,118.587045454545,-61.9570454545454,307.386363636364,-5.38636363636363,1170.45250795455,65.711381818182,1.78422084838032,-0.476142550889148,1.86894703923642,0.689342106830045,0.524455170867493,-1.20281711729198,1.76232830452298,-0.519199689154375,1.80892071558377,-0.805392049770516
"Ellis_KS","Hays_ARC","ELDO","Ellis_KS",1992,38.8584,-99.3342,175,236.439021246692,23.7121564890509,231.450950817631,237.332518667345,"interval",236.439021246692,"in_range","gauss","opt_within",1081.47681818182,-80.8018181818181,1766.65409090909,-155.214090909091,118.587045454545,18.9729545454546,307.386363636364,1.61363636363637,1170.45250795455,15.971381818182,1.78422084838032,-1.34181007299528,1.86894703923642,-1.95970972706978,0.524455170867493,0.393491550632319,1.76232830452298,0.079887143436897,1.80892071558377,-1.73541071716611
"Ellis_KS","Hays_ARC","ELDO","Ellis_KS",1994,38.8584,-99.3342,182,234.07348623868,NA,239,252,"interval",NA,"in_range","linear","opt_after",1081.47681818182,-39.1068181818182,1766.65409090909,20.310909090909,118.587045454545,-96.5070454545454,307.386363636364,6.61363636363637,1170.45250795455,50.5502818181819,1.78422084838032,-0.638908274860616,1.86894703923642,0.329847961313244,0.524455170867493,-1.88430067687167,1.76232830452298,0.50780630957352,1.80892071558377,-1.0888682463578
"Ellis_KS","Hays_ARC","ELDO","Ellis_KS",1995,38.8584,-99.3342,181,228.08318676894,NA,240,262,"interval",NA,"less_than","linear","opt_after",1081.47681818182,12.6781818181819,1766.65409090909,-99.0990909090908,118.587045454545,-18.4070454545454,307.386363636364,-1.38636363636363,1170.45250795455,105.523331818182,1.78422084838032,0.234092555368519,1.86894703923642,-1.22774260168243,0.524455170867493,-0.343812514695867,1.76232830452298,-0.176864356245077,1.80892071558377,-0.061004098716636
"Ellis_KS","Hays_ARC","ELDO","Ellis_KS",1996,38.8584,-99.3342,179,227.652202961334,NA,237,260,"interval",NA,"less_than","linear","opt_after",1081.47681818182,-10.1968181818181,1766.65409090909,-33.1940909090908,118.587045454545,84.4729545454546,307.386363636364,8.61363636363637,1170.45250795455,79.427231818182,1.78422084838032,-0.151538302823842,1.86894703923642,-0.368074181497942,0.524455170867493,1.68545025258513,1.76232830452298,0.678973976028169,1.80892071558377,-0.548938560844141
"Ellis_KS","Hays_ARC","ELDO","Ellis_KS",2004,38.8584,-99.3342,176,241.007736586911,15.8672335606939,235.264935147944,261,"interval",241.007736586911,"greater_than","gauss","opt_after",1081.47681818182,-76.4218181818181,1766.65409090909,-60.284090909091,118.587045454545,-22.3070454545454,307.386363636364,0.613636363636374,1170.45250795455,21.5524818181818,1.78422084838032,-1.26797124637747,1.86894703923642,-0.721437621340109,0.524455170867493,-0.420738300002981,1.76232830452298,-0.00569668979042757,1.80892071558377,-1.63105753693689
"Ellis_KS","Hays_ARC","ELDO","Ellis_KS",2007,38.8584,-99.3342,159,216.628348530507,2.77790551247665,215.908634643191,217.32719638134,"interval",216.628348530507,"in_range","gauss","opt_within",1081.47681818182,32.298181818182,1766.65409090909,75.5359090909092,118.587045454545,28.1429545454545,307.386363636364,2.61363636363637,1170.45250795455,120.377231818182,1.78422084838032,0.564850038985314,1.86894703923642,1.05020587808267,0.524455170867493,0.574365768905713,1.76232830452298,0.165470976664222,1.80892071558377,0.216728194882625
"Ellis_KS","Hays_ARC","ELDO","Ellis_KS",2009,38.8584,-99.3342,170,221.950265399486,8.1633666004562,219.875877965714,223.280518244478,"interval",221.950265399486,"in_range","gauss","opt_within",1081.47681818182,-17.086818181818,1766.65409090909,-67.6340909090909,118.587045454545,33.7629545454545,307.386363636364,14.6136363636364,1170.45250795455,70.1522318181819,1.78422084838032,-0.267691160220359,1.86894703923642,-0.817311422847673,0.524455170867493,0.685217797989298,1.76232830452298,1.19247697539212,1.80892071558377,-0.722358808936104
"Ellis_KS","Hays_ARC","ELDO","Ellis_KS",2010,38.8584,-99.3342,168,222.702252262378,3.61578905062542,221.978499222694,223.430360784709,"interval",222.702252262378,"in_range","gauss","opt_within",1081.47681818182,46.828181818182,1766.65409090909,20.2459090909092,118.587045454545,4.49295454545455,307.386363636364,1.61363636363637,1170.45250795455,133.617231818182,1.78422084838032,0.809799388473183,1.86894703923642,0.329000097762499,0.524455170867493,0.107879916979239,1.76232830452298,0.079887143436897,1.80892071558377,0.464284430433845
"Ellis_KS","Hays_ARC","ELDO","Ellis_KS",2013,38.8584,-99.3342,168,237.190256884898,7.38529327174836,236.655289860076,240.775551652404,"interval",237.190256884898,"in_range","gauss","opt_within",1081.47681818182,16.683181818182,1766.65409090909,34.2509090909091,118.587045454545,-44.0970454545455,307.386363636364,8.61363636363637,1170.45250795455,106.473331818182,1.78422084838032,0.301609564638922,1.86894703923642,0.511682082811944,0.524455170867493,-0.850536469706063,1.76232830452298,0.678973976028169,1.80892071558377,-0.0432413778878132
"Ellis_KS","Hays_ARC","ELDO","Ellis_KS",2017,38.8584,-99.3342,171,230.246437168814,3.92230853589075,229.688017804472,231.183379172424,"interval",230.246437168814,"in_range","gauss","opt_within",1081.47681818182,-14.346818181818,1766.65409090909,-32.7490909090909,118.587045454545,-31.2570454545454,307.386363636364,-6.38636363636363,1170.45250795455,75.5452818181818,1.78422084838032,-0.221499748135241,1.86894703923642,-0.362269577188982,0.524455170867493,-0.597273115002641,1.76232830452298,-0.6047835223817,1.80892071558377,-0.621521712550947
"Foster_ND","Carrington_REC","Carrington","Foster_ND",1982,47.5156,-99.1215,145,228.199490314794,36.3350161984987,216.55313498223,252,"interval",228.199490314794,"greater_than","gauss","opt_after",845.150454545455,-89.8304545454545,1380.51386363636,-140.773863636364,95.2875,-20.7675,287.045454545455,6.95454545454544,963.773259090909,36.7881954545455,-0.36063959487549,-1.49401644629433,-0.521618709722513,-1.77135061369977,-0.438737518774378,-0.390371442796082,-0.435059921653563,0.53698261635556,-0.309623640341891,-1.34618624435724
"Foster_ND","Carrington_REC","Carrington","Foster_ND",1993,47.5156,-99.1215,146,227.943340147131,11.4232133736845,226.78776421185,228.719654233504,"interval",227.943340147131,"in_range","gauss","opt_within",845.150454545455,-182.300454545454,1380.51386363636,-178.788863636364,95.2875,-1.5175,287.045454545455,-12.0454545454546,963.773259090909,-23.6872045454545,-0.36063959487549,-3.0528923132691,-0.521618709722513,-2.26722035034059,-0.438737518774378,-0.0106736563443007,-0.435059921653563,-1.08911021496361,-0.309623640341891,-2.47693113615892
"Foster_ND","Carrington_REC","Carrington","Foster_ND",1994,47.5156,-99.1215,145,217.801050052406,14.5943088964616,216.329420054007,220.957338505739,"interval",217.801050052406,"in_range","gauss","opt_within",845.150454545455,-23.5904545454546,1380.51386363636,-1.87886363636358,95.2875,-70.0275,287.045454545455,10.9545454545454,963.773259090909,111.010445454545,-0.36063959487549,-0.377330630046817,-0.521618709722513,0.0404033537006589,-0.438737518774378,-1.36200328490594,-0.435059921653563,0.879317949264859,-0.309623640341891,0.0415917619978581
"Foster_ND","Carrington_REC","Carrington","Foster_ND",1997,47.5156,-99.1215,149,212.543283413554,12.3126478353202,211.389723478673,213.340416670741,"interval",212.543283413554,"in_range","gauss","opt_within",845.150454545455,65.5145454545454,1380.51386363636,25.1761363636365,95.2875,-27.9275,287.045454545455,6.95454545454544,963.773259090909,170.636045454546,-0.36063959487549,1.12481746259713,-0.521618709722513,0.393310251630884,-0.438737518774378,-0.53159929479581,-0.435059921653563,0.53698261635556,-0.309623640341891,1.15644743257813
"Foster_ND","Carrington_REC","Carrington","Foster_ND",1998,47.5156,-99.1215,146,217.026813524293,15.193771919924,215.121299594915,218.243521200814,"interval",217.026813524293,"in_range","gauss","opt_within",845.150454545455,-23.7954545454545,1380.51386363636,59.9361363636365,95.2875,-68.0275,287.045454545455,19.9545454545454,963.773259090909,94.9918454545455,-0.36063959487549,-0.380786556863403,-0.521618709722513,0.846721590461216,-0.438737518774378,-1.32255416423562,-0.435059921653563,1.64957244831078,-0.309623640341891,-0.257917627337547
"Foster_ND","Carrington_REC","Carrington","Foster_ND",1999,47.5156,-99.1215,152,220.802416844418,19.1214547443407,219.489816268328,222.593644027313,"interval",220.802416844418,"in_range","gauss","opt_within",845.150454545455,16.1445454545454,1380.51386363636,-28.4038636363637,95.2875,52.4925,287.045454545455,-13.0454545454546,963.773259090909,140.983495454546,-0.36063959487549,0.292529136085358,-0.521618709722513,-0.305590195277321,-0.438737518774378,1.05464984735755,-0.435059921653563,-1.17469404819093,-0.309623640341891,0.602015887827804
"Foster_ND","Carrington_REC","Carrington","Foster_ND",2000,47.5156,-99.1215,154,224.001304547362,11.0504676467113,223.131309348481,224.775437922682,"interval",224.001304547362,"in_range","gauss","opt_within",845.150454545455,4.8195454545455,1380.51386363636,-39.3838636363635,95.2875,27.0425,287.045454545455,-9.04545454545456,963.773259090909,124.060995454545,-0.36063959487549,0.101610252193403,-0.521618709722513,-0.448813915080455,-0.438737518774378,0.552659786827797,-0.435059921653563,-0.832358715281633,-0.309623640341891,0.285605737063793
"Foster_ND","Carrington_REC","Carrington","Foster_ND",2001,47.5156,-99.1215,151,244.164055496376,24.1296109395483,228.911676816139,253,"interval",244.164055496376,"greater_than","gauss","opt_after",845.150454545455,29.0395454545455,1380.51386363636,49.7311363636363,95.2875,85.3325,287.045454545455,-9.04545454545456,963.773259090909,151.934595454546,-0.36063959487549,0.509915361938496,-0.521618709722513,0.713607012993908,-0.438737518774378,1.70240440876413,-0.435059921653563,-0.832358715281633,-0.309623640341891,0.806775184742076
"Foster_ND","Carrington_REC","Carrington","Foster_ND",2004,47.5156,-99.1215,147,218.72992547065,21.444175817752,187,224.358841024585,"interval",218.72992547065,"less_than","gauss","opt_before",845.150454545455,-115.180454545454,1380.51386363636,-244.418863636364,95.2875,-30.8975,287.045454545455,-9.04545454545456,963.773259090909,28.0997954545455,-0.36063959487549,-1.92137129897964,-0.521618709722513,-3.12330165550269,-0.438737518774378,-0.590181238991227,-0.435059921653563,-0.832358715281633,-0.309623640341891,-1.50863847977742
"Foster_ND","Carrington_REC","Carrington","Foster_ND",2005,47.5156,-99.1215,143,219.213438458124,49.6809701007858,214.316044049367,218.350469282722,"interval",219.213438458124,"in_range","gauss","opt_within",845.150454545455,-21.4254545454545,1380.51386363636,-12.0938636363635,95.2875,-69.4675,287.045454545455,9.95454545454544,963.773259090909,113.502045454546,-0.36063959487549,-0.340832671227735,-0.521618709722513,-0.092841664312914,-0.438737518774378,-1.35095753111825,-0.435059921653563,0.793734116037534,-0.309623640341891,0.0881787043316521
"Foster_ND","Carrington_REC","Carrington","Foster_ND",2006,47.5156,-99.1215,152,210.535178405843,14.689230530491,209.330735374474,213.082128114143,"interval",210.535178405843,"in_range","gauss","opt_within",845.150454545455,54.9945454545455,1380.51386363636,76.7961363636364,95.2875,-27.1975,287.045454545455,-3.04545454545456,963.773259090909,156.776895454546,-0.36063959487549,0.947469413277631,-0.521618709722513,1.0666443514704,-0.438737518774378,-0.517200365751145,-0.435059921653563,-0.318855715917686,-0.309623640341891,0.897314577446734
"Foster_ND","Carrington_REC","Carrington","Foster_ND",2007,47.5156,-99.1215,154,219.396453245704,15.4350804063435,218.517650249185,220.693950078348,"interval",219.396453245704,"in_range","gauss","opt_within",845.150454545455,76.0695454545455,1380.51386363636,35.1761363636365,95.2875,20.8425,287.045454545455,13.9545454545454,963.773259090909,182.824095454545,-0.36063959487549,1.3027555482024,-0.521618709722513,0.523750797899679,-0.438737518774378,0.43036751274982,-0.435059921653563,1.13606944894683,-0.309623640341891,1.38433472689157
"Foster_ND","Carrington_REC","Carrington","Foster_ND",2008,47.5156,-99.1215,141,224.911615833315,13.7653047062554,223.629680886556,227.551362196342,"interval",224.911615833315,"in_range","gauss","opt_within",845.150454545455,-109.195454545454,1380.51386363636,-99.6588636363635,95.2875,32.5625,287.045454545455,13.9545454545454,963.773259090909,17.6437454545455,-0.36063959487549,-1.82047509411488,-0.521618709722513,-1.23504430771562,-0.438737518774378,0.661539359877866,-0.435059921653563,1.13606944894683,-0.309623640341891,-1.70414152937979
"Foster_ND","Carrington_REC","Carrington","Foster_ND",2009,47.5156,-99.1215,147,225.629990215277,4.98231503226193,224.917062284536,226.059830091908,"interval",225.629990215277,"in_range","gauss","opt_within",845.150454545455,-118.015454545455,1380.51386363636,-152.478863636363,95.2875,26.2625,287.045454545455,-5.04545454545456,963.773259090909,15.8809454545454,-0.36063959487549,-1.9691642381261,-0.521618709722513,-1.92403127310739,-0.438737518774378,0.537274629766374,-0.435059921653563,-0.490023382372335,-0.309623640341891,-1.73710166019774
"Foster_ND","Carrington_REC","Carrington","Foster_ND",2010,47.5156,-99.1215,140,211.235418637433,4.19624200553836,210.65320397266,211.596111408132,"interval",211.235418637433,"in_range","gauss","opt_within",845.150454545455,-14.2754545454545,1380.51386363636,1.13113636363641,95.2875,30.5625,287.045454545455,13.9545454545454,963.773259090909,114.536545454545,-0.36063959487549,-0.220296687137008,-0.521618709722513,0.0796659581275661,-0.438737518774378,0.622090239207551,-0.435059921653563,1.13606944894683,-0.309623640341891,0.1075213724342
"Foster_ND","Carrington_REC","Carrington","Foster_ND",2012,47.5156,-99.1215,158,215.687820225762,19.4106230576068,198,220.650553710882,"interval",215.687820225762,"less_than","gauss","opt_before",845.150454545455,85.4445454545455,1380.51386363636,49.8061363636364,95.2875,-6.99749999999999,287.045454545455,-8.04545454545456,963.773259090909,194.942995454546,-0.36063959487549,1.46080098188779,-0.521618709722513,0.714585317090925,-0.438737518774378,-0.118764246980964,-0.435059921653563,-0.746774882054309,-0.309623640341891,1.6109290821047
"Foster_ND","Carrington_REC","Carrington","Foster_ND",2013,47.5156,-99.1215,157,232.2048913214,21.9527736331751,225.55968375013,263,"interval",232.2048913214,"greater_than","gauss","opt_after",845.150454545455,33.2495454545455,1380.51386363636,42.9911363636365,95.2875,-26.8375,287.045454545455,6.95454545454544,963.773259090909,157.827145454546,-0.36063959487549,0.580888298025482,-0.521618709722513,0.625690084808743,-0.438737518774378,-0.510099524030488,-0.435059921653563,0.53698261635556,-0.309623640341891,0.916951732763024
"Foster_ND","Carrington_REC","Carrington","Foster_ND",2014,47.5156,-99.1215,154,223.459470225448,13.0508528272789,221.7926483036,224.907419865671,"interval",223.459470225448,"in_range","gauss","opt_within",845.150454545455,-0.910454545454513,1380.51386363636,-8.58886363636361,95.2875,15.5425,287.045454545455,15.9545454545454,963.773259090909,131.726545454545,-0.36063959487549,0.0050128831248896,-0.521618709722513,-0.047122252845703,-0.438737518774378,0.325827342973486,-0.435059921653563,1.30723711540148,-0.309623640341891,0.42893313143159
"Foster_ND","Carrington_REC","Carrington","Foster_ND",2015,47.5156,-99.1215,154,221.518480339771,14.9158324447833,219.512455765451,222.785124235145,"interval",221.518480339771,"in_range","gauss","opt_within",845.150454545455,62.6245454545455,1380.51386363636,22.5511363636365,95.2875,-36.0475,287.045454545455,29.9545454545454,963.773259090909,173.929945454546,-0.36063959487549,1.07609732357305,-0.521618709722513,0.359069608235326,-0.438737518774378,-0.691762724717288,-0.435059921653563,2.50541078058403,-0.309623640341891,1.21803546009189
"Foster_ND","Carrington_REC","Carrington","Foster_ND",2016,47.5156,-99.1215,148,225.100327672614,17.6841210440593,218.050230336974,279,"interval",225.100327672614,"greater_than","gauss","opt_after",845.150454545455,33.3495454545455,1380.51386363636,71.9861363636364,95.2875,67.3825,287.045454545455,-0.045454545454561,963.773259090909,154.624345454546,-0.36063959487549,0.582574115984793,-0.521618709722513,1.00390244871511,-0.438737518774378,1.34834855074805,-0.435059921653563,-0.0621042162357119,-0.309623640341891,0.857067056688745
"Foster_ND","Carrington_REC","Carrington","Foster_ND",2017,47.5156,-99.1215,145,216.754166701971,28.9382987956883,213.443669641112,219.395918109242,"interval",216.754166701971,"in_range","gauss","opt_within",845.150454545455,-9.06545454545449,1380.51386363636,-8.19386363636363,95.2875,2.5325,287.045454545455,12.9545454545454,963.773259090909,112.983495454546,-0.36063959487549,-0.132465571456911,-0.521618709722513,-0.0419698512680858,-0.438737518774378,0.069210813013087,-0.435059921653563,1.05048561571951,-0.309623640341891,0.0784830633992438
"Foster_ND","Carrington_REC","Carrington","Foster_ND",2018,47.5156,-99.1215,156,216.022485090855,9.07387280717944,214.649519287568,217.259122692721,"interval",216.022485090855,"in_range","gauss","opt_within",845.150454545455,93.4645454545455,1380.51386363636,124.296136363636,95.2875,-68.6675,287.045454545455,-10.0454545454546,963.773259090909,196.853845454546,-0.36063959487549,1.59600358222452,-0.521618709722513,1.68623694624718,-0.438737518774378,-1.33517788285012,-0.435059921653563,-0.917942548508958,-0.309623640341891,1.64665739273181
"Foster_ND","Carrington_REC","Carrington","Foster_ND",2020,47.5156,-99.1215,153,189.947890324766,61.808768335485,193,215.720553527046,"interval",189.947890324766,"less_than","gauss","opt_before",845.150454545455,90.3395454545455,1380.51386363636,68.1211363636364,95.2875,35.9725,287.045454545455,4.95454545454544,963.773259090909,194.776895454545,-0.36063959487549,1.54332177099606,-0.521618709722513,0.953487177582223,-0.438737518774378,0.728800110620753,-0.435059921653563,0.365814949900911,-0.309623640341891,1.60782341059978
"Foster_ND","Carrington_REC","Carrington","Foster_ND",2021,47.5156,-99.1215,146,232.445262670055,21.9533101856233,214.537666662142,257,"interval",232.445262670055,"greater_than","gauss","opt_after",845.150454545455,70.9045454545454,1380.51386363636,115.276136363636,95.2875,-21.9675,287.045454545455,6.95454545454544,963.773259090909,167.491345454545,-0.36063959487549,1.21568305060399,-0.521618709722513,1.56857957351273,-0.438737518774378,-0.414040915198271,-0.435059921653563,0.53698261635556,-0.309623640341891,1.09764908711454
"Foster_ND","Carrington_REC","Carrington","Foster_ND",2023,47.5156,-99.1215,150,216.021473073089,7.2336482164261,215.371763071234,216.868540335778,"interval",216.021473073089,"in_range","gauss","opt_within",845.150454545455,68.2945454545455,1380.51386363636,139.191136363636,95.2875,-13.6875,287.045454545455,11.9545454545454,963.773259090909,181.780195454545,-0.36063959487549,1.17168320186598,-0.521618709722513,1.88052813991455,-0.438737518774378,-0.250721555623167,-0.435059921653563,0.964901782492183,-0.309623640341891,1.36481630134083
"Greeley_KS","Tribune_SREC","GRDO","Greeley_KS",1994,38.4721,-101.7724,144,214.131247279081,7.29437197250219,213.00711742108,216.219370427527,"interval",214.131247279081,"in_range","gauss","opt_within",971.57125,-20.06125,1598.56028409091,43.4297159090909,115.626477272727,12.6435227272727,299.931818181818,9.06818181818181,1064.09991477273,70.2208499999999,0.786735413156268,-0.317834665998727,0.828290643424418,0.631410940357882,0.402066618890086,0.268646290847327,0.957028485320852,0.717875718404224,0.718764411735112,-0.721075813559877
"Greeley_KS","Greeley_Val_Reiss","Greeley","Greeley_KS",1996,38.8667,-101.9643,155,220.177030283014,19.6716216079788,214.904836251104,220.373084323961,"interval",220.177030283014,"in_range","gauss","opt_within",971.57125,-3.93124999999998,1598.56028409091,-21.285284090909,115.626477272727,46.3935227272727,299.931818181818,-7.93181818181819,1064.09991477273,88.4719500000001,0.786735413156268,-0.0459122291618842,0.828290643424418,-0.212735054820624,0.402066618890086,0.934350202158891,0.957028485320852,-0.737049446460294,0.718764411735112,-0.379824030276728
"Greeley_KS","Tribune_SREC","GRDO","Greeley_KS",1998,38.4721,-101.7724,149,209.317969526743,18.1950121197028,207.215069056964,211.380435127736,"interval",209.317969526743,"in_range","gauss","opt_within",971.57125,-48.78125,1598.56028409091,-15.1652840909092,115.626477272727,68.1435227272727,299.931818181818,14.0681818181818,1064.09991477273,45.1219500000001,0.786735413156268,-0.80200158391281,0.828290643424418,-0.132905440504123,0.402066618890086,1.36335938944857,0.957028485320852,1.14579488454085,0.718764411735112,-1.19036502809737
"Greeley_KS","Tribune_SREC","GRDO","Greeley_KS",1999,38.4721,-101.7724,153,211.298126938131,9.83926350650104,209.420352689663,212.259111293727,"interval",211.298126938131,"in_range","gauss","opt_within",971.57125,1.65375000000006,1598.56028409091,-1.64528409090917,115.626477272727,4.96352272727273,299.931818181818,6.06818181818181,1064.09991477273,97.83305,0.786735413156268,0.0482407038656284,0.828290643424418,0.0434501780512878,0.402066618890086,0.117161667473317,0.957028485320852,0.461124218722251,0.718764411735112,-0.204793918749652
"Greeley_KS","Tribune_SREC","GRDO","Greeley_KS",2001,38.4721,-101.7724,144,205.699717456093,NA,184,198,"interval",NA,"in_range","linear","opt_before",971.57125,-1.71124999999995,1598.56028409091,42.454715909091,115.626477272727,7.72352272727272,299.931818181818,-1.93181818181819,1064.09991477273,94.8169500000001,0.786735413156268,-0.00848707046518248,0.828290643424418,0.618692987096675,0.402066618890086,0.171601453998351,0.957028485320852,-0.223546447096346,0.718764411735112,-0.261187752741041
"Greeley_KS","Tribune_SREC","GRDO","Greeley_KS",2002,38.4721,-101.7724,142,204.351653388057,NA,210,238,"interval",NA,"in_range","linear","opt_after",971.57125,16.82375,1598.56028409091,81.7447159090909,115.626477272727,-115.626477272727,299.931818181818,-2.93181818181819,1064.09991477273,107.1089,0.786735413156268,0.303979288293087,0.828290643424418,1.13119389338677,0.402066618890086,-2.26142306334332,0.957028485320852,-0.309130280323671,0.718764411735112,-0.0313577776969497
"Greeley_KS","Tribune_SREC","GRDO","Greeley_KS",2004,38.4721,-101.7724,138,205.323733891956,14.6077039974156,197.895623589168,265,"interval",205.323733891956,"greater_than","gauss","opt_after",971.57125,-112.92125,1598.56028409091,-80.035284090909,115.626477272727,42.0335227272727,299.931818181818,7.06818181818181,1064.09991477273,-6.59334999999999,0.786735413156268,-1.8832852230148,0.828290643424418,-0.979073264149794,0.402066618890086,0.848351119097605,0.957028485320852,0.546708051949575,0.718764411735112,-2.15731706649632
"Greeley_KS","Tribune_SREC","GRDO","Greeley_KS",2007,38.4721,-101.7724,172,224.169352190623,6.48344190989228,223.203971791948,225.307115053808,"interval",224.169352190623,"in_range","gauss","opt_within",971.57125,66.1487500000001,1598.56028409091,52.2197159090908,115.626477272727,-37.4464772727273,299.931818181818,7.06818181818181,1064.09991477273,154.25085,0.786735413156268,1.13550899672317,0.828290643424418,0.746068180528152,0.402066618890086,-0.719356936340711,0.957028485320852,0.546708051949575,0.718764411735112,0.850083587751982
"Hand_SD","Miller_2","Miller","Hand_SD",2001,44.5183,-98.9884,159,222.512213640011,13.098518499476,220.890829751267,224.556509882819,"interval",222.512213640011,"in_range","gauss","opt_within",939.686420454545,65.1385795454546,1526.59926136364,55.1857386363638,105.295681818182,-41.5156818181818,291.068181818182,-12.0681818181818,1041.49831306818,164.112879545454,0.497353777609126,1.11847936178079,0.382785243982125,0.784757143007266,-0.0250038009778015,-0.799620206913627,-0.000492641169487997,-1.09105530208241,0.487089021054567,1.03447987998518
"Hand_SD","St_Lawrence_1","Miller","Hand_SD",2003,44.5178,-98.9379,149,223.692170488353,28.7824422068764,218.565400525625,233,"interval",223.692170488353,"greater_than","gauss","opt_after",939.686420454545,-34.7364204545454,1526.59926136364,-22.0642613636362,105.295681818182,-65.8056818181818,291.068181818182,7.93181818181819,1041.49831306818,70.3792295454546,0.497353777609126,-0.565231325080937,0.382785243982125,-0.222896076919174,-0.0250038009778015,-1.2787297774546,-0.000492641169487997,0.620621362464084,0.487089021054567,-0.718114496032607
"Hand_SD","St_Lawrence_Bertsch_2","Miller","Hand_SD",2007,44.5178,-98.9379,157,230.179293510087,15.7570107291162,221.361533558925,263,"interval",230.179293510087,"greater_than","gauss","opt_after",939.686420454545,75.8485795454545,1526.59926136364,93.5757386363637,105.295681818182,53.9643181818182,291.068181818182,15.9318181818182,1041.49831306818,170.126779545455,0.497353777609126,1.29903046522299,0.382785243982125,1.28551840013317,-0.0250038009778015,1.08368081388721,-0.000492641169487997,1.30529202828268,0.487089021054567,1.146925381872
"Harvey_KS","Hesston_HVEF","HVDO","Harvey_KS",2000,38.1324,-97.4417,153,210.32337424446,21.9662573127758,205.846857515601,240.511111111111,"interval",210.32337424446,"greater_than","gauss","opt_after",1123.84761363636,-15.3876136363635,1861.40545454545,61.4495454545454,147.977045454545,-7.10704545454544,314.590909090909,-32.5909090909091,1212.04665681818,75.9794863636364,2.16877144071108,-0.239045664827661,2.45554576316648,0.866462581315847,1.73942450165553,-0.120924982908588,2.54062111759333,-2.84746897036136,2.23527725499972,-0.613403129263034
"Harvey_KS","Hesston_HVEF","HVDO","Harvey_KS",2004,38.1324,-97.4417,180,234.657741243994,4.17104270214893,233.527722014041,236.444809364154,"interval",234.657741243994,"in_range","gauss","opt_within",1123.84761363636,-81.8876136363635,1861.40545454545,-79.8204545454546,147.977045454545,-35.3670454545454,314.590909090909,20.4090909090909,1212.04665681818,15.6955863636365,2.16877144071108,-1.36011460776939,2.45554576316648,-0.976271015823418,1.73942450165553,-0.678341057980138,2.54062111759333,1.68847419068684,2.23527725499972,-1.74056743049764
"Harvey_KS","Hesston_HVEF","HVDO","Harvey_KS",2005,38.1324,-97.4417,173,225.952088091664,5.46705744666939,224.469716275082,227.355229588792,"interval",225.952088091664,"in_range","gauss","opt_within",1123.84761363636,17.4923863636363,1861.40545454545,24.6295454545455,147.977045454545,34.6929545454545,314.590909090909,5.40909090909093,1212.04665681818,107.219486363636,2.16877144071108,0.315251280193751,2.45554576316648,0.386180489954145,1.73942450165553,0.703561639100995,2.54062111759333,0.404716692276971,2.23527725499972,-0.0292900780077398
"Labette_KS","Parsons_SARC","LBDO","Labette_KS",2009,37.3497,-95.2841,182,233.57904284457,4.01114526496118,233.205685627682,234.149581219015,"interval",233.57904284457,"in_range","gauss","opt_within",1122.24238636364,-55.3823863636364,1900.05454545455,-74.8195454545455,181.278863636364,209.641136363636,320.318181818182,16.6818181818182,1211.3242875,41.3338636363637,2.15420265360358,-0.913284726249593,2.69481944259698,-0.911038884457542,3.11610662994368,4.15433760689982,3.15932707624863,1.36947990320317,2.22787268269582,-1.26119315499501
"Labette_KS","Parsons_SARC","LBDO","Labette_KS",2010,37.3497,-95.2841,174,228.489466140233,6.01672645898644,227.226205235893,229.758689904159,"interval",228.489466140233,"in_range","gauss","opt_within",1122.24238636364,80.2126136363636,1900.05454545455,68.5254545454545,181.278863636364,-15.0288636363636,320.318181818182,8.68181818181819,1211.3242875,168.136663636364,2.15420265360358,1.37260013567798,2.69481944259698,0.958761126032499,3.11610662994368,-0.277179363600008,3.15932707624863,0.684809237384577,2.22787268269582,1.10971498891391
"Labette_KS","Parsons_SARC","LBDO","Labette_KS",2013,37.3497,-95.2841,179,231.828846496826,3.23995015018817,230.975695598322,233.038357301941,"interval",231.828846496826,"in_range","gauss","opt_within",1122.24238636364,3.14761363636376,1900.05454545455,-32.4895454545454,181.278863636364,32.4511363636364,320.318181818182,-4.31818181818181,1211.3242875,92.9197136363637,2.15420265360358,0.0734245253350621,2.69481944259698,-0.358884052101731,3.11610662994368,0.659342761113269,3.15932707624863,-0.427780594570642,2.22787268269582,-0.296661521029011
"Labette_KS","Parsons_SARC","LBDO","Labette_KS",2020,37.3497,-95.2841,161,245.018946515944,4.19049052107103,244.301335775943,245.743785906454,"interval",245.018946515944,"in_range","gauss","opt_within",1122.24238636364,38.3726136363637,1900.05454545455,-37.0445454545454,181.278863636364,-45.6488636363636,320.318181818182,14.6818181818182,1211.3242875,125.041663636364,2.15420265360358,0.667253901502314,2.69481944259698,-0.418299720927168,3.11610662994368,-0.88114540106253,3.15932707624863,1.19831223674852,2.22787268269582,0.303941879315738
"Perkins_NE","Grant_5","Perkins","Perkins_NE",2017,40.842,-101.7251,164,226.222839965986,11.8666695227745,225.621934489935,228.256771001964,"interval",226.222839965986,"in_range","gauss","opt_within",960.348522727273,-10.7285227272728,1550.70477272727,-33.1447727272728,89.8261363636364,34.2938636363636,295.409090909091,4.59090909090907,1054.47027272727,84.4946772727272,0.684879727559721,-0.160501873541589,0.532020692031802,-0.367430872440209,-0.664507825765289,0.695689746385418,0.46844719257322,0.334693556000065,0.620056757642357,-0.454189488292151
"Reno_KS","Hutchinson_SCKEF","RNDO","Reno_KS",1996,37.9302,-98.0273,182,241.304935725134,8.04565250364284,238.956188836855,242.537569241981,"interval",241.304935725134,"in_range","gauss","opt_within",1125.73267045455,-4.44767045454546,1867.01153409091,3.95346590909094,150.722840909091,59.5271590909091,315.25,6.75,1213.96790284091,87.1674795454544,2.18587991621248,-0.0546181379301668,2.49025258934193,0.116480578893531,1.85293444605465,1.19340540503345,2.61182140648621,0.519476832286336,2.25497078949906,-0.404214498185725
"Reno_KS","Hutchinson_SCKEF","RNDO","Reno_KS",1999,37.9302,-98.0273,153,206.796512262783,9.42843074538828,204.42355920071,208.315277457147,"interval",206.796512262783,"in_range","gauss","opt_within",1125.73267045455,-1.93767045454547,1867.01153409091,3.79346590909108,150.722840909091,66.8871590909091,315.25,13.75,1213.96790284091,92.1185795454544,2.18587991621248,-0.0123041071514641,2.49025258934193,0.114393530153232,1.85293444605465,1.33857816910021,2.61182140648621,1.11856366487761,2.25497078949906,-0.311640806506145
"Reno_KS","Hutchinson_SCKEF","RNDO","Reno_KS",2000,37.9302,-98.0273,146,197.950574876979,5.3923459188184,195.710538347446,198.878672422639,"interval",197.950574876979,"in_range","gauss","opt_within",1125.73267045455,-45.7326704545455,1867.01153409091,40.5534659090911,150.722840909091,36.4071590909091,315.25,-33.25,1213.96790284091,43.7313795454545,2.18587991621248,-0.750608082431661,2.49025258934193,0.593892978237322,1.85293444605465,0.737373570084614,2.61182140648621,-2.90387649680665,2.25497078949906,-1.21636535944149
"Reno_KS","Hutchinson_SCKEF","RNDO","Reno_KS",2009,37.9302,-98.0273,156,211.825548649957,5.24983849105119,210.893847101716,212.502155578069,"interval",211.825548649957,"in_range","gauss","opt_within",1125.73267045455,-16.9976704545456,1867.01153409091,-70.9015340909091,150.722840909091,-26.7228409090909,315.25,6.75,1213.96790284091,71.3444295454544,2.18587991621248,-0.266188291823684,2.49025258934193,-0.859932130201534,1.85293444605465,-0.507837923873877,2.61182140648621,0.519476832286336,2.25497078949906,-0.700067571670522
"Republic_KS","Belleville_NCKEF","RPDO","Republic_KS",1987,39.832,-97.8432,191,215.215604498615,NA,252,274,"interval",NA,"less_than","linear","opt_after",1075.65556818182,-28.275568181818,1762.25625,55.8837500000002,152.87,-82.61,308.318181818182,-14.3181818181818,1166.54538409091,70.9256818181818,1.73138811036843,-0.456313117142754,1.84172032960066,0.793862041364722,1.94169703345775,-1.61018756532306,1.86299078192325,-1.28361892684389,1.76887114478883,-0.70789714954131
"Republic_KS","Belleville_NCKEF","RPDO","Republic_KS",1988,39.832,-97.8432,190,172.1274748599,NA,248,264,"interval",NA,"less_than","linear","opt_after",1075.65556818182,-16.6905681818182,1762.25625,71.04375,152.87,-80.82,308.318181818182,-6.31818181818181,1166.54538409091,76.2365318181819,1.73138811036843,-0.261011106556593,1.84172032960066,0.991609909508213,1.94169703345775,-1.57488060232313,1.86299078192325,-0.598948261025292,1.76887114478883,-0.608596995947865
"Republic_KS","Belleville_NCKEF","RPDO","Republic_KS",1989,39.832,-97.8432,191,234.991907371758,NA,250,270,"interval",NA,"less_than","linear","opt_after",1075.65556818182,-61.6355681818181,1762.25625,-2.94624999999996,152.87,73.34,308.318181818182,-16.3181818181818,1166.54538409091,39.2778818181819,1.73138811036843,-1.01870198836886,1.84172032960066,0.0264803076653996,1.94169703345775,1.46585761894475,1.86299078192325,-1.45478659329854,1.76887114478883,-1.29963508243239
"Republic_KS","Belleville_NCKEF","RPDO","Republic_KS",1995,39.832,-97.8432,164,221.18807302679,7.71356419494635,220.049034190851,222.434714402662,"interval",221.18807302679,"in_range","gauss","opt_within",1075.65556818182,20.6444318181818,1762.25625,-60.1212499999999,152.87,-8.56999999999999,308.318181818182,-2.31818181818181,1166.54538409091,113.476531818182,1.73138811036843,0.368389028552121,1.84172032960066,-0.719313515626435,1.94169703345775,-0.149781118107999,1.86299078192325,-0.256612928115993,1.76887114478883,0.0877016605421208
"Republic_KS","Belleville_NCKEF","RPDO","Republic_KS",1996,39.832,-97.8432,162,220.870157335446,6.09192972889251,220.460000419316,221.350150624331,"interval",220.870157335446,"in_range","gauss","opt_within",1075.65556818182,9.02943181818182,1762.25625,-29.40625,152.87,-0.740000000000009,308.318181818182,-1.31818181818181,1166.54538409091,101.894581818182,1.73138811036843,0.172581272578163,1.84172032960066,-0.318665377761832,1.94169703345775,0.00466218931628398,1.86299078192325,-0.171029094888669,1.76887114478883,-0.128853017882535
"Republic_KS","Belleville_NCKEF","RPDO","Republic_KS",2001,39.832,-97.8432,162,215.256997923541,4.76598745968936,214.553190807498,216.134065085154,"interval",215.256997923541,"in_range","gauss","opt_within",1075.65556818182,56.1894318181819,1762.25625,50.2637500000001,152.87,55.63,308.318181818182,22.6818181818182,1166.54538409091,145.306531818182,1.73138811036843,0.96761302218917,1.84172032960066,0.720554454361658,1.94169703345775,1.11653565540911,1.86299078192325,1.88298290256712,1.76887114478883,0.682846296312158
"Richland_ND","Wyndmere_USDA","Wyndmere","Richland_ND",2012,46.4095,-97.114,156,223.385967556812,29.6620968418602,218.380942534875,226.011414849884,"interval",223.385967556812,"in_range","gauss","opt_within",908.990795454545,81.2092045454546,1489.82505681818,55.0449431818181,119.324431818182,-17.8244318181818,290.852272727273,-5.85227272727275,1019.13798409091,181.573504545455,0.218765173145093,1.3894008442043,0.155118848143282,0.782920599406956,0.554938390219637,-0.332320716873327,-0.0238168737378396,-0.559073975089836,0.257886771617822,1.36095167721868
"Richland_ND","Galchutt_1","Galchutt","Richland_ND",2014,46.3875,-96.8095,148,217.524042666489,16.2200896637733,215.161053880533,219.564296011864,"interval",217.524042666489,"in_range","gauss","opt_within",908.990795454545,2.48920454545453,1489.82505681818,-6.18005681818181,119.324431818182,-9.25443181818183,290.852272727273,13.1477272727273,1019.13798409091,121.189854545455,0.218765173145093,0.0623249466347788,0.155118848143282,-0.0157016451237398,0.554938390219637,-0.163281234801028,-0.0238168737378396,1.06701885622933,0.257886771617822,0.231922290297051
"Richland_ND","Galchutt_1","Galchutt","Richland_ND",2015,46.3875,-96.8095,142,211.003507272376,10.5225020986344,209.710594218308,213.526495173686,"interval",211.003507272376,"in_range","gauss","opt_within",908.990795454545,-14.9307954545455,1489.82505681818,-18.3850568181817,119.324431818182,19.8955681818182,290.852272727273,-1.85227272727275,1019.13798409091,98.4079045454545,0.218765173145093,-0.231344541877176,0.155118848143282,-0.174904331844803,0.554938390219637,0.411689698968813,-0.0238168737378396,-0.216738642180537,0.257886771617822,-0.19404551789903
"Richland_ND","Galchutt_1","Galchutt","Richland_ND",2016,46.3875,-96.8095,145,219.242622296593,16.0148782624504,213.742192022769,263,"interval",219.242622296593,"greater_than","gauss","opt_after",908.990795454545,23.4692045454545,1489.82505681818,71.3049431818183,119.324431818182,143.455568181818,290.852272727273,33.1477272727273,1019.13798409091,130.647654545454,0.218765173145093,0.4160095544982,0.155118848143282,0.995016927640019,0.554938390219637,2.84885637398087,-0.0238168737378396,2.77869552077582,0.257886771617822,0.408760459828493
"Sherman_KS","Goodland_NorthernSun","SRDO","Sherman_KS",2001,39.342,-101.821,158,217.617227076304,8.60119859714365,216.518665169927,219.023489821752,"interval",217.617227076304,"in_range","gauss","opt_within",984.331704545454,22.2532954545455,1572.0525,24.3724999999999,104.886590909091,-41.1165909090909,300,-2,1077.29788068182,112.938445454546,0.90254726660916,0.395511540674762,0.664182901591632,0.382827575003463,-0.0419154344602666,-0.79174831419805,0.9643940324477,-0.229381708452754,0.854048802113615,0.077640736479941
"Sherman_KS","Goodland_NorthernSun","SRDO","Sherman_KS",2003,39.342,-101.821,163,220.259240097171,4.08498283359454,219.280659222627,221.386588748923,"interval",220.259240097171,"in_range","gauss","opt_within",984.331704545454,14.3532954545454,1572.0525,-3.72250000000008,104.886590909091,-83.6065909090909,300,-1,1077.29788068182,104.337345454545,0.90254726660916,0.262331921889202,0.664182901591632,0.0163548602612829,-0.0419154344602666,-1.62984488283889,0.9643940324477,-0.14379787522543,0.854048802113615,-0.0831791983840782
"Sherman_KS","Goodland_NorthernSun","SRDO","Sherman_KS",2005,39.342,-101.821,168,221.901756234985,9.53385880238759,220.482846952054,223.145934563644,"interval",221.901756234985,"in_range","gauss","opt_within",984.331704545454,7.83329545454546,1572.0525,-4.01250000000005,104.886590909091,30.3234090909091,300,-20,1077.29788068182,99.8534454545455,0.90254726660916,0.152416590942133,0.664182901591632,0.0125720844194883,-0.0419154344602666,0.6173742761456,0.9643940324477,-1.7698907065446,0.854048802113615,-0.16701737093605
"Spink_SD","Redfield_6","Redfield","Spink_SD",1987,44.8758,-98.5187,140,213.286341761203,10.0764827563,209.792918919583,262.174157303371,"interval",213.286341761203,"greater_than","gauss","opt_after",917.597130681818,-4.14713068181811,1517.38670454545,48.6932954545455,116.827670454545,-48.1176704545455,288.971590909091,-8.97159090909093,1024.94331761364,97.4332693181818,0.296874901176874,-0.0495515844666571,0.325750982244021,0.700069359481717,0.451723402702974,-0.929841530103605,-0.226983215320084,-0.826037182145525,0.317393745039011,-0.212268858374803
"Spink_SD","Turton_Rahn_1","Turton","Spink_SD",1993,45.0497,-98.0956,141,237.8117145589,19.5968857595732,225.547261526361,257,"interval",237.8117145589,"greater_than","gauss","opt_after",917.597130681818,-147.632130681818,1517.38670454545,-135.531704545454,116.827670454545,134.572329545455,288.971590909091,-6.97159090909093,1024.94331761364,-6.5140806818182,0.296874901176874,-2.46844748338386,0.325750982244021,-1.70297160415516,0.451723402702974,2.67363839752631,-0.226983215320084,-0.654869515690876,0.317393745039011,-2.15583492042352
"Spink_SD","Turton_Rahn_2","Turton","Spink_SD",1994,45.0497,-98.0956,140,210.944473316083,12.3093219962772,207.692711471565,213.01783283009,"interval",210.944473316083,"in_range","gauss","opt_within",917.597130681818,-37.9571306818182,1517.38670454545,-37.8767045454545,116.827670454545,94.0323295454546,288.971590909091,9.02840909090907,1024.94331761364,71.6993693181819,0.296874901176874,-0.619526636509663,0.325750982244021,-0.42915444956724,0.451723402702974,1.87400472153903,-0.226983215320084,0.714471815946318,0.317393745039011,-0.693431049466307
"Spink_SD","Turton_2","Turton","Spink_SD",1995,45.0497,-98.0956,150,256.908886054557,30.2085265938932,220.716623253145,276,"interval",256.908886054557,"greater_than","gauss","opt_after",917.597130681818,15.5678693181818,1517.38670454545,-16.1917045454545,116.827670454545,-32.7476704545455,288.971590909091,-23.9715909090909,1024.94331761364,125.865469318182,0.296874901176874,0.282807426211479,0.325750982244021,-0.146294124983359,0.451723402702974,-0.626675037752235,-0.226983215320084,-2.10979468055539,0.317393745039011,0.319345069150832
"Spink_SD","Conde_1","Conde","Spink_SD",1996,45.1572,-98.0976,155,219.516438186463,8.77549844030382,218.787748169187,220.45113430852,"interval",219.516438186463,"in_range","gauss","opt_within",917.597130681818,-8.36713068181814,1517.38670454545,-75.0017045454545,116.827670454545,-101.117670454545,288.971590909091,8.02840909090907,1024.94331761364,95.2582693181819,0.296874901176874,-0.120693102349576,0.325750982244021,-0.913414977590141,0.451723402702974,-1.97524322786695,-0.226983215320084,0.628887982718993,0.317393745039011,-0.252936140272377
"Spink_SD","Frankfort_1","Frankfort","Spink_SD",2000,44.8766,-98.3054,140,210.651984980682,7.01065661246302,209.945907340541,212.308838064247,"interval",210.651984980682,"in_range","gauss","opt_within",917.597130681818,-69.6521306818181,1517.38670454545,-7.72170454545449,116.827670454545,-10.8076704545455,288.971590909091,-20.9715909090909,1024.94331761364,51.4334693181819,0.296874901176874,-1.15384663871324,0.325750982244021,-0.0358109822936892,0.451723402702974,-0.19391818399888,-0.226983215320084,-1.85304318087342,0.317393745039011,-1.07235475898726
"Sully_SD","Onida_18","Onida-NuSun","Sully_SD",2001,44.7056,-100.0655,154,220.473047945853,9.73416104220679,219.81849302532,221.56106168957,"interval",220.473047945853,"in_range","gauss","opt_within",948.92446969697,32.1555303030303,1509.77848484848,52.3165151515152,85.3832575757576,14.5767424242424,291.393939393939,-2.39393939393938,1048.43206780303,129.61623030303,0.581196841446953,0.562445194123658,0.278649053634847,0.747330835134176,-0.848174428952817,0.30677819940132,0.0346983062143437,-0.263096551845335,0.558162759901847,0.389475301013479
"Sully_SD","Onida_Huse_2","Onida","Sully_SD",2005,44.7056,-100.0655,158,233.590396860899,26.3765861418759,222.928801045167,261,"interval",233.590396860899,"greater_than","gauss","opt_after",948.92446969697,20.9505303030303,1509.77848484848,17.1815151515152,85.3832575757576,-77.0332575757576,291.393939393939,4.60606060606062,1048.43206780303,123.14093030303,0.581196841446953,0.373549291782874,0.278649053634847,0.289027975818765,-0.848174428952817,-1.50018877290246,0.0346983062143437,0.335990280745937,0.558162759901847,0.268402726084112
"Sully_SD","Onida_6","Onida","Sully_SD",2008,44.7056,-100.0655,164,229.310367997726,10.2715524239181,228.2453472268,231.620518057108,"interval",229.310367997726,"in_range","gauss","opt_within",948.92446969697,-5.63946969696974,1509.77848484848,-115.238484848485,85.3832575757576,-10.9232575757576,291.393939393939,9.60606060606062,1048.43206780303,90.6837303030302,0.581196841446953,-0.0747097035978862,0.278649053634847,-1.43826573787262,-0.848174428952817,-0.196198089145196,0.0346983062143437,0.76390944688256,0.558162759901847,-0.338469044953128
"Sully_SD","Onida_7","Onida","Sully_SD",2009,44.7056,-100.0655,163,226.454286133637,10.9846328633882,223.740697318682,227.640190762502,"interval",226.454286133637,"in_range","gauss","opt_within",948.92446969697,-61.9344696969697,1509.77848484848,-163.928484848485,85.3832575757576,29.1867424242424,291.393939393939,-9.39393939393938,1048.43206780303,43.9570303030303,0.581196841446953,-1.02374092379194,0.278649053634847,-2.07338075765538,-0.848174428952817,0.59495402589797,0.0346983062143437,-0.862183384436607,0.558162759901847,-1.21214623163977
"Sully_SD","Onida_10","Onida","Sully_SD",2012,44.7056,-100.0655,163,224.499464798758,22.3240503903437,221.367633441918,226.273228840955,"interval",224.499464798758,"in_range","gauss","opt_within",948.92446969697,33.0405303030303,1509.77848484848,47.3265151515152,85.3832575757576,-57.0432575757576,291.393939393939,-12.3939393939394,1048.43206780303,124.57568030303,0.581196841446953,0.577364683063559,0.278649053634847,0.682241002546047,-0.848174428952817,-1.10589481180266,0.0346983062143437,-1.11893488411858,0.558162759901847,0.29522910893586
"Sully_SD","Onida_11","Onida","Sully_SD",2013,44.7056,-100.0655,166,230.198052207873,11.6038492822658,228.861828712663,232.055335822797,"interval",230.198052207873,"in_range","gauss","opt_within",948.92446969697,6.09553030303027,1509.77848484848,17.5165151515153,85.3832575757576,9.22674242424242,291.393939393939,5.60606060606062,1048.43206780303,105.83568030303,0.581196841446953,0.123121033927245,0.278649053634847,0.29339773411877,-0.848174428952817,0.201251801608227,0.0346983062143437,0.421574113973262,0.558162759901847,-0.0551639314138271
"Sully_SD","Onida_12","Onida","Sully_SD",2014,44.7056,-100.0655,160,226.860798554504,15.760554683594,224.417095670324,231.304162583175,"interval",226.860798554504,"in_range","gauss","opt_within",948.92446969697,-43.4144696969697,1509.77848484848,-70.3084848484848,85.3832575757576,-15.1932575757576,291.393939393939,10.6060606060606,1048.43206780303,65.1189803030303,0.581196841446953,-0.711527437727567,0.278649053634847,-0.852196363486922,-0.848174428952817,-0.280421961776318,0.0346983062143437,0.849493280109885,0.558162759901847,-0.816468536857056
"Sully_SD","Onida_13","Onida","Sully_SD",2015,44.7056,-100.0655,156,209.092222649222,39.3226096061224,202.432041636707,214.083258217998,"interval",209.092222649222,"in_range","gauss","opt_within",948.92446969697,17.8105303030303,1509.77848484848,-17.4184848484849,85.3832575757576,22.1667424242424,291.393939393939,25.6060606060606,1048.43206780303,115.34373030303,0.581196841446953,0.320614607860513,0.278649053634847,-0.162296314271267,-0.848174428952817,0.456487612345165,0.0346983062143437,2.13325077851975,0.558162759901847,0.122613792561456
"Thomas_KS","Colby_NREC","THDO","Thomas_KS",1988,39.3933,-101.0636,169,227.06147850741,12.9707996134454,225.595744141113,229.148834195571,"interval",227.06147850741,"in_range","gauss","opt_within",999.751704545455,47.9782954545454,1608.15386363636,55.0711363636362,109.777727272727,-52.4777272727273,299.931818181818,2.06818181818181,1092.12746704545,135.737345454545,1.04249673109589,0.829188210707482,0.887683788845339,0.783262264701444,0.160281934526474,-1.01584173387855,0.957028485320852,0.118788885812952,1.00605794993146,0.503925469010805
"Thomas_KS","Colby_NREC","THDO","Thomas_KS",1989,39.3933,-101.0636,185,244.121418458422,9.79159719612407,242.8663654218,245.729355559382,"interval",244.121418458422,"in_range","gauss","opt_within",999.751704545455,-39.7467045454546,1608.15386363636,-38.6188636363636,109.777727272727,-34.6677272727273,299.931818181818,-7.93181818181819,1092.12746704545,54.6314954545454,1.04249673109589,-0.649695594097979,0.887683788845339,-0.438835213290894,0.160281934526474,-0.664547314309393,0.957028485320852,-0.737049446460294,1.00605794993146,-1.01255934270988
"Thomas_KS","Colby_NREC","THDO","Thomas_KS",1991,39.3933,-101.0636,156,208.378605770902,18.7235727805951,196,213.347749756731,"interval",208.378605770902,"less_than","gauss","opt_before",999.751704545455,4.88329545454542,1608.15386363636,91.3311363636362,109.777727272727,-19.9877272727273,299.931818181818,-20.9318181818182,1092.12746704545,100.494545454545,1.04249673109589,0.102684961142462,0.887683788845339,1.25623968547209,0.160281934526474,-0.374990768589281,0.957028485320852,-1.84963927841551,1.00605794993146,-0.155030339016726
"Thomas_KS","Colby_NREC","THDO","Thomas_KS",1992,39.3933,-101.0636,169,224.078645813108,48.0335115434137,223.969030757435,230.332113266325,"interval",224.078645813108,"in_range","gauss","opt_within",999.751704545455,-70.9367045454545,1608.15386363636,-141.263863636364,109.777727272727,25.7822727272727,299.931818181818,-9.93181818181819,1092.12746704545,29.4175954545454,1.04249673109589,-1.17550221560704,0.887683788845339,-1.77774220046694,0.160281934526474,0.527802357950877,0.957028485320852,-0.908217112914943,1.00605794993146,-1.48399878134771
"Thomas_KS","Colby_NREC","THDO","Thomas_KS",1993,39.3933,-101.0636,153,216.099750294687,NA,224,248,"interval",NA,"in_range","linear","opt_after",999.751704545455,-92.6117045454546,1608.15386363636,-123.753863636364,109.777727272727,231.122272727273,299.931818181818,0.068181818181813,1092.12746704545,8.66174545454544,1.04249673109589,-1.54090325828767,0.887683788845339,-1.54934080395028,0.160281934526474,4.57804357717211,0.957028485320852,-0.0523787806416969,1.00605794993146,-1.87208338041612
"Thomas_KS","Colby_NREC","THDO","Thomas_KS",1996,39.3933,-101.0636,158,220.988027094965,12.1639044336726,218.431143476109,226.702404699012,"interval",220.988027094965,"in_range","gauss","opt_within",999.751704545455,-17.8917045454546,1608.15386363636,-43.2188636363637,109.777727272727,22.4322727272727,299.931818181818,-7.93181818181819,1092.12746704545,75.5445454545455,1.04249673109589,-0.281260079090588,0.887683788845339,-0.498837864574541,0.160281934526474,0.461725080828099,0.957028485320852,-0.737049446460294,1.00605794993146,-0.621535480784315
"Thomas_KS","Colby_NREC","THDO","Thomas_KS",1998,39.3933,-101.0636,161,223.113614428685,36.3660083211744,219.420274692379,223.104044949553,"interval",223.113614428685,"in_range","gauss","opt_within",999.751704545455,2.72829545454545,1608.15386363636,-5.85386363636371,109.777727272727,59.9522727272727,299.931818181818,14.0681818181818,1092.12746704545,96.3734454545455,1.04249673109589,0.0663555841193132,0.887683788845339,-0.0114467634411889,0.160281934526474,1.20179058460321,0.957028485320852,1.14579488454085,1.00605794993146,-0.232085021972171
"Thomas_KS","Colby_NREC","THDO","Thomas_KS",1999,39.3933,-101.0636,166,229.99302229415,5.50191563727367,229.693537957203,230.383867444249,"interval",229.99302229415,"in_range","gauss","opt_within",999.751704545455,1.08329545454546,1608.15386363636,-7.39386363636368,109.777727272727,73.7822727272727,299.931818181818,-9.93181818181819,1092.12746704545,97.2745454545453,1.04249673109589,0.0386238786886497,0.887683788845339,-0.0315346075665828,0.160281934526474,1.47458125403844,0.957028485320852,-0.908217112914943,1.00605794993146,-0.215236613826011
"Thomas_KS","Colby_NREC","THDO","Thomas_KS",2000,39.3933,-101.0636,164,207.606950963804,16.0581129827238,204,226.140561713325,"interval",207.606950963804,"less_than","gauss","opt_before",999.751704545455,-15.1167045454546,1608.15386363636,25.0961363636363,109.777727272727,-84.1777272727273,299.931818181818,-18.9318181818182,1092.12746704545,78.8595454545454,1.04249673109589,-0.234478630719712,0.887683788845339,0.392266727260732,0.160281934526474,-1.64111029650304,0.957028485320852,-1.67847161196086,1.00605794993146,-0.559552933892151
"Thomas_KS","Colby_NREC","THDO","Thomas_KS",2001,39.3933,-101.0636,158,215.971212324268,4.60221282353337,215.349859499056,217.389062378991,"interval",215.971212324268,"in_range","gauss","opt_within",999.751704545455,33.1582954545455,1608.15386363636,25.5861363636363,109.777727272727,10.7922727272727,299.931818181818,-0.931818181818187,1092.12746704545,124.143445454545,1.04249673109589,0.579349989137612,0.887683788845339,0.398658314027903,0.160281934526474,0.232131198526866,0.957028485320852,-0.137962613869021,1.00605794993146,0.287147354255726
"Thomas_KS","Colby_NREC","THDO","Thomas_KS",2002,39.3933,-101.0636,163,223.77277680277,6.64829367622444,221.879089279028,227.667417037684,"interval",223.77277680277,"in_range","gauss","opt_within",999.751704545455,36.9282954545455,1608.15386363636,57.6361363636363,109.777727272727,-18.2477272727273,299.931818181818,-2.93181818181819,1092.12746704545,125.707345454545,1.04249673109589,0.642905326203631,0.887683788845339,0.81672026481939,0.160281934526474,-0.340670033606107,0.957028485320852,-0.309130280323671,1.00605794993146,0.316388532260146
"Thomas_KS","Colby_NREC","THDO","Thomas_KS",2003,39.3933,-101.0636,162,213.087834204037,11.7877565343393,202,220.733734393311,"interval",213.087834204037,"less_than","gauss","opt_before",999.751704545455,22.8682954545454,1608.15386363636,1.25113636363631,109.777727272727,-63.6877272727273,299.931818181818,-0.931818181818187,1092.12746704545,112.045395454545,1.04249673109589,0.405879321124522,0.887683788845339,0.0812312446827902,0.160281934526474,-1.23695405523566,0.957028485320852,-0.137962613869021,1.00605794993146,0.0609428440207984
"Thomas_KS","Colby_NREC","THDO","Thomas_KS",2004,39.3933,-101.0636,166,229.879029043475,11.6005869547725,228.114510269404,231.594130343506,"interval",229.879029043475,"in_range","gauss","opt_within",999.751704545455,-97.4167045454545,1608.15386363636,-70.0738636363637,109.777727272727,-55.8877272727273,299.931818181818,7.06818181818181,1092.12746704545,12.0978454545454,1.04249673109589,-1.62190681123256,0.887683788845339,-0.84913595157939,0.160281934526474,-1.08310248462143,0.957028485320852,0.546708051949575,1.00605794993146,-1.8078365540583
"Thomas_KS","Colby_NREC","THDO","Thomas_KS",2005,39.3933,-101.0636,166,223.350063854825,12.4666869117715,220.947103935008,224.402738029496,"interval",223.350063854825,"in_range","gauss","opt_within",999.751704545455,13.6032954545454,1608.15386363636,7.29613636363638,109.777727272727,-2.59772727272727,299.931818181818,-2.93181818181819,1092.12746704545,104.297345454546,1.04249673109589,0.24968828719437,0.887683788845339,0.160082554902278,0.160281934526474,-0.0319806643608924,0.957028485320852,-0.309130280323671,1.00605794993146,-0.0839271024189755
"Thomas_KS","Colby_NREC","THDO","Thomas_KS",2006,39.3933,-101.0636,156,215.861961619658,3.61982430558273,215.480999766253,216.308379929846,"interval",215.861961619658,"in_range","gauss","opt_within",999.751704545455,45.5182954545454,1608.15386363636,48.5311363636363,109.777727272727,-10.2377272727273,299.931818181818,-4.93181818181819,1092.12746704545,132.987345454545,1.04249673109589,0.787717088908434,0.887683788845339,0.697954147441652,0.160281934526474,-0.182676305321496,0.957028485320852,-0.48029794677832,1.00605794993146,0.452507066611571
"Thomas_KS","Colby_NREC","THDO","Thomas_KS",2007,39.3933,-101.0636,158,214.972874628677,NA,219,235,"interval",NA,"in_range","linear","opt_after",999.751704545455,31.6182954545453,1608.15386363636,85.3861363636363,109.777727272727,10.6022727272727,299.931818181818,10.0681818181818,1092.12746704545,120.315395454545,1.04249673109589,0.553388392564221,0.887683788845339,1.1786927807153,0.160281934526474,0.228383532063186,0.957028485320852,0.803459551631549,1.00605794993146,0.215572003235948
"Thomas_KS","Colby_NREC","THDO","Thomas_KS",2008,39.3933,-101.0636,163,222.169699544226,8.935631294389,221.63795059319,222.941804705154,"interval",222.169699544226,"in_range","gauss","opt_within",999.751704545455,-12.4717045454546,1608.15386363636,-40.7988636363636,109.777727272727,104.922272727273,299.931818181818,1.06818181818181,1092.12746704545,81.2253954545455,1.04249673109589,-0.18988874569594,0.887683788845339,-0.467271252377492,0.160281934526474,2.08880406287524,0.957028485320852,0.0332050525856277,1.00605794993146,-0.515317214868066
"Thomas_KS","Colby_NREC","THDO","Thomas_KS",2010,39.3933,-101.0636,160,209.875559166632,22.7359994549028,205.92166797247,212.505845147956,"interval",209.875559166632,"in_range","gauss","opt_within",999.751704545455,35.8232954545455,1608.15386363636,4.89113636363641,109.777727272727,-21.7677272727273,299.931818181818,9.06818181818181,1092.12746704545,128.561495454545,1.04249673109589,0.624277037753246,0.887683788845339,0.128711603524633,0.160281934526474,-0.410100485985861,0.957028485320852,0.717875718404224,1.00605794993146,0.369754289790248
"Thomas_KS","Colby_NREC","THDO","Thomas_KS",2012,39.3933,-101.0636,161,222.671745148277,6.81106272994084,221.271519813531,223.935961225631,"interval",222.671745148277,"in_range","gauss","opt_within",999.751704545455,32.7532954545455,1608.15386363636,48.9111363636364,109.777727272727,-45.0777272727273,299.931818181818,0.068181818181813,1092.12746704545,120.582345454545,1.04249673109589,0.572522426402403,0.887683788845339,0.702910888199868,0.160281934526474,-0.869879987398382,0.957028485320852,-0.0523787806416969,1.00605794993146,0.220563327788847
"Thomas_KS","Colby_NREC","THDO","Thomas_KS",2013,39.3933,-101.0636,163,220.910553530245,2.52158935433076,220.002315090764,221.612859173587,"interval",220.910553530245,"in_range","gauss","opt_within",999.751704545455,0.698295454545473,1608.15386363636,41.0811363636362,109.777727272727,-41.6177272727273,299.931818181818,10.0681818181818,1092.12746704545,92.9034454545455,1.04249673109589,0.032133479545303,0.887683788845339,0.600775940471399,0.160281934526474,-0.801633008638737,0.957028485320852,0.803459551631549,1.00605794993146,-0.296965696999568
"Thomas_KS","Colby_NREC","THDO","Thomas_KS",2014,39.3933,-101.0636,167,226.173588316533,3.96193981316413,225.611823719281,226.917398222333,"interval",226.173588316533,"in_range","gauss","opt_within",999.751704545455,-19.8817045454546,1608.15386363636,-44.2038636363636,109.777727272727,35.3322727272727,299.931818181818,15.0681818181818,1092.12746704545,72.6664954545455,1.04249673109589,-0.314807856480875,0.887683788845339,-0.511686258382016,0.160281934526474,0.716171909151631,0.957028485320852,1.23137871776817,1.00605794993146,-0.675348110975266
"Thomas_KS","Colby_NREC","THDO","Thomas_KS",2015,39.3933,-101.0636,161,218.262222303669,NA,222,227,"interval",NA,"in_range","linear","opt_after",999.751704545455,14.5332954545454,1608.15386363636,-26.2238636363636,109.777727272727,6.62227272727273,299.931818181818,17.0681818181818,1092.12746704545,105.660395454545,1.04249673109589,0.26536639421596,0.887683788845339,-0.277154156190723,0.160281934526474,0.149879781929259,0.957028485320852,1.40254638422282,1.00605794993146,-0.0584413375497857
"Walworth_SD","Selby_6","Selby-NuSun","Walworth_SD",2001,45.5064,-100.0321,153,220.306628075397,NA,224,256,"interval",NA,"in_range","linear","opt_after",909.054318181818,32.1506818181819,1462.17863636364,58.8113636363637,91.2179545454545,7.21204545454546,287.795454545455,-9.79545454545456,1014.39985340909,143.697431818182,0.219341695302327,0.562363457495328,-0.0160381076775244,0.832049993563845,-0.606970690517168,0.161512789672381,-0.354038903258226,-0.896546590202127,0.209319051013095,0.652759986748299
"Walworth_SD","Selby_8","Selby-NuSun","Walworth_SD",2003,45.5064,-100.0321,160,224.464294179831,7.0829267643386,223.537929953243,225.197020146564,"interval",224.464294179831,"in_range","gauss","opt_within",909.054318181818,32.5856818181818,1462.17863636364,-21.8736363636363,91.2179545454545,-79.8479545454545,287.795454545455,-13.7954545454546,1014.39985340909,128.329981818182,0.219341695302327,0.569696765618329,-0.0160381076775244,-0.220409554005926,-0.606970690517168,-1.55570743310643,-0.354038903258226,-1.23888192311142,0.209319051013095,0.365425540220989
"Ward_ND","Minot_REC","Minot","Ward_ND",1982,48.1821,-101.2973,146,218.495305886277,4.10639067749432,218.069878998332,218.994081852678,"interval",218.495305886277,"in_range","gauss","opt_within",812.612954545454,-48.6979545454545,1341.36931818182,-127.969318181818,92.205,-44.265,285.022727272727,8.97727272727275,933.24275,72.5123954545455,-0.65594476353547,-0.800597374180793,-0.763959711806477,-1.60432742331832,-0.566166677064754,-0.853849299271445,-0.653571153083413,0.710095369929015,-0.622573479639776,-0.67822941126971
"Ward_ND","Minot_REC","Minot","Ward_ND",1984,48.1821,-101.2973,150,220.198328872461,6.46616915355548,219.490408987505,220.973964550665,"interval",220.198328872461,"in_range","gauss","opt_within",812.612954545454,33.4270454545455,1341.36931818182,13.6306818181818,92.205,-58.215,285.022727272727,6.97727272727275,933.24275,142.076595454546,-0.65594476353547,0.583880624903259,-0.763959711806477,0.242710711847819,-0.566166677064754,-1.12900691594689,-0.653571153083413,0.538927703474366,-0.622573479639776,0.622454235341479
"Ward_ND","Minot_REC","Minot","Ward_ND",1985,48.1821,-101.2973,145,148.830437749216,47.1727707689438,185,217.345898314887,"interval",148.830437749216,"less_than","gauss","opt_before",812.612954545454,-100.082954545455,1341.36931818182,-136.114318181818,92.205,16.715,285.022727272727,-18.0227272727273,933.24275,34.4559454545455,-0.65594476353547,-1.66685493257268,-0.763959711806477,-1.71057124825425,-0.566166677064754,0.348954389966458,-0.653571153083413,-1.60066812720875,-0.622573479639776,-1.38979372399201
"Ward_ND","Minot_REC","Minot","Ward_ND",1986,48.1821,-101.2973,140,214.570912101773,23.1881139258901,210.966978815082,221.394659355746,"interval",214.570912101773,"in_range","gauss","opt_within",812.612954545454,4.73704545454552,1341.36931818182,-39.1443181818183,92.205,31.965,285.022727272727,-0.0227272727272521,933.24275,121.814645454545,-0.65594476353547,0.100219452376972,-0.763959711806477,-0.445689271085748,-0.566166677064754,0.649753935077609,-0.653571153083413,-0.060159129116906,-0.622573479639776,0.243604381343968
"Ward_ND","Minot_REC","Minot","Ward_ND",1988,48.1821,-101.2973,140,209.091144814297,8.26180277224369,207.08004045325,212.692167896514,"interval",209.091144814297,"in_range","gauss","opt_within",812.612954545454,111.112045454546,1341.36931818182,169.620681818182,92.205,-63.115,285.022727272727,-7.02272727272725,933.24275,210.834395454546,-0.65594476353547,1.89350830659391,-0.763959711806477,2.27745279309475,-0.566166677064754,-1.22565726158916,-0.653571153083413,-0.659245961708178,-0.622573479639776,1.90806013660912
"Ward_ND","Minot_REC","Minot","Ward_ND",1992,48.1821,-101.2973,142,223.934013725079,9.31176688523941,222.696824217776,224.973282946688,"interval",223.934013725079,"in_range","gauss","opt_within",812.612954545454,-146.457954545455,1341.36931818182,-177.009318181818,92.205,-47.465,285.022727272727,-13.0227272727273,933.24275,-13.3751545454545,-0.65594476353547,-2.4486530112031,-0.763959711806477,-2.24400786222049,-0.566166677064754,-0.916967892343949,-0.653571153083413,-1.17274896107213,-0.622573479639776,-2.28412054108218
"Ward_ND","Minot_REC","Minot","Ward_ND",1995,48.1821,-101.2973,150,218.052580674878,13.4316118364183,216.86426376836,219.0124817068,"interval",218.052580674878,"in_range","gauss","opt_within",812.612954545454,42.9870454545455,1341.36931818182,19.0256818181817,92.205,-3.985,285.022727272727,-21.0227272727273,933.24275,156.508795454546,-0.65594476353547,0.745044821813379,-0.763959711806477,0.313083386559833,-0.566166677064754,-0.0593440089713018,-0.653571153083413,-1.85741962689072,-0.622573479639776,0.892301750652831
"Ward_ND","Minot_REC","Minot","Ward_ND",1997,48.1821,-101.2973,147,211.365801945113,10.4306020489734,208.995351094574,212.860037993852,"interval",211.365801945113,"in_range","gauss","opt_within",812.612954545454,79.5020454545455,1341.36931818182,52.2306818181817,92.205,27.245,285.022727272727,7.97727272727275,933.24275,186.037995454545,-0.65594476353547,1.36062124965574,-0.763959711806477,0.746211220445366,-0.566166677064754,0.556654010295666,-0.653571153083413,0.624511536701691,-0.622573479639776,1.44442694633554
"Ward_ND","Minot_REC","Minot","Ward_ND",1998,48.1821,-101.2973,141,215.674617455567,12.6694552641828,214.653696585067,217.41846160806,"interval",215.674617455567,"in_range","gauss","opt_within",812.612954545454,-33.1629545454545,1341.36931818182,57.7506818181816,92.205,-13.225,285.022727272727,0.977272727272748,933.24275,90.2562954545455,-0.65594476353547,-0.538705554201848,-0.763959711806477,0.818214401985741,-0.566166677064754,-0.241598946468157,-0.653571153083413,0.0254247041104186,-0.622573479639776,-0.346461051149071
"Ward_ND","Minot_REC","Minot","Ward_ND",2003,48.1821,-101.2973,148,225.821355119585,15.5408888826539,222.204465584527,228.915543075871,"interval",225.821355119585,"in_range","gauss","opt_within",812.612954545454,11.1920454545455,1341.36931818182,38.2806818181818,92.205,-50.455,285.022727272727,-11.0227272727273,933.24275,130.490445454545,-0.65594476353547,0.209039001650487,-0.763959711806477,0.564246658400399,-0.566166677064754,-0.97594432774607,-0.653571153083413,-1.00158129461748,-0.622573479639776,0.405821026993157
"Ward_ND","Minot_REC","Minot","Ward_ND",2004,48.1821,-101.2973,155,230.129552730548,10.5363968013126,228.923382718031,230.992559260896,"interval",230.129552730548,"in_range","gauss","opt_within",812.612954545454,-78.4929545454545,1341.36931818182,-213.879318181818,92.205,3.325,285.022727272727,-7.02272727272725,933.24275,57.4675954545455,-0.65594476353547,-1.30288683515747,-0.763959711806477,-2.72494215631353,-0.566166677064754,0.0848425270786993,-0.653571153083413,-0.659245961708178,-0.622573479639776,-0.959531076875525
"Ward_ND","Minot_REC","Minot","Ward_ND",2005,48.1821,-101.2973,144,233.578042503331,29.6439009778604,227.745224999747,235.734220493405,"interval",233.578042503331,"in_range","gauss","opt_within",812.612954545454,-12.7129545454545,1341.36931818182,-26.3343181818182,92.205,-49.185,285.022727272727,-6.02272727272725,933.24275,123.472595454546,-0.65594476353547,-0.193955781522776,-0.763959711806477,-0.278594931315419,-0.566166677064754,-0.95089413612042,-0.653571153083413,-0.573662128480854,-0.622573479639776,0.274604068710445
"Ward_ND","Minot_REC","Minot","Ward_ND",2007,48.1821,-101.2973,155,219.535067637588,7.59185101424145,218.816209900707,220.378968607492,"interval",219.535067637588,"in_range","gauss","opt_within",812.612954545454,84.3670454545455,1341.36931818182,12.8156818181817,92.205,-61.815,285.022727272727,23.9772727272727,933.24275,193.143545454545,-0.65594476353547,1.44263629337622,-0.763959711806477,0.232079807326911,-0.566166677064754,-1.20001533315346,-0.653571153083413,1.99385286833888,-0.622573479639776,1.57728368421477
"Ward_ND","Minot_REC","Minot","Ward_ND",2008,48.1821,-101.2973,150,224.225989726195,10.4896562734973,223.062346156288,226.84693402191,"interval",224.225989726195,"in_range","gauss","opt_within",812.612954545454,-43.7879545454545,1341.36931818182,-107.309318181818,92.205,71.865,285.022727272727,4.97727272727275,933.24275,73.6479454545455,-0.65594476353547,-0.717823712378628,-0.763959711806477,-1.33483725472699,-0.566166677064754,1.43676389245039,-0.653571153083413,0.367760037019717,-0.622573479639776,-0.656997350599002
"Ward_ND","Minot_REC","Minot","Ward_ND",2009,48.1821,-101.2973,149,225.276076598506,6.80622731471638,224.628957298379,226.1631441217,"interval",225.276076598506,"in_range","gauss","opt_within",812.612954545454,-97.2829545454545,1341.36931818182,-129.814318181818,92.205,29.705,285.022727272727,-3.02272727272725,933.24275,36.0776454545455,-0.65594476353547,-1.61965202971198,-0.763959711806477,-1.62839370410491,-0.566166677064754,0.605176428720153,-0.653571153083413,-0.31691062879888,-0.622573479639776,-1.35947182465716
"Ward_ND","Minot_REC","Minot","Ward_ND",2011,48.1821,-101.2973,146,213.132599095372,9.54173844365983,211.795466938176,214.429115914424,"interval",213.132599095372,"in_range","gauss","opt_within",812.612954545454,18.7170454545455,1341.36931818182,23.9856818181818,92.205,26.435,285.022727272727,6.97727272727275,933.24275,147.089295454546,-0.65594476353547,0.335896803088631,-0.763959711806477,0.377781897509156,-0.566166677064754,0.540677116424189,-0.653571153083413,0.538927703474366,-0.622573479639776,0.716179699234802
"Ward_ND","Minot_REC","Minot","Ward_ND",2012,48.1821,-101.2973,143,213.845027190623,6.23865514899553,213.376135599631,214.491489313378,"interval",213.845027190623,"in_range","gauss","opt_within",812.612954545454,9.52704545454549,1341.36931818182,51.3956818181819,92.205,-55.395,285.022727272727,-19.0227272727273,933.24275,122.768795454546,-0.65594476353547,0.180970132627962,-0.763959711806477,0.735319434831924,-0.566166677064754,-1.07338365580175,-0.653571153083413,-1.68625196043607,-0.622573479639776,0.261444697216415
"Ward_ND","Minot_REC","Minot","Ward_ND",2014,48.1821,-101.2973,150,236.040512102141,22.6139677531551,223.443771268725,261,"interval",236.040512102141,"greater_than","gauss","opt_after",812.612954545454,-5.84795454545451,1341.36931818182,-15.0993181818183,92.205,68.065,285.022727272727,-8.02272727272725,933.24275,131.530395454546,-0.65594476353547,-0.0782243786160846,-0.763959711806477,-0.132044977582429,-0.566166677064754,1.36181056317679,-0.653571153083413,-0.744829794935503,-0.622573479639776,0.425265597020462
"Ward_ND","Minot_REC","Minot","Ward_ND",2016,48.1821,-101.2973,158,224.267665700889,7.24034572369181,223.68196303135,225.038997038982,"interval",224.267665700889,"in_range","gauss","opt_within",812.612954545454,93.6070454545455,1341.36931818182,104.400681818182,92.205,-1.655,285.022727272727,30.9772727272727,933.24275,202.072445454545,-0.65594476353547,1.59840587281654,-0.763959711806477,1.42671955032967,-0.566166677064754,-0.013385783390385,-0.653571153083413,2.59293970093016,-0.622573479639776,1.74423269264477
"Ward_ND","Minot_REC","Minot","Ward_ND",2017,48.1821,-101.2973,143,204.486561172276,8.51638114362427,203.85983004283,205.46424310802,"interval",204.486561172276,"in_range","gauss","opt_within",812.612954545454,9.77204545454549,1341.36931818182,33.6206818181818,92.205,1.08500000000001,285.022727272727,14.9772727272727,933.24275,125.752945454546,-0.65594476353547,0.185100386628273,-0.763959711806477,0.50346136383914,-0.566166677064754,0.0406595119279467,-0.653571153083413,1.22359836929296,-0.622573479639776,0.317241142859933
"Ward_ND","Minot_REC","Minot","Ward_ND",2018,48.1821,-101.2973,145,213.781908416109,9.20724525111755,212.841552927956,215.663481891647,"interval",213.781908416109,"in_range","gauss","opt_within",812.612954545454,85.1820454545455,1341.36931818182,121.520681818182,92.205,-56.805,285.022727272727,-8.02272727272725,933.24275,189.809395454546,-0.65594476353547,1.4563757097446,-0.763959711806477,1.65003376554185,-0.566166677064754,-1.10119528587432,-0.653571153083413,-0.744829794935503,-0.622573479639776,1.51494307826589
"Ward_ND","Minot_REC","Minot","Ward_ND",2019,48.1821,-101.2973,142,209.430440817307,6.23753522315245,208.734455469616,210.032589634643,"interval",209.430440817307,"in_range","gauss","opt_within",812.612954545454,-20.9929545454545,1341.36931818182,-40.3743181818184,92.205,40.595,285.022727272727,10.9772727272727,933.24275,99.6004454545455,-0.65594476353547,-0.333541508553716,-0.763959711806477,-0.46173345827681,-0.566166677064754,0.819976890770019,-0.653571153083413,0.881263036383665,-0.622573479639776,-0.17174786395678
"Ward_ND","Minot_REC","Minot","Ward_ND",2020,48.1821,-101.2973,150,217.785900178908,8.89356191845008,216.758850219339,219.683103565165,"interval",217.785900178908,"in_range","gauss","opt_within",812.612954545454,56.1770454545455,1341.36931818182,46.1456818181819,92.205,-34.425,285.022727272727,4.97727272727275,933.24275,164.356045454546,-0.65594476353547,0.967404210646482,-0.763959711806477,0.666838148040807,-0.566166677064754,-0.659759625573495,-0.653571153083413,0.367760037019717,-0.622573479639776,1.03902649909915
"Ward_ND","Minot_REC","Minot","Ward_ND",2022,48.1821,-101.2973,144,217.420063058187,8.31277505721991,216.35189508294,219.548388521145,"interval",217.420063058187,"in_range","gauss","opt_within",812.612954545454,26.1420454545455,1341.36931818182,59.5206818181819,92.205,-23.095,285.022727272727,-5.02272727272725,933.24275,145.768795454546,-0.65594476353547,0.461068786567463,-0.763959711806477,0.84130237867532,-0.566166677064754,-0.436280356976161,-0.653571153083413,-0.488078295253529,-0.622573479639776,0.691489517282733
"Ward_ND","Minot_REC","Minot","Ward_ND",2023,48.1821,-101.2973,157,220.116891016273,4.82533512041718,219.820628715343,220.477765439423,"interval",220.116891016273,"in_range","gauss","opt_within",812.612954545454,55.8470454545455,1341.36931818182,125.845681818182,92.205,2.965,285.022727272727,13.9772727272727,933.24275,173.111845454545,-0.65594476353547,0.961841011380757,-0.763959711806477,1.7064493018031,-0.566166677064754,0.0777416853580427,-0.653571153083413,1.13801453606564,-0.622573479639776,1.20273895281814
"Washington_CO","Akron_CPER","Akron","Washington_CO",1997,40.1526,-103.1357,167,231.368124093065,6.4369307758389,230.764182140909,232.053640866467,"interval",231.368124093065,"in_range","gauss","opt_within",931.443920454545,-4.48892045454545,1473.168125,15.6868750000001,79.5706818181818,30.9893181818182,294.352272727273,3.64772727272725,1024.2053,91.2273295454545,0.422546160162184,-0.0553135378383824,0.0519970082652371,0.269531808034874,-1.08846368646682,0.630509040186966,0.354281212107063,0.253972440569748,0.309828771494065,-0.328305043283713
"Williams_ND","Williston_REC","Williston","Williams_ND",1980,48.139,-103.7383,136,212.025468321855,8.05276806348618,210.921969736635,214.773758569999,"interval",212.025468321855,"in_range","gauss","opt_within",791.693295454545,34.9367045454545,1361.94647727273,2.78352272727284,71.8222727272727,9.95772727272727,280.045454545455,11.9545454545454,904.9899625,135.147104545455,-0.845808258153992,0.609330728982173,-0.636568033190038,0.10121977611955,-1.40877941997665,0.215670156356253,-1.19125609334337,0.964901782492183,-0.912175768337773,0.492889380074035
"Williams_ND","Williston_REC","Williston","Williams_ND",1981,48.139,-103.7383,126,211.339974224113,27.9144080570449,207.178938141485,215.578468851026,"interval",211.339974224113,"in_range","gauss","opt_within",791.693295454545,-104.783295454546,1361.94647727273,-2.64147727272712,71.8222727272727,41.3477272727273,280.045454545455,13.9545454545454,904.9899625,27.1750545454545,-0.845808258153992,-1.74609412376697,-0.636568033190038,0.0304557797687297,-1.40877941997665,0.834824105276846,-1.19125609334337,1.13606944894683,-0.912175768337773,-1.52592891620603
"Williams_ND","Williston_REC","Williston","Williams_ND",1982,48.139,-103.7383,152,215.957362543672,20.6457406098281,192,220.404115319873,"interval",215.957362543672,"less_than","gauss","opt_before",791.693295454545,18.1917045454545,1361.94647727273,-100.021477272727,71.8222727272727,-11.3822727272727,280.045454545455,12.9545454545454,904.9899625,129.130704545454,-0.845808258153992,0.327040511695568,-0.636568033190038,-1.2397742597968,-1.40877941997665,-0.205251961196008,-1.19125609334337,1.05048561571951,-0.912175768337773,0.380397134185033
"Williams_ND","Williston_REC","Williston","Williams_ND",1984,48.139,-103.7383,136,193.68692963161,8.94816124608101,191.628190145803,194.927009354443,"interval",193.68692963161,"in_range","gauss","opt_within",791.693295454545,-21.6082954545454,1361.94647727273,41.4435227272729,71.8222727272727,-56.5622727272727,280.045454545455,-9.04545454545456,904.9899625,86.9718045454546,-0.845808258153992,-0.343915036110157,-0.636568033190038,0.605502927994713,-1.40877941997665,-1.09640759713842,-1.19125609334337,-0.832358715281633,-0.912175768337773,-0.407873151236438
"Williams_ND","Williston_REC","Williston","Williams_ND",1987,48.139,-103.7383,134,206.982936905919,13.5170439580342,205.630277119403,208.318949481598,"interval",206.982936905919,"in_range","gauss","opt_within",791.693295454545,-9.73329545454544,1361.94647727273,35.4335227272729,71.8222727272727,41.7577272727273,280.045454545455,-0.045454545454561,904.9899625,104.023754545454,-0.845808258153992,-0.143724153441992,-0.636568033190038,0.527108159687167,-1.40877941997665,0.84291117501426,-1.19125609334337,-0.0621042162357119,-0.912175768337773,-0.0890425960394896
"Williams_ND","Williston_REC","Williston","Williams_ND",1989,48.139,-103.7383,135,211.322875481799,9.64405893735766,208.434602304112,213.726958632039,"interval",211.322875481799,"in_range","gauss","opt_within",791.693295454545,-18.2232954545455,1361.94647727273,55.2535227272729,71.8222727272727,-22.9922727272727,280.045454545455,-25.0454545454546,904.9899625,92.1493045454545,-0.845808258153992,-0.286850098187485,-0.636568033190038,0.785641322391918,-1.40877941997665,-0.434254106687186,-1.19125609334337,-2.20170004691883,-0.912175768337773,-0.311066322719337
"Williams_ND","Williston_REC","Williston","Williams_ND",1992,48.139,-103.7383,135,127.866250785925,NA,202,238,"interval",NA,"less_than","linear","opt_after",791.693295454545,-126.483295454545,1361.94647727273,-165.691477272727,71.8222727272727,1.14772727272727,280.045454545455,-8.04545454545456,904.9899625,-0.434345454545451,-0.845808258153992,-2.11191662093743,-0.636568033190038,-2.09637732714397,-1.40877941997665,0.0418967798035154,-1.19125609334337,-0.746774882054309,-0.912175768337773,-2.04215845773381
"Williams_ND","Williston_REC","Williston","Williams_ND",1994,48.139,-103.7383,133,208.472373755908,11.2299940398414,207.255031656615,209.957008415737,"interval",208.472373755908,"in_range","gauss","opt_within",791.693295454545,-54.1432954545455,1361.94647727273,-33.9264772727272,71.8222727272727,-26.1322727272727,280.045454545455,16.9545454545454,904.9899625,74.2862045454546,-0.845808258153992,-0.89239590917195,-0.636568033190038,-0.377627469233196,-1.40877941997665,-0.496189226139581,-1.19125609334337,1.39282094862881,-0.912175768337773,-0.645063436863972
"Williams_ND","Williston_REC","Williston","Williams_ND",1995,48.139,-103.7383,142,212.207477484145,9.01927459989428,211.400620373812,213.297022016876,"interval",212.207477484145,"in_range","gauss","opt_within",791.693295454545,-9.85829545454544,1361.94647727273,-13.3764772727272,71.8222727272727,23.8977272727273,280.045454545455,-16.0454545454546,904.9899625,94.5057045454545,-0.845808258153992,-0.14583142589113,-0.636568033190038,-0.109572146650823,-1.40877941997665,0.490630527428348,-1.19125609334337,-1.43144554787291,-0.912175768337773,-0.267007296023499
"Williams_ND","Williston_REC","Williston","Williams_ND",1996,48.139,-103.7383,143,217.255381238402,NA,183,208,"interval",NA,"greater_than","linear","opt_before",791.693295454545,-18.9732954545455,1361.94647727273,-49.8364772727273,71.8222727272727,30.5677272727273,280.045454545455,-4.04545454545456,904.9899625,96.4001045454545,-0.845808258153992,-0.299493732882316,-0.636568033190038,-0.58515837834685,-1.40877941997665,0.622193344863848,-1.19125609334337,-0.40443954914501,-0.912175768337773,-0.231586560930732
"Williams_ND","Williston_REC","Williston","Williams_ND",1997,48.139,-103.7383,140,208.519268030962,7.68767339660901,206.475362704454,209.624606035534,"interval",208.519268030962,"in_range","gauss","opt_within",791.693295454545,21.3717045454546,1361.94647727273,22.8135227272728,71.8222727272727,20.7977272727273,280.045454545455,5.95454545454544,904.9899625,123.676804545455,-0.845808258153992,0.380649522801655,-0.636568033190038,0.362492190295946,-1.40877941997665,0.42948439038936,-1.19125609334337,0.451398783128236,-0.912175768337773,0.278422288786786
"Williams_ND","Williston_REC","Williston","Williams_ND",1998,48.139,-103.7383,135,207.21632415097,24.6089006806698,206.097226421128,210.859008690668,"interval",207.21632415097,"in_range","gauss","opt_within",791.693295454545,-41.7332954545454,1361.94647727273,27.8935227272727,71.8222727272727,-28.1322727272727,280.045454545455,5.95454545454544,904.9899625,79.6640045454545,-0.845808258153992,-0.68318590042147,-0.636568033190038,0.428755987800493,-1.40877941997665,-0.535638346809896,-1.19125609334337,0.451398783128236,-0.912175768337773,-0.544511478892119
"Williams_ND","Williston_REC","Williston","Williams_ND",1999,48.139,-103.7383,139,212.424499249455,16.4924655401082,210.204670764638,214.537043364235,"interval",212.424499249455,"in_range","gauss","opt_within",791.693295454545,-51.0232954545455,1361.94647727273,-93.7864772727271,71.8222727272727,26.5677272727273,280.045454545455,-5.04545454545456,904.9899625,79.9637045454546,-0.845808258153992,-0.839798388841451,-0.636568033190038,-1.1584445791982,-1.40877941997665,0.543295103523218,-1.19125609334337,-0.490023382372335,-0.912175768337773,-0.538907807910645
"Williams_ND","Williston_REC","Williston","Williams_ND",2002,48.139,-103.7383,142,207.946740011237,9.76271725657872,205.666983268694,209.057651714583,"interval",207.946740011237,"in_range","gauss","opt_within",791.693295454545,30.2917045454545,1361.94647727273,-20.2414772727273,71.8222727272727,45.0577272727273,280.045454545455,-5.04545454545456,904.9899625,133.791804545455,-0.845808258153992,0.531024484772183,-0.636568033190038,-0.199119581664351,-1.40877941997665,0.90800222412028,-1.19125609334337,-0.490023382372335,-0.912175768337773,0.467548521611604
"Williams_ND","Williston_REC","Williston","Williams_ND",2004,48.139,-103.7383,139,250.171921672469,NA,179,218,"interval",NA,"greater_than","linear","opt_before",791.693295454545,-122.338295454545,1361.94647727273,-201.386477272727,71.8222727272727,-27.4722727272727,280.045454545455,-5.04545454545456,904.9899625,8.63615454545447,-0.845808258153992,-2.042039466524,-0.636568033190038,-2.56198485705044,-1.40877941997665,-0.522620136988691,-1.19125609334337,-0.490023382372335,-0.912175768337773,-1.87256186902027
"Williams_ND","Williston_REC","Williston","Williams_ND",2005,48.139,-103.7383,144,208.198391271204,16.0259376961644,204.575574212243,210.180301384894,"interval",208.198391271204,"in_range","gauss","opt_within",791.693295454545,15.6067045454545,1361.94647727273,-16.1014772727272,71.8222727272727,-10.0422727272727,280.045454545455,-1.04545454545456,904.9899625,137.265654545454,-0.845808258153992,0.283462117447381,-0.636568033190038,-0.145117195509069,-1.40877941997665,-0.178821050346897,-1.19125609334337,-0.147688049463036,-0.912175768337773,0.532501182402359
"Williams_ND","Williston_REC","Williston","Williams_ND",2009,48.139,-103.7383,138,209.051908853103,13.7569134972956,205.135578473919,210.717589090474,"interval",209.051908853103,"in_range","gauss","opt_within",791.693295454545,-72.7682954545455,1361.94647727273,-99.6864772727272,71.8222727272727,38.7477272727273,280.045454545455,1.95454545454544,904.9899625,34.1612545454545,-0.845808258153992,-1.2063795040936,-0.636568033190038,-1.23540450149679,-1.40877941997665,0.783540248405436,-1.19125609334337,0.109063450218937,-0.912175768337773,-1.39530373699093
"Williams_ND","Williston_REC","Williston","Williams_ND",2011,48.139,-103.7383,153,219.317421575887,NA,224,262,"interval",NA,"in_range","linear","opt_after",791.693295454545,76.2967045454545,1361.94647727273,-17.5564772727271,71.8222727272727,-10.6922727272727,280.045454545455,20.9545454545454,904.9899625,189.625404545455,-0.845808258153992,1.30658503695315,-0.636568033190038,-0.164096294991177,-1.40877941997665,-0.191642014564749,-1.19125609334337,1.7351562815381,-0.912175768337773,1.51150288968355
"Williams_ND","Williston_REC","Williston","Williams_ND",2013,48.139,-103.7383,144,217.110554717166,9.99387266427149,215.802549145127,218.026385245737,"interval",217.110554717166,"in_range","gauss","opt_within",791.693295454545,-11.7732954545455,1361.94647727273,29.7735227272728,71.8222727272727,-13.7722727272727,280.045454545455,-2.04545454545456,904.9899625,118.896204545455,-0.845808258153992,-0.178114839811935,-0.636568033190038,0.453278810499028,-1.40877941997665,-0.252393660397034,-1.19125609334337,-0.233271882690361,-0.912175768337773,0.18903653805596
"Williams_ND","Williston_REC","Williston","Williams_ND",2016,48.139,-103.7383,155,220.218442823873,6.76302148011001,219.340157925302,221.196754935064,"interval",220.218442823873,"in_range","gauss","opt_within",791.693295454545,114.361704545454,1361.94647727273,73.6885227272728,71.8222727272727,-32.2922727272727,280.045454545455,6.95454545454544,904.9899625,215.378804545454,-0.845808258153992,1.94829164316483,-0.636568033190038,1.02610846943844,-1.40877941997665,-0.61769251780415,-1.19125609334337,0.53698261635556,-0.912175768337773,1.99302968399207
"Williams_ND","Williston_REC","Williston-clearfield","Williams_ND",2020,48.139,-103.7383,149,220.285166387616,5.76125210396544,219.316960143431,221.016238070685,"interval",220.285166387616,"in_range","gauss","opt_within",791.693295454545,-0.648295454545519,1361.94647727273,8.95352272727291,71.8222727272727,-43.2522727272727,280.045454545455,-28.0454545454546,904.9899625,109.263754545455,-0.845808258153992,0.00943240816139954,-0.636568033190038,0.181701593167398,-1.40877941997665,-0.833873699077476,-1.19125609334337,-2.4584515466008,-0.912175768337773,0.0089328325321412
"Williams_ND","Williston_REC","Williston-clearfield","Williams_ND",2021,48.139,-103.7383,152,216.450616472022,12.1497498777511,214.634032545358,218.066189967432,"interval",216.450616472022,"in_range","gauss","opt_within",791.693295454545,58.4217045454545,1361.94647727273,81.9735227272729,71.8222727272727,-36.2522727272727,280.045454545455,13.9545454545454,904.9899625,154.567954545455,-0.845808258153992,1.00524507672633,-0.636568033190038,1.13417846202214,-1.40877941997665,-0.695801776731374,-1.19125609334337,1.13606944894683,-0.912175768337773,0.856012681977728
"Williams_ND","Williston_REC","Williston","Williams_ND",2022,48.139,-103.7383,164,233.835033749212,NA,204,224,"interval",NA,"greater_than","linear","opt_before",791.693295454545,136.016704545455,1361.94647727273,61.6135227272728,71.8222727272727,-62.0722727272727,280.045454545455,-0.045454545454561,904.9899625,233.867954545454,-0.845808258153992,2.3133555222536,-0.636568033190038,0.86860150981887,-1.40877941997665,-1.20508992458514,-1.19125609334337,-0.0621042162357119,-0.912175768337773,2.3387324311629
