"","location","year","latitude","longitude","n","planting_doy_combined","harvest_doy_combined","flower_doy_combined","county_state","State","CUM_GDD_70","GDD_modave","GDD_future","GDD_fixed","tot_precip","frost_day"
"1","Akron","1980",40.1526,-103.1357,365,168.790229885057,302.663793103448,231.390243902439,"Washington_CO","CO",1182.5,946.985,1034.64155,1459.23,65.7,298
"2","Akron","1981",40.1526,-103.1357,365,168.790229885057,302.663793103448,231.390243902439,"Washington_CO","CO",1076.295,912.975,1007.03875,1424.44,36.01,296
"3","Akron","1982",40.1526,-103.1357,365,168.790229885057,302.663793103448,231.390243902439,"Washington_CO","CO",1081.55,915.87,1012.07375,1407.455,97.04,293
"4","Akron","1983",40.1526,-103.1357,365,168.790229885057,302.663793103448,231.390243902439,"Washington_CO","CO",1152.54,943.105,1034.11265,1418.41,35.56,263
"5","Akron","1984",40.1526,-103.1357,365,168.790229885057,302.663793103448,231.390243902439,"Washington_CO","CO",1123.29,941.715,1027.8585,1503.26,104.09,291
"6","Akron","1985",40.1526,-103.1357,365,168.790229885057,302.663793103448,231.390243902439,"Washington_CO","CO",1066.41,893.885,983.15905,1465.145,75.92,272
"7","Akron","1986",40.1526,-103.1357,365,168.790229885057,302.663793103448,231.390243902439,"Washington_CO","CO",1129.62,930.37,1017.25155,1435.72,53.44,285
"8","Akron","1987",40.1526,-103.1357,365,168.790229885057,302.663793103448,231.390243902439,"Washington_CO","CO",1055.31,883.79,982.2429,1455.215,70.56,284
"9","Akron","1988",40.1526,-103.1357,365,168.790229885057,302.663793103448,231.390243902439,"Washington_CO","CO",1174.04,948.25,1035.71155,1508.97,59.49,302
"10","Akron","1989",40.1526,-103.1357,365,168.790229885057,302.663793103448,231.390243902439,"Washington_CO","CO",1073.475,913.61,1009.57265,1456.97,109.8,292
"11","Akron","1990",40.1526,-103.1357,365,168.790229885057,302.663793103448,231.390243902439,"Washington_CO","CO",1053.24,894.85,992.1307,1456.855,111.87,282
"12","Akron","1991",40.1526,-103.1357,365,168.790229885057,302.663793103448,231.390243902439,"Washington_CO","CO",1089.155,916.885,1011.9018,1526.68,46.72,301
"13","Akron","1992",40.1526,-103.1357,365,168.790229885057,302.663793103448,231.390243902439,"Washington_CO","CO",965.95,868.505,971.67985,1381.685,120.72,282
"14","Akron","1993",40.1526,-103.1357,365,168.790229885057,302.663793103448,231.390243902439,"Washington_CO","CO",1013.76,882.385,976.17265,1374.22,58.22,282
"15","Akron","1994",40.1526,-103.1357,365,168.790229885057,302.663793103448,231.390243902439,"Washington_CO","CO",1135.385,931.49,1018.97655,1561.325,48.54,308
"16","Akron","1995",40.1526,-103.1357,365,168.790229885057,302.663793103448,231.390243902439,"Washington_CO","CO",1095.26,900.305,997.8618,1354.225,40.71,293
"17","Akron","1996",40.1526,-103.1357,365,163,282,232.064516129032,"Washington_CO","CO",1088.985,939.545,1032.6582,1472.375,154.08,292
"18","Akron","1997",40.1526,-103.1357,365,167,284,231.548387096774,"Washington_CO","CO",1099.785,926.955,1022.67125,1488.855,110.56,298
"19","Akron","1998",40.1526,-103.1357,365,163,287,231.390243902439,"Washington_CO","CO",1097.11,937.345,1032.4332,1493.645,56.47,314
"20","Akron","1999",40.1526,-103.1357,365,175,293,231.390243902439,"Washington_CO","CO",1155.025,969.285,1063.08125,1492.1,163.74,290
"21","Akron","2000",40.1526,-103.1357,365,176,292,231.390243902439,"Washington_CO","CO",1208.75,966.345,1058.9982,1534.935,68.84,282
"22","Akron","2001",40.1526,-103.1357,365,169,304,230.1,"Washington_CO","CO",1221.155,985.195,1074.5671,1536.135,107.69,298
"23","Akron","2002",40.1526,-103.1357,365,168.790229885057,302.663793103448,231.390243902439,"Washington_CO","CO",1220.81,966.715,1052.8285,1548.855,119.67,296
"24","Akron","2003",40.1526,-103.1357,365,176,301,231.390243902439,"Washington_CO","CO",1220.395,968.12,1060.1932,1495.735,54.61,304
"25","Akron","2004",40.1526,-103.1357,365,188,350,231.390243902439,"Washington_CO","CO",1008.035,862.675,965.3454,1393.885,91.65,306
"26","Akron","2005",40.1526,-103.1357,365,171,325,231.390243902439,"Washington_CO","CO",1188.59,955.31,1047.8732,1489.52,91.29,317
"27","Akron","2006",40.1526,-103.1357,365,165,300,231.390243902439,"Washington_CO","CO",1205.49,996.245,1088.34405,1583.15,84.66,292
"28","Akron","2007",40.1526,-103.1357,365,168.790229885057,302.663793103448,231.390243902439,"Washington_CO","CO",1219.25,1002.575,1090.34155,1581.665,74.07,295
"29","Akron","2008",40.1526,-103.1357,365,169,322,231.390243902439,"Washington_CO","CO",1149.55,952.88,1047.8682,1460.04,183.51,298
"30","Akron","2009",40.1526,-103.1357,365,170,300,231.390243902439,"Washington_CO","CO",1061.98,921.515,1016.1882,1434.73,36.27,282
"31","Akron","2010",40.1526,-103.1357,365,168.790229885057,302.663793103448,231.390243902439,"Washington_CO","CO",1145.6,953.475,1043.17155,1477.86,51.61,301
"32","Akron","2011",40.1526,-103.1357,365,158,308,231.390243902439,"Washington_CO","CO",1141.72,945.775,1040.1182,1483.89,40.52,300
"33","Akron","2012",40.1526,-103.1357,365,168.790229885057,302.663793103448,231.390243902439,"Washington_CO","CO",1262.855,972.56,1060.5935,1573.36,41.62,281
"34","Akron","2013",40.1526,-103.1357,365,168.790229885057,302.663793103448,231.390243902439,"Washington_CO","CO",1116.105,940.07,1031.18765,1527.765,130.07,289
"35","Akron","2014",40.1526,-103.1357,365,163,297,231.390243902439,"Washington_CO","CO",1091.7,925.69,1019.41625,1458.39,138.03,305
"36","Akron","2015",40.1526,-103.1357,365,168.790229885057,302.663793103448,231.390243902439,"Washington_CO","CO",1118.125,932.42,1024.82765,1445.33,64.34,311
"37","Akron","2016",40.1526,-103.1357,365,168.790229885057,302.663793103448,231.390243902439,"Washington_CO","CO",1132.83,934.155,1025.13655,1476.15,63.04,323
"38","Akron","2017",40.1526,-103.1357,365,168.790229885057,302.663793103448,231.390243902439,"Washington_CO","CO",1117.435,922.465,1017.98875,1478.34,60.92,300
"39","Akron","2018",40.1526,-103.1357,365,168.790229885057,302.663793103448,231.390243902439,"Washington_CO","CO",1082.615,915.215,1010.2707,1532.975,19.05,287
"40","Akron","2019",40.1526,-103.1357,365,168.790229885057,302.663793103448,231.390243902439,"Washington_CO","CO",1123.305,926.3,1017.9857,1418.11,88.08,283
"41","Akron","2020",40.1526,-103.1357,365,168.790229885057,302.663793103448,231.390243902439,"Washington_CO","CO",1198.105,951.42,1039.8885,1519.865,74.46,290
"42","Akron","2021",40.1526,-103.1357,365,168.790229885057,302.663793103448,231.390243902439,"Washington_CO","CO",1143.77,937.195,1026.6335,1504.615,34.29,313
"43","Akron","2022",40.1526,-103.1357,365,168.790229885057,302.663793103448,231.390243902439,"Washington_CO","CO",1214.97,974.695,1061.4935,1549.24,42.07,301
"44","Akron","2023",40.1526,-103.1357,365,168.790229885057,302.663793103448,231.390243902439,"Washington_CO","CO",1101.205,940.49,1035.3057,1501.055,85.23,287
"45","Akron","1980",40.1605,-103.2144,365,168.790229885057,302.663793103448,231.390243902439,"Washington_CO","CO",1169.59,941.21,1029.14655,1444.44,55.34,298
"46","Akron","1981",40.1605,-103.2144,365,168.790229885057,302.663793103448,231.390243902439,"Washington_CO","CO",1062.89,904.945,999.54375,1408.11,35.23,296
"47","Akron","1982",40.1605,-103.2144,365,168.790229885057,302.663793103448,231.390243902439,"Washington_CO","CO",1068.005,908.72,1005.8418,1392.045,95.48,293
"48","Akron","1983",40.1605,-103.2144,365,168.790229885057,302.663793103448,231.390243902439,"Washington_CO","CO",1137.88,935.425,1026.80265,1402.205,36.61,263
"49","Akron","1984",40.1605,-103.2144,365,168.790229885057,302.663793103448,231.390243902439,"Washington_CO","CO",1107.535,933.36,1019.6185,1487.65,108.7,291
"50","Akron","1985",40.1605,-103.2144,365,168.790229885057,302.663793103448,231.390243902439,"Washington_CO","CO",1055.375,886.08,975.72405,1450.49,78.37,272
"51","Akron","1986",40.1605,-103.2144,365,168.790229885057,302.663793103448,231.390243902439,"Washington_CO","CO",1116.65,922.05,1009.04155,1419.285,60.59,285
"52","Akron","1987",40.1605,-103.2144,365,168.790229885057,302.663793103448,231.390243902439,"Washington_CO","CO",1041.33,876.01,975.0479,1437.805,84.68,283
"53","Akron","1988",40.1605,-103.2144,365,168.790229885057,302.663793103448,231.390243902439,"Washington_CO","CO",1159.115,941.265,1028.89155,1495.185,60.86,302
"54","Akron","1989",40.1605,-103.2144,365,168.790229885057,302.663793103448,231.390243902439,"Washington_CO","CO",1061.095,905.745,1002.1707,1442.73,110.16,292
"55","Akron","1990",40.1605,-103.2144,365,168.790229885057,302.663793103448,231.390243902439,"Washington_CO","CO",1037.98,886.415,984.6557,1440.795,117.51,282
"56","Akron","1991",40.1605,-103.2144,365,168.790229885057,302.663793103448,231.390243902439,"Washington_CO","CO",1077.54,909.065,1004.3018,1510.17,46.82,301
"57","Akron","1992",40.1605,-103.2144,365,168.790229885057,302.663793103448,231.390243902439,"Washington_CO","CO",953.005,859.615,964.0529,1366.49,118.64,282
"58","Akron","1993",40.1605,-103.2144,365,168.790229885057,302.663793103448,231.390243902439,"Washington_CO","CO",1001.48,873.23,967.40765,1357.575,62.46,282
"59","Akron","1994",40.1605,-103.2144,365,168.790229885057,302.663793103448,231.390243902439,"Washington_CO","CO",1123.355,924.055,1011.95655,1544.9,48.92,308
"60","Akron","1995",40.1605,-103.2144,365,168.790229885057,302.663793103448,231.390243902439,"Washington_CO","CO",1076.025,889.185,987.28985,1336.19,40.87,293
"61","Akron","1996",40.1605,-103.2144,365,163,282,232.064516129032,"Washington_CO","CO",1071.53,928.845,1022.3882,1454.35,158.42,292
"62","Akron","1997",40.1605,-103.2144,365,167,284,231.548387096774,"Washington_CO","CO",1083.975,917.385,1013.85125,1471.2,115.22,298
"63","Akron","1998",40.1605,-103.2144,365,163,287,231.390243902439,"Washington_CO","CO",1081.38,928.065,1023.3993,1478.56,59.07,314
"64","Akron","1999",40.1605,-103.2144,365,175,293,231.390243902439,"Washington_CO","CO",1140.365,961.545,1055.50625,1474.575,171.07,290
"65","Akron","2000",40.1605,-103.2144,365,176,292,231.390243902439,"Washington_CO","CO",1194.63,957.81,1050.8482,1518.75,67.6,282
"66","Akron","2001",40.1605,-103.2144,365,169,304,230.1,"Washington_CO","CO",1205.225,977.18,1066.9271,1520.945,108.05,298
"67","Akron","2002",40.1605,-103.2144,365,168.790229885057,302.663793103448,231.390243902439,"Washington_CO","CO",1206.205,959.07,1045.2185,1536.045,113.09,296
"68","Akron","2003",40.1605,-103.2144,365,176,301,231.390243902439,"Washington_CO","CO",1206.675,960.205,1052.4282,1479.15,63.19,299
"69","Akron","2004",40.1605,-103.2144,365,188,350,231.390243902439,"Washington_CO","CO",996.55,855.02,958.4804,1377.07,92.57,306
"70","Akron","2005",40.1605,-103.2144,365,171,325,231.390243902439,"Washington_CO","CO",1175.55,948.22,1041.1932,1473.21,83.11,317
"71","Akron","2006",40.1605,-103.2144,365,165,300,231.390243902439,"Washington_CO","CO",1191.425,987.65,1080.31015,1568.87,84.57,291
"72","Akron","2007",40.1605,-103.2144,365,168.790229885057,302.663793103448,231.390243902439,"Washington_CO","CO",1207.975,996.78,1084.55655,1568.365,75.9,295
"73","Akron","2008",40.1605,-103.2144,365,169,322,231.390243902439,"Washington_CO","CO",1136.025,944.53,1040.0932,1443.57,180.83,298
"74","Akron","2009",40.1605,-103.2144,365,170,300,231.390243902439,"Washington_CO","CO",1050.485,914.63,1009.8782,1421.005,46.66,282
"75","Akron","2010",40.1605,-103.2144,365,168.790229885057,302.663793103448,231.390243902439,"Washington_CO","CO",1134.335,946.48,1036.5896,1464.595,49.83,301
"76","Akron","2011",40.1605,-103.2144,365,158,308,231.390243902439,"Washington_CO","CO",1128.335,939.74,1034.7832,1471.635,46.23,299
"77","Akron","2012",40.1605,-103.2144,365,168.790229885057,302.663793103448,231.390243902439,"Washington_CO","CO",1251.29,968.09,1056.2235,1564.61,40.2,281
"78","Akron","2013",40.1605,-103.2144,365,168.790229885057,302.663793103448,231.390243902439,"Washington_CO","CO",1104.945,934.92,1026.49765,1517.1,136.18,289
"79","Akron","2014",40.1605,-103.2144,365,163,297,231.390243902439,"Washington_CO","CO",1081.065,921.2,1015.50625,1446.925,144.89,305
"80","Akron","2015",40.1605,-103.2144,365,168.790229885057,302.663793103448,231.390243902439,"Washington_CO","CO",1108.005,928.25,1020.7007,1434.56,62.06,311
"81","Akron","2016",40.1605,-103.2144,365,168.790229885057,302.663793103448,231.390243902439,"Washington_CO","CO",1122.585,929.11,1020.37655,1465.505,65.65,316
"82","Akron","2017",40.1605,-103.2144,365,168.790229885057,302.663793103448,231.390243902439,"Washington_CO","CO",1110.875,918.59,1014.14375,1469.51,64.9,300
"83","Akron","2018",40.1605,-103.2144,365,168.790229885057,302.663793103448,231.390243902439,"Washington_CO","CO",1071.98,908.66,1004.1757,1520.255,19.82,287
"84","Akron","2019",40.1605,-103.2144,365,168.790229885057,302.663793103448,231.390243902439,"Washington_CO","CO",1110.29,918.475,1010.2507,1404.43,91.14,283
"85","Akron","2020",40.1605,-103.2144,365,168.790229885057,302.663793103448,231.390243902439,"Washington_CO","CO",1188.385,945.46,1034.1735,1508.89,75.06,290
"86","Akron","2021",40.1605,-103.2144,365,168.790229885057,302.663793103448,231.390243902439,"Washington_CO","CO",1131.355,929.215,1019.4385,1489.395,37.22,313
"87","Akron","2022",40.1605,-103.2144,365,168.790229885057,302.663793103448,231.390243902439,"Washington_CO","CO",1200.47,967.02,1053.9785,1535.86,37.92,301
"88","Akron","2023",40.1605,-103.2144,365,168.790229885057,302.663793103448,231.390243902439,"Washington_CO","CO",1084.595,930.94,1026.8607,1481.42,85.7,287
"89","Box_Butte","1980",42.0972,-102.8707,365,148.913043478261,NA,224.269230769231,"Box Butte_NE","NE",1064.625,881.795,979.1918,1429.07,43.87,285
"90","Box_Butte","1981",42.0972,-102.8707,365,148.913043478261,NA,224.269230769231,"Box Butte_NE","NE",1004.33,878.19,973.91765,1400.095,105.28,295
"91","Box_Butte","1982",42.0972,-102.8707,365,148.913043478261,NA,224.269230769231,"Box Butte_NE","NE",888.74,785.815,899.65425,1350.285,89.09,284
"92","Box_Butte","1983",42.0972,-102.8707,365,148.913043478261,NA,224.269230769231,"Box Butte_NE","NE",946.565,818.185,925.75565,1401.185,53.84,263
"93","Box_Butte","1984",42.0972,-102.8707,365,148.913043478261,NA,224.269230769231,"Box Butte_NE","NE",976.18,856.41,953.9032,1468.4,53.14,269
"94","Box_Butte","1985",42.0972,-102.8707,365,148.913043478261,NA,224.269230769231,"Box Butte_NE","NE",963.745,827.44,929.4729,1425.155,87.66,269
"95","Box_Butte","1986",42.0972,-102.8707,365,148.913043478261,NA,224.269230769231,"Box Butte_NE","NE",1006.77,875.94,972.14765,1409.57,47.48,285
"96","Box_Butte","1987",42.0972,-102.8707,365,148.913043478261,NA,224.269230769231,"Box Butte_NE","NE",1026.8,858.54,955.14985,1422.12,48.6,283
"97","Box_Butte","1988",42.0972,-102.8707,365,148.913043478261,NA,224.269230769231,"Box Butte_NE","NE",1100.635,913.49,1008.0707,1495.85,17.55,302
"98","Box_Butte","1989",42.0972,-102.8707,365,148.913043478261,NA,224.269230769231,"Box Butte_NE","NE",998.855,842.195,944.98955,1464.24,93.36,291
"99","Box_Butte","1990",42.0972,-102.8707,365,148.913043478261,NA,224.269230769231,"Box Butte_NE","NE",982.135,854.09,963.459,1445.735,38.11,282
"100","Box_Butte","1991",42.0972,-102.8707,365,148.913043478261,NA,224.269230769231,"Box Butte_NE","NE",1009.39,892.945,997.6079,1538.99,48.12,279
"101","Box_Butte","1992",42.0972,-102.8707,365,148.913043478261,NA,224.269230769231,"Box Butte_NE","NE",823.74,786.615,902.0612,1338.965,71.98,282
"102","Box_Butte","1993",42.0972,-102.8707,365,148.913043478261,NA,224.269230769231,"Box Butte_NE","NE",829.2,776.895,889.41815,1345.975,100.92,282
"103","Box_Butte","1994",42.0972,-102.8707,365,148.913043478261,NA,224.269230769231,"Box Butte_NE","NE",1018.98,885.455,979.0446,1530.06,8.55,298
"104","Box_Butte","1995",42.0972,-102.8707,365,148.913043478261,NA,224.269230769231,"Box Butte_NE","NE",918.245,809.68,917.25095,1369.58,40.48,297
"105","Box_Butte","1996",42.0972,-102.8707,365,148.913043478261,NA,224.269230769231,"Box Butte_NE","NE",991.665,880.355,979.95235,1457.19,96.53,292
"106","Box_Butte","1997",42.0972,-102.8707,365,148.913043478261,NA,224.269230769231,"Box Butte_NE","NE",1007.87,878.78,984.94705,1458.66,68.37,298
"107","Box_Butte","1998",42.0972,-102.8707,365,148.913043478261,NA,224.269230769231,"Box Butte_NE","NE",922.94,820.365,929.139,1436.02,114.35,314
"108","Box_Butte","1999",42.0972,-102.8707,365,148.913043478261,NA,224.269230769231,"Box Butte_NE","NE",984.48,866.385,971.22485,1448.545,133.32,290
"109","Box_Butte","2000",42.0972,-102.8707,365,148.913043478261,NA,224.269230769231,"Box Butte_NE","NE",1037.17,863.175,962.10125,1491.41,44.41,280
"110","Box_Butte","2001",42.0972,-102.8707,365,148.913043478261,NA,224.269230769231,"Box Butte_NE","NE",1080.67,906.245,1002.71345,1504.85,24.48,289
"111","Box_Butte","2002",42.0972,-102.8707,365,148.913043478261,NA,224.269230769231,"Box Butte_NE","NE",1158.3,929.545,1018.18155,1478.35,78.29,286
"112","Box_Butte","2003",42.0972,-102.8707,365,148.913043478261,NA,224.269230769231,"Box Butte_NE","NE",1024.695,859.035,958.4804,1449.775,86.47,298
"113","Box_Butte","2004",42.0972,-102.8707,365,148.913043478261,NA,224.269230769231,"Box Butte_NE","NE",880.605,771.03,881.24925,1311.95,79.69,306
"114","Box_Butte","2005",42.0972,-102.8707,365,148.913043478261,NA,224.269230769231,"Box Butte_NE","NE",1005.855,843.23,946.5651,1418.455,81.01,279
"115","Box_Butte","2006",42.0972,-102.8707,365,148.913043478261,NA,224.269230769231,"Box Butte_NE","NE",1125.27,924.415,1013.35655,1513.83,76.37,285
"116","Box_Butte","2007",42.0972,-102.8707,365,148.913043478261,NA,224.269230769231,"Box Butte_NE","NE",1087.1,907.35,1002.74735,1551.095,62.63,306
"117","Box_Butte","2008",42.0972,-102.8707,365,148.913043478261,NA,224.269230769231,"Box Butte_NE","NE",984.01,838.665,935.7168,1381.41,142.61,287
"118","Box_Butte","2009",42.0972,-102.8707,365,148.913043478261,NA,224.269230769231,"Box Butte_NE","NE",884.855,800.15,907.30455,1364.35,87.86,276
"119","Box_Butte","2010",42.0972,-102.8707,365,148.913043478261,NA,224.269230769231,"Box Butte_NE","NE",993.48,873.215,977.24095,1418.335,53.25,301
"120","Box_Butte","2011",42.0972,-102.8707,365,148.913043478261,NA,224.269230769231,"Box Butte_NE","NE",1033.635,889.045,991.53595,1441,53.95,300
"121","Box_Butte","2012",42.0972,-102.8707,365,148.913043478261,NA,224.269230769231,"Box Butte_NE","NE",1192.915,943.125,1034.6235,1545.64,6.48,281
"122","Box_Butte","2013",42.0972,-102.8707,365,148.913043478261,NA,224.269230769231,"Box Butte_NE","NE",986.735,868.345,966.0068,1518.17,82.3,289
"123","Box_Butte","2014",42.0972,-102.8707,365,155,NA,224.909090909091,"Box Butte_NE","NE",978.56,853.795,956.6318,1388.86,82.64,302
"124","Box_Butte","2015",42.0972,-102.8707,365,148.913043478261,NA,224.269230769231,"Box Butte_NE","NE",983.35,875.32,978.5554,1390.215,26.96,302
"125","Box_Butte","2016",42.0972,-102.8707,365,158,NA,223.8,"Box Butte_NE","NE",1136.13,948.26,1041.7432,1440.93,125.19,316
"126","Box_Butte","2017",42.0972,-102.8707,365,154,NA,224.269230769231,"Box Butte_NE","NE",1051,902.66,1000.8982,1422.895,115.13,283
"127","Box_Butte","2018",42.0972,-102.8707,365,148.913043478261,NA,224.269230769231,"Box Butte_NE","NE",1030.13,884.65,984.9818,1466.695,71.7,287
"128","Box_Butte","2019",42.0972,-102.8707,365,155,NA,224.269230769231,"Box Butte_NE","NE",1009.055,888.605,988.8029,1370.69,148.56,283
"129","Box_Butte","2020",42.0972,-102.8707,365,125,NA,224.269230769231,"Box Butte_NE","NE",829.77,736.835,838.73595,1462,33.8,290
"130","Box_Butte","2021",42.0972,-102.8707,365,148.913043478261,NA,224.269230769231,"Box Butte_NE","NE",1115.75,919.235,1013.55375,1491.915,51.33,306
"131","Box_Butte","2022",42.0972,-102.8707,365,148.913043478261,NA,224.269230769231,"Box Butte_NE","NE",1083.66,889.785,985.9318,1485.97,52.87,290
"132","Box_Butte","2023",42.0972,-102.8707,365,148.913043478261,NA,224.269230769231,"Box Butte_NE","NE",958.905,856.655,964.809,1472.28,93.04,299
"133","Box_Butte","1980",42.2141,-102.9801,365,148.913043478261,NA,224.269230769231,"Box Butte_NE","NE",1042.305,869.055,966.5279,1404.265,48.5,285
"134","Box_Butte","1981",42.2141,-102.9801,365,148.913043478261,NA,224.269230769231,"Box Butte_NE","NE",980.635,862.41,959.7232,1372.26,119.46,294
"135","Box_Butte","1982",42.2141,-102.9801,365,148.913043478261,NA,224.269230769231,"Box Butte_NE","NE",869.615,772.085,887.12535,1324.385,99.99,284
"136","Box_Butte","1983",42.2141,-102.9801,365,148.913043478261,NA,224.269230769231,"Box Butte_NE","NE",924.145,803.985,912.6862,1378.695,39.14,263
"137","Box_Butte","1984",42.2141,-102.9801,365,148.913043478261,NA,224.269230769231,"Box Butte_NE","NE",948.48,838.86,938.5032,1440.06,55.34,269
"138","Box_Butte","1985",42.2141,-102.9801,365,148.913043478261,NA,224.269230769231,"Box Butte_NE","NE",947.265,816.79,918.9579,1404.325,93.19,267
"139","Box_Butte","1986",42.2141,-102.9801,365,148.913043478261,NA,224.269230769231,"Box Butte_NE","NE",980.58,860.685,958.0257,1382.565,42.96,285
"140","Box_Butte","1987",42.2141,-102.9801,365,148.913043478261,NA,224.269230769231,"Box Butte_NE","NE",1007.645,846.225,942.7443,1398.66,47.28,283
"141","Box_Butte","1988",42.2141,-102.9801,365,148.913043478261,NA,224.269230769231,"Box Butte_NE","NE",1083.77,901.465,996.84375,1474.66,27.4,302
"142","Box_Butte","1989",42.2141,-102.9801,365,148.913043478261,NA,224.269230769231,"Box Butte_NE","NE",980.695,829.94,932.74455,1440.715,95.92,291
"143","Box_Butte","1990",42.2141,-102.9801,365,148.913043478261,NA,224.269230769231,"Box Butte_NE","NE",963.18,840.99,952.4051,1424.485,33.7,282
"144","Box_Butte","1991",42.2141,-102.9801,365,148.913043478261,NA,224.269230769231,"Box Butte_NE","NE",989.655,881.585,988.41595,1517.245,48.11,279
"145","Box_Butte","1992",42.2141,-102.9801,365,148.913043478261,NA,224.269230769231,"Box Butte_NE","NE",806.23,771.865,890.3273,1315.1,50.02,282
"146","Box_Butte","1993",42.2141,-102.9801,365,148.913043478261,NA,224.269230769231,"Box Butte_NE","NE",807.755,762.69,878.6151,1320.59,96.93,282
"147","Box_Butte","1994",42.2141,-102.9801,365,148.913043478261,NA,224.269230769231,"Box Butte_NE","NE",995.485,870.35,966.0721,1501.63,26.7,298
"148","Box_Butte","1995",42.2141,-102.9801,365,148.913043478261,NA,224.269230769231,"Box Butte_NE","NE",891.085,789.945,900.43815,1336,34.64,265
"149","Box_Butte","1996",42.2141,-102.9801,365,148.913043478261,NA,224.269230769231,"Box Butte_NE","NE",966.255,862.02,963.2379,1424.28,124.84,292
"150","Box_Butte","1997",42.2141,-102.9801,365,148.913043478261,NA,224.269230769231,"Box Butte_NE","NE",981.89,860.945,969.4401,1428.65,76.96,297
"151","Box_Butte","1998",42.2141,-102.9801,365,148.913043478261,NA,224.269230769231,"Box Butte_NE","NE",898.285,803.825,914.0012,1409.69,127.11,308
"152","Box_Butte","1999",42.2141,-102.9801,365,148.913043478261,NA,224.269230769231,"Box Butte_NE","NE",954.165,846.93,954.5729,1418.21,127.93,272
"153","Box_Butte","2000",42.2141,-102.9801,365,148.913043478261,NA,224.269230769231,"Box Butte_NE","NE",1005.815,845.28,944.8254,1457.685,44.61,280
"154","Box_Butte","2001",42.2141,-102.9801,365,148.913043478261,NA,224.269230769231,"Box Butte_NE","NE",1051.225,890.645,987.8154,1480.265,26.06,289
"155","Box_Butte","2002",42.2141,-102.9801,365,148.913043478261,NA,224.269230769231,"Box Butte_NE","NE",1137.72,921.955,1010.97765,1458.65,87.29,286
"156","Box_Butte","2003",42.2141,-102.9801,365,148.913043478261,NA,224.269230769231,"Box Butte_NE","NE",1002.885,848.8,950.67345,1430.8,98.28,298
"157","Box_Butte","2004",42.2141,-102.9801,365,148.913043478261,NA,224.269230769231,"Box Butte_NE","NE",863.765,758.725,871.23425,1287.73,98.04,306
"158","Box_Butte","2005",42.2141,-102.9801,365,148.913043478261,NA,224.269230769231,"Box Butte_NE","NE",978.33,828.885,933.5601,1391.645,96.64,279
"159","Box_Butte","2006",42.2141,-102.9801,365,148.913043478261,NA,224.269230769231,"Box Butte_NE","NE",1107.39,915.555,1005.25765,1496.635,85.01,285
"160","Box_Butte","2007",42.2141,-102.9801,365,148.913043478261,NA,224.269230769231,"Box Butte_NE","NE",1072.16,899.085,994.33235,1531.905,61.42,304
"161","Box_Butte","2008",42.2141,-102.9801,365,148.913043478261,NA,224.269230769231,"Box Butte_NE","NE",961.805,826.395,925.09985,1355.9,139.61,287
"162","Box_Butte","2009",42.2141,-102.9801,365,148.913043478261,NA,224.269230769231,"Box Butte_NE","NE",861.21,785.71,893.5976,1335.795,75.87,276
"163","Box_Butte","2010",42.2141,-102.9801,365,148.913043478261,NA,224.269230769231,"Box Butte_NE","NE",969.87,859.58,965.834,1400.69,54.89,301
"164","Box_Butte","2011",42.2141,-102.9801,365,148.913043478261,NA,224.269230769231,"Box Butte_NE","NE",1010.015,876.515,979.96205,1420.515,57.04,300
"165","Box_Butte","2012",42.2141,-102.9801,365,148.913043478261,NA,224.269230769231,"Box Butte_NE","NE",1172.55,934.445,1028.40155,1532.375,17.1,281
"166","Box_Butte","2013",42.2141,-102.9801,365,148.913043478261,NA,224.269230769231,"Box Butte_NE","NE",969.155,861.18,960.27985,1508.72,88.66,306
"167","Box_Butte","2014",42.2141,-102.9801,365,155,NA,224.909090909091,"Box Butte_NE","NE",958.31,845.16,949.73485,1368.765,86.78,304
"168","Box_Butte","2015",42.2141,-102.9801,365,148.913043478261,NA,224.269230769231,"Box Butte_NE","NE",967.545,869.25,973.91845,1380.075,30.29,302
"169","Box_Butte","2016",42.2141,-102.9801,365,158,NA,223.8,"Box Butte_NE","NE",1123.29,941.88,1035.6632,1428.97,120.13,323
"170","Box_Butte","2017",42.2141,-102.9801,365,154,NA,224.269230769231,"Box Butte_NE","NE",1037.685,898.76,999.43125,1415.375,106.12,283
"171","Box_Butte","2018",42.2141,-102.9801,365,148.913043478261,NA,224.269230769231,"Box Butte_NE","NE",1015.015,871.26,971.10985,1445.73,80.32,287
"172","Box_Butte","2019",42.2141,-102.9801,365,155,NA,224.269230769231,"Box Butte_NE","NE",981.015,874.865,976.44345,1346.325,128.6,283
"173","Box_Butte","2020",42.2141,-102.9801,365,125,NA,224.269230769231,"Box Butte_NE","NE",806.2,724.75,826.99595,1441.93,39.75,290
"174","Box_Butte","2021",42.2141,-102.9801,365,148.913043478261,NA,224.269230769231,"Box Butte_NE","NE",1093.18,906.955,1002.38375,1466.32,43.05,306
"175","Box_Butte","2022",42.2141,-102.9801,365,148.913043478261,NA,224.269230769231,"Box Butte_NE","NE",1060.79,878.59,974.9318,1467.505,76.8,290
"176","Box_Butte","2023",42.2141,-102.9801,365,148.913043478261,NA,224.269230769231,"Box Butte_NE","NE",932.49,839.65,951.7301,1444.105,102.48,299
"177","Brookings","1980",44.3693,-96.7878,365,155.907172995781,297.873015873016,224.636144578313,"Brookings_SD","SD",1021.75,919.61,1016.17265,1501.535,146.15,286
"178","Brookings","1981",44.3693,-96.7878,365,155.907172995781,297.873015873016,224.636144578313,"Brookings_SD","SD",1004.615,912.985,1018.2779,1470.955,110.94,295
"179","Brookings","1982",44.3693,-96.7878,365,154,267,224.155172413793,"Brookings_SD","SD",949.275,877.75,998.427,1428.83,126.2,293
"180","Brookings","1983",44.3693,-96.7878,365,152,300,220.265306122449,"Brookings_SD","SD",1080.185,957.355,1066.52425,1541.69,111.89,287
"181","Brookings","1984",44.3693,-96.7878,365,179,314,241.065217391304,"Brookings_SD","SD",1042.86,952.745,1052.4479,1481.88,77.53,270
"182","Brookings","1985",44.3693,-96.7878,365,171,311,240,"Brookings_SD","SD",918.38,851.655,972.4009,1409.44,229.22,283
"183","Brookings","1986",44.3693,-96.7878,365,171,328,238.485714285714,"Brookings_SD","SD",1003.14,932.31,1036.82955,1485.215,249.97,286
"184","Brookings","1987",44.3693,-96.7878,365,155,297.873015873016,224.636144578313,"Brookings_SD","SD",1119.39,988.28,1088.09125,1556.315,121.75,283
"185","Brookings","1988",44.3693,-96.7878,365,147,297.873015873016,208.121212121212,"Brookings_SD","SD",1192.275,1013.665,1106.4082,1641.57,147.78,278
"186","Brookings","1989",44.3693,-96.7878,365,153,297.873015873016,219.857142857143,"Brookings_SD","SD",1031.3,929.68,1034.0143,1526.895,90.32,276
"187","Brookings","1990",44.3693,-96.7878,365,150,297.873015873016,220.857142857143,"Brookings_SD","SD",948.12,889.535,1010.26565,1468.98,110.38,282
"188","Brookings","1991",44.3693,-96.7878,365,157,297.873015873016,224.769230769231,"Brookings_SD","SD",1022.325,951.05,1067.9037,1610.025,123.47,279
"189","Brookings","1992",44.3693,-96.7878,365,155.907172995781,297.873015873016,224.636144578313,"Brookings_SD","SD",774.955,758.085,907.6344,1285.23,174.41,289
"190","Brookings","1993",44.3693,-96.7878,365,146,298,223.685714285714,"Brookings_SD","SD",802.005,790.79,935.18305,1367.935,117.32,282
"191","Brookings","1994",44.3693,-96.7878,365,139,286,210.344827586207,"Brookings_SD","SD",916.885,878.815,1000.27065,1465.005,87.85,299
"192","Brookings","1995",44.3693,-96.7878,365,155.907172995781,297.873015873016,224.636144578313,"Brookings_SD","SD",1015.41,931.475,1040.48955,1495.97,222.56,303
"193","Brookings","1996",44.3693,-96.7878,365,155.907172995781,297.873015873016,224.636144578313,"Brookings_SD","SD",953.08,906.8,1019.75095,1435.31,103.4,302
"194","Brookings","1997",44.3693,-96.7878,365,140,281,211.45,"Brookings_SD","SD",924.22,872.355,986.3887,1453.87,135.42,294
"195","Brookings","1998",44.3693,-96.7878,365,140,297.873015873016,212.85,"Brookings_SD","SD",897.875,850.19,967.97145,1536.72,157.71,308
"196","Brookings","1999",44.3693,-96.7878,365,155.907172995781,297.873015873016,224.636144578313,"Brookings_SD","SD",1019.315,933.15,1045.35705,1518.885,102.47,275
"197","Brookings","2000",44.3693,-96.7878,365,155.907172995781,297.873015873016,224.636144578313,"Brookings_SD","SD",984.585,906.62,1015.9162,1471.215,57.22,280
"198","Brookings","2001",44.3693,-96.7878,365,155.907172995781,297.873015873016,224.636144578313,"Brookings_SD","SD",1085.97,975.69,1080.44485,1548.9,66.32,279
"199","Brookings","2002",44.3693,-96.7878,365,155.907172995781,297.873015873016,224.636144578313,"Brookings_SD","SD",1122.585,1001.4,1098.85765,1548.7,195.8,286
"200","Brookings","2003",44.3693,-96.7878,365,155.907172995781,297.873015873016,224.636144578313,"Brookings_SD","SD",974.64,913.8,1016.35485,1455.915,107.84,274
"201","Brookings","2004",44.3693,-96.7878,365,155.907172995781,297.873015873016,224.636144578313,"Brookings_SD","SD",859.15,823.34,951.53255,1319.985,83.1,316
"202","Brookings","2005",44.3693,-96.7878,365,155.907172995781,297.873015873016,224.636144578313,"Brookings_SD","SD",1072.53,975.655,1079.08095,1537.235,203.25,310
"203","Brookings","2006",44.3693,-96.7878,365,155.907172995781,297.873015873016,224.636144578313,"Brookings_SD","SD",1052.43,952.86,1051.0607,1528.975,251.65,285
"204","Brookings","2007",44.3693,-96.7878,365,155.907172995781,297.873015873016,224.636144578313,"Brookings_SD","SD",1058.45,969.235,1067.6807,1591.305,175.04,301
"205","Brookings","2008",44.3693,-96.7878,365,155.907172995781,297.873015873016,224.636144578313,"Brookings_SD","SD",959.73,904.97,1016.3251,1410.115,64.19,301
"206","Brookings","2009",44.3693,-96.7878,365,155.907172995781,297.873015873016,224.636144578313,"Brookings_SD","SD",848.25,818.64,944.68645,1329,58.3,282
"207","Brookings","2010",44.3693,-96.7878,365,155.907172995781,297.873015873016,224.636144578313,"Brookings_SD","SD",1031.215,962.72,1070.19485,1515.61,244.22,309
"208","Brookings","2011",44.3693,-96.7878,365,155.907172995781,297.873015873016,224.636144578313,"Brookings_SD","SD",1044.615,954.605,1067.87925,1502.195,59.67,292
"209","Brookings","2012",44.3693,-96.7878,365,155.907172995781,297.873015873016,224.636144578313,"Brookings_SD","SD",1143.965,1003.13,1097.1757,1577.06,111.52,281
"210","Brookings","2013",44.3693,-96.7878,365,155.907172995781,297.873015873016,224.636144578313,"Brookings_SD","SD",924.76,882.025,999.5301,1463.555,33.99,298
"211","Brookings","2014",44.3693,-96.7878,365,155.907172995781,297.873015873016,224.636144578313,"Brookings_SD","SD",886.445,862.325,988.82425,1439.34,147.87,304
"212","Brookings","2015",44.3693,-96.7878,365,155.907172995781,297.873015873016,224.636144578313,"Brookings_SD","SD",991.625,934.525,1038.01485,1468.3,226.19,317
"213","Brookings","2016",44.3693,-96.7878,365,155.907172995781,297.873015873016,224.636144578313,"Brookings_SD","SD",1053.89,966.19,1063.8407,1549.835,228.53,324
"214","Brookings","2017",44.3693,-96.7878,365,155.907172995781,297.873015873016,224.636144578313,"Brookings_SD","SD",966.345,898.275,1011.38705,1424.255,175.72,301
"215","Brookings","2018",44.3693,-96.7878,365,155.907172995781,297.873015873016,224.636144578313,"Brookings_SD","SD",1033.46,968.935,1077.5329,1606.24,113.53,288
"216","Brookings","2019",44.3693,-96.7878,365,155.907172995781,297.873015873016,224.636144578313,"Brookings_SD","SD",992.025,938.345,1057.14205,1411.025,289.06,301
"217","Brookings","2020",44.3693,-96.7878,365,155.907172995781,297.873015873016,224.636144578313,"Brookings_SD","SD",1051.27,972.2,1074.9257,1513.065,86.4,292
"218","Brookings","2021",44.3693,-96.7878,365,155.907172995781,297.873015873016,224.636144578313,"Brookings_SD","SD",1082.58,964.81,1064.05485,1539.32,133.3,305
"219","Brookings","2022",44.3693,-96.7878,365,155.907172995781,297.873015873016,224.636144578313,"Brookings_SD","SD",1097.955,981.955,1082.25375,1564.51,98.97,290
"220","Brookings","2023",44.3693,-96.7878,365,155.907172995781,297.873015873016,224.636144578313,"Brookings_SD","SD",1006.095,924.515,1032.29095,1596.46,106.93,301
"221","Brookings-NuSun","1980",44.3693,-96.7878,365,141.313725490196,NA,211.989898989899,"Brookings_SD","SD",990.6,898.295,999.9818,1501.535,174.14,286
"222","Brookings-NuSun","1981",44.3693,-96.7878,365,141.313725490196,NA,211.989898989899,"Brookings_SD","SD",933.68,856.915,972.0362,1470.955,188.84,295
"223","Brookings-NuSun","1982",44.3693,-96.7878,365,141.313725490196,NA,211.989898989899,"Brookings_SD","SD",849.285,802.015,930.9739,1428.83,155.37,293
"224","Brookings-NuSun","1983",44.3693,-96.7878,365,141.313725490196,NA,211.989898989899,"Brookings_SD","SD",955.065,872.465,986.8709,1541.69,150.42,287
"225","Brookings-NuSun","1984",44.3693,-96.7878,365,141.313725490196,NA,211.989898989899,"Brookings_SD","SD",882.47,847.315,961.1376,1481.88,88.93,270
"226","Brookings-NuSun","1985",44.3693,-96.7878,365,141.313725490196,NA,211.989898989899,"Brookings_SD","SD",871.06,806.455,922.71285,1409.44,156.94,283
"227","Brookings-NuSun","1986",44.3693,-96.7878,365,141.313725490196,NA,211.989898989899,"Brookings_SD","SD",985.975,909.595,1017.0179,1485.215,194.29,286
"228","Brookings-NuSun","1987",44.3693,-96.7878,365,141.313725490196,NA,211.989898989899,"Brookings_SD","SD",1022.71,915.21,1021.06985,1556.315,142.09,283
"229","Brookings-NuSun","1988",44.3693,-96.7878,365,141.313725490196,NA,211.989898989899,"Brookings_SD","SD",1128.08,968.495,1063.97875,1641.57,137.32,278
"230","Brookings-NuSun","1989",44.3693,-96.7878,365,141.313725490196,NA,211.989898989899,"Brookings_SD","SD",946.49,867.785,975.6654,1526.895,177.59,276
"231","Brookings-NuSun","1990",44.3693,-96.7878,365,141.313725490196,NA,211.989898989899,"Brookings_SD","SD",908.295,855.58,981.37535,1468.98,151.76,282
"232","Brookings-NuSun","1991",44.3693,-96.7878,365,141.313725490196,NA,211.989898989899,"Brookings_SD","SD",1024.99,955.855,1068.12205,1610.025,119.75,279
"233","Brookings-NuSun","1992",44.3693,-96.7878,365,141.313725490196,NA,211.989898989899,"Brookings_SD","SD",702.955,705.405,852.4408,1285.23,197.69,289
"234","Brookings-NuSun","1993",44.3693,-96.7878,365,141.313725490196,NA,211.989898989899,"Brookings_SD","SD",771.62,762.755,905.655,1367.935,153.14,282
"235","Brookings-NuSun","1994",44.3693,-96.7878,365,141.313725490196,NA,211.989898989899,"Brookings_SD","SD",901.725,864.66,984.8951,1465.005,91.12,299
"236","Brookings-NuSun","1995",44.3693,-96.7878,365,141.313725490196,NA,211.989898989899,"Brookings_SD","SD",909.73,845.415,966.2184,1495.97,225.99,303
"237","Brookings-NuSun","1996",44.3693,-96.7878,365,141.313725490196,NA,211.989898989899,"Brookings_SD","SD",849.04,810.94,939.65755,1435.31,84.27,302
"238","Brookings-NuSun","1997",44.3693,-96.7878,365,140,NA,212.28,"Brookings_SD","SD",924.22,872.355,986.3887,1453.87,135.42,294
"239","Brookings-NuSun","1998",44.3693,-96.7878,365,146,NA,215.333333333333,"Brookings_SD","SD",920.13,872.19,987.41535,1536.72,136.32,308
"240","Brookings-NuSun","1999",44.3693,-96.7878,365,138,NA,209.121951219512,"Brookings_SD","SD",942.795,875.49,999.41395,1518.885,70.85,275
"241","Brookings-NuSun","2000",44.3693,-96.7878,365,141.313725490196,NA,211.989898989899,"Brookings_SD","SD",883.71,828,952.73475,1471.215,98.35,280
"242","Brookings-NuSun","2001",44.3693,-96.7878,365,141.313725490196,NA,211.989898989899,"Brookings_SD","SD",936.49,860.44,978.92895,1548.9,126.62,279
"243","Brookings-NuSun","2002",44.3693,-96.7878,365,141.313725490196,NA,211.989898989899,"Brookings_SD","SD",1056.295,944.97,1045.1318,1548.7,209.08,286
"244","Brookings-NuSun","2003",44.3693,-96.7878,365,141.313725490196,NA,211.989898989899,"Brookings_SD","SD",889.595,838.345,953.18035,1455.915,73.7,274
"245","Brookings-NuSun","2004",44.3693,-96.7878,365,141.313725490196,NA,211.989898989899,"Brookings_SD","SD",784.055,758.665,892.22835,1319.985,116.24,316
"246","Brookings-NuSun","2005",44.3693,-96.7878,365,141.313725490196,NA,211.989898989899,"Brookings_SD","SD",981.215,907.76,1025.3284,1537.235,137.93,310
"247","Brookings-NuSun","2006",44.3693,-96.7878,365,141.313725490196,NA,211.989898989899,"Brookings_SD","SD",1025.24,927,1025.1657,1528.975,160.89,285
"248","Brookings-NuSun","2007",44.3693,-96.7878,365,141.313725490196,NA,211.989898989899,"Brookings_SD","SD",969.485,904.12,1014.7851,1591.305,178.64,301
"249","Brookings-NuSun","2008",44.3693,-96.7878,365,141.313725490196,NA,211.989898989899,"Brookings_SD","SD",861.365,821.095,944.11005,1410.115,90.56,301
"250","Brookings-NuSun","2009",44.3693,-96.7878,365,141.313725490196,NA,211.989898989899,"Brookings_SD","SD",779.825,760.28,892.0842,1329,92.69,282
"251","Brookings-NuSun","2010",44.3693,-96.7878,365,141.313725490196,NA,211.989898989899,"Brookings_SD","SD",960.92,910.565,1024.47595,1515.61,185.3,309
"252","Brookings-NuSun","2011",44.3693,-96.7878,365,141.313725490196,NA,211.989898989899,"Brookings_SD","SD",957.6,879.48,1003.61615,1502.195,114.61,292
"253","Brookings-NuSun","2012",44.3693,-96.7878,365,141.313725490196,NA,211.989898989899,"Brookings_SD","SD",1062.685,943.99,1047.04955,1577.06,108.24,281
"254","Brookings-NuSun","2013",44.3693,-96.7878,365,141.313725490196,NA,211.989898989899,"Brookings_SD","SD",858.755,819.72,944.34865,1463.555,79.08,298
"255","Brookings-NuSun","2014",44.3693,-96.7878,365,141.313725490196,NA,211.989898989899,"Brookings_SD","SD",884.07,855.87,981.0873,1439.34,161.19,304
"256","Brookings-NuSun","2015",44.3693,-96.7878,365,141.313725490196,NA,211.989898989899,"Brookings_SD","SD",912.595,868.265,982.59815,1468.3,221.01,317
"257","Brookings-NuSun","2016",44.3693,-96.7878,365,141.313725490196,NA,211.989898989899,"Brookings_SD","SD",992.335,916.28,1025.50095,1549.835,288.89,324
"258","Brookings-NuSun","2017",44.3693,-96.7878,365,141.313725490196,NA,211.989898989899,"Brookings_SD","SD",916.835,847.61,960.7298,1424.255,258.82,301
"259","Brookings-NuSun","2018",44.3693,-96.7878,365,141.313725490196,NA,211.989898989899,"Brookings_SD","SD",1039.255,965.18,1074.0079,1606.24,253.45,288
"260","Brookings-NuSun","2019",44.3693,-96.7878,365,141.313725490196,NA,211.989898989899,"Brookings_SD","SD",916.97,865.1,990.9484,1411.025,193.66,301
"261","Brookings-NuSun","2020",44.3693,-96.7878,365,141.313725490196,NA,211.989898989899,"Brookings_SD","SD",1019.345,939.285,1050.8651,1513.065,100.59,292
"262","Brookings-NuSun","2021",44.3693,-96.7878,365,141.313725490196,NA,211.989898989899,"Brookings_SD","SD",1024.24,910.765,1014.92705,1539.32,130.54,305
"263","Brookings-NuSun","2022",44.3693,-96.7878,365,141.313725490196,NA,211.989898989899,"Brookings_SD","SD",1003.265,911.02,1019.2201,1564.51,108.53,290
"264","Brookings-NuSun","2023",44.3693,-96.7878,365,141.313725490196,NA,211.989898989899,"Brookings_SD","SD",1011.47,924.295,1028.3229,1596.46,131.05,301
"265","Carrington","1980",47.5156,-99.1215,365,148.340483797353,292.951620264719,218.739446870451,"Foster_ND","ND",899.44,819.56,933.1101,1351.3,220.58,286
"266","Carrington","1981",47.5156,-99.1215,365,140,293,218.739446870451,"Foster_ND","ND",776.69,742.21,874.35725,1319.695,117.2,294
"267","Carrington","1982",47.5156,-99.1215,365,145,287,215.875,"Foster_ND","ND",791.54,755.32,881.93865,1239.74,74.52,294
"268","Carrington","1983",47.5156,-99.1215,365,143,285,218.739446870451,"Foster_ND","ND",906.555,832.51,944.4062,1419.26,110.94,286
"269","Carrington","1984",47.5156,-99.1215,365,148.340483797353,292.951620264719,218.739446870451,"Foster_ND","ND",892.29,821.68,933.82175,1348.82,33.66,270
"270","Carrington","1985",47.5156,-99.1215,365,148.340483797353,292.951620264719,218.739446870451,"Foster_ND","ND",780.665,738.305,858.1584,1248.09,99.52,274
"271","Carrington","1986",47.5156,-99.1215,365,148.340483797353,292.951620264719,218.739446870451,"Foster_ND","ND",929.445,863.37,972.88765,1348.43,88.98,304
"272","Carrington","1987",47.5156,-99.1215,365,148.340483797353,292.951620264719,218.739446870451,"Foster_ND","ND",983.455,897.905,1004.18095,1439.01,194.46,283
"273","Carrington","1988",47.5156,-99.1215,365,148.340483797353,292.951620264719,218.739446870451,"Foster_ND","ND",1143.72,953.185,1042.6396,1555.825,40.73,278
"274","Carrington","1989",47.5156,-99.1215,365,148.340483797353,292.951620264719,218.739446870451,"Foster_ND","ND",938.4,833.705,939.8829,1420.155,106.48,266
"275","Carrington","1990",47.5156,-99.1215,365,148.340483797353,292.951620264719,218.739446870451,"Foster_ND","ND",882.87,833.315,945.8365,1398.775,82.86,280
"276","Carrington","1991",47.5156,-99.1215,365,148,270,213.75,"Foster_ND","ND",923.685,879.635,999.2165,1509.72,16.37,279
"277","Carrington","1992",47.5156,-99.1215,365,148.340483797353,292.951620264719,218.739446870451,"Foster_ND","ND",702.205,692.395,828.04225,1198.315,101.71,272
"278","Carrington","1993",47.5156,-99.1215,365,146,294,228.826530612245,"Foster_ND","ND",664.05,662.85,821.46325,1201.725,93.77,275
"279","Carrington","1994",47.5156,-99.1215,365,145,285,215.265306122449,"Foster_ND","ND",840.365,821.56,956.1609,1378.635,25.26,298
"280","Carrington","1995",47.5156,-99.1215,365,148.340483797353,292.951620264719,218.739446870451,"Foster_ND","ND",928.58,872.415,983.7562,1419.375,52.54,265
"281","Carrington","1996",47.5156,-99.1215,365,148.340483797353,292.951620264719,218.739446870451,"Foster_ND","ND",866.67,826.765,950.03035,1371.19,81.47,292
"282","Carrington","1997",47.5156,-99.1215,365,149,273,212.888888888889,"Foster_ND","ND",977.395,910.665,1015.7865,1405.69,67.36,294
"283","Carrington","1998",47.5156,-99.1215,365,146,270,218.605504587156,"Foster_ND","ND",856.555,821.355,940.1423,1440.45,27.26,307
"284","Carrington","1999",47.5156,-99.1215,365,152,286,220.745454545455,"Foster_ND","ND",906.795,861.295,986.13395,1352.11,147.78,274
"285","Carrington","2000",47.5156,-99.1215,365,154,291,224.244444444444,"Foster_ND","ND",908.435,849.97,969.21145,1341.13,122.33,278
"286","Carrington","2001",47.5156,-99.1215,365,151,288,222,"Foster_ND","ND",944.22,874.19,997.08505,1430.245,180.62,278
"287","Carrington","2002",47.5156,-99.1215,365,149,304,219.315789473684,"Foster_ND","ND",967.55,887.86,999.6137,1387.005,86.96,275
"288","Carrington","2003",47.5156,-99.1215,365,148,293,220.507042253521,"Foster_ND","ND",862.87,829.34,956.34115,1378.08,76.75,273
"289","Carrington","2004",47.5156,-99.1215,365,147,301,226.875,"Foster_ND","ND",751.145,729.97,873.25025,1136.095,64.39,278
"290","Carrington","2005",47.5156,-99.1215,365,143,298,215.4,"Foster_ND","ND",874.82,823.725,958.6525,1368.42,25.82,297
"291","Carrington","2006",47.5156,-99.1215,365,152,296,208.121495327103,"Foster_ND","ND",1022.74,900.145,1001.92735,1457.31,68.09,284
"292","Carrington","2007",47.5156,-99.1215,365,154,318.627659574468,219.053191489362,"Foster_ND","ND",1001,921.22,1027.97455,1415.69,116.13,301
"293","Carrington","2008",47.5156,-99.1215,365,141,302,222.453488372093,"Foster_ND","ND",757.895,735.955,862.7942,1280.855,127.85,301
"294","Carrington","2009",47.5156,-99.1215,365,147,320,226.164383561644,"Foster_ND","ND",737.305,727.135,861.0314,1228.035,121.55,282
"295","Carrington","2010",47.5156,-99.1215,365,140,294,212.25,"Foster_ND","ND",865.99,830.875,959.687,1381.645,125.85,301
"296","Carrington","2011",47.5156,-99.1215,365,148.340483797353,292.951620264719,218.739446870451,"Foster_ND","ND",897.675,856.81,982.0406,1388.19,195.83,292
"297","Carrington","2012",47.5156,-99.1215,365,158,286,223.5,"Foster_ND","ND",1014.37,930.595,1040.09345,1430.32,88.29,279
"298","Carrington","2013",47.5156,-99.1215,365,157,298,226.195652173913,"Foster_ND","ND",925.265,878.4,1002.9776,1423.505,68.45,294
"299","Carrington","2014",47.5156,-99.1215,365,154,300,224.914285714286,"Foster_ND","ND",870.64,844.24,976.877,1371.925,110.83,303
"300","Carrington","2015",47.5156,-99.1215,365,154,307,220.229166666667,"Foster_ND","ND",969.51,907.775,1019.0804,1403.065,59.24,317
"301","Carrington","2016",47.5156,-99.1215,365,148,314,216,"Foster_ND","ND",923.935,878.5,999.7748,1452.5,162.67,287
"302","Carrington","2017",47.5156,-99.1215,365,145,306,215.259259259259,"Foster_ND","ND",905.79,836.085,958.13395,1372.32,97.82,300
"303","Carrington","2018",47.5156,-99.1215,365,156,292,218.156862745098,"Foster_ND","ND",1014.635,938.615,1042.0043,1504.81,26.62,277
"304","Carrington","2019",47.5156,-99.1215,365,148.340483797353,292.951620264719,218.739446870451,"Foster_ND","ND",925.255,869.885,984.4023,1311.44,154.44,297
"305","Carrington","2020",47.5156,-99.1215,365,153,280,217.333333333333,"Foster_ND","ND",1013.135,935.49,1039.92735,1448.635,131.26,292
"306","Carrington","2021",47.5156,-99.1215,365,146,292,213.833333333333,"Foster_ND","ND",1050.95,916.055,1012.6418,1495.79,73.32,294
"307","Carrington","2022",47.5156,-99.1215,365,157,292,222.02380952381,"Foster_ND","ND",992.815,930.34,1041.61845,1449.585,42.49,280
"308","Carrington","2023",47.5156,-99.1215,365,150,319,215.255319148936,"Foster_ND","ND",986.225,913.445,1026.93065,1519.705,81.6,299
"309","Carrington_NuSun","1980",47.5156,-99.1215,365,149.888888888889,296.333333333333,220.465517241379,"Foster_ND","ND",894.975,817.07,931.3251,1351.3,220.58,286
"310","Carrington_NuSun","1981",47.5156,-99.1215,365,149.888888888889,296.333333333333,220.465517241379,"Foster_ND","ND",838.905,792.6,917.68395,1319.695,152.9,294
"311","Carrington_NuSun","1982",47.5156,-99.1215,365,149.888888888889,296.333333333333,220.465517241379,"Foster_ND","ND",809.565,765.27,884.3959,1239.74,61.56,294
"312","Carrington_NuSun","1983",47.5156,-99.1215,365,149.888888888889,296.333333333333,220.465517241379,"Foster_ND","ND",974.74,865.435,972.54205,1419.26,105.26,286
"313","Carrington_NuSun","1984",47.5156,-99.1215,365,149.888888888889,296.333333333333,220.465517241379,"Foster_ND","ND",906.915,830.07,941.98925,1348.82,28.95,270
"314","Carrington_NuSun","1985",47.5156,-99.1215,365,149.888888888889,296.333333333333,220.465517241379,"Foster_ND","ND",784.9,740.67,859.08035,1248.09,92.68,274
"315","Carrington_NuSun","1986",47.5156,-99.1215,365,149.888888888889,296.333333333333,220.465517241379,"Foster_ND","ND",927.61,863.42,972.93765,1348.43,87.94,304
"316","Carrington_NuSun","1987",47.5156,-99.1215,365,149.888888888889,296.333333333333,220.465517241379,"Foster_ND","ND",984.745,898.19,1004.46595,1439.01,128.27,283
"317","Carrington_NuSun","1988",47.5156,-99.1215,365,149.888888888889,296.333333333333,220.465517241379,"Foster_ND","ND",1146.17,954.385,1043.8396,1555.825,40.73,278
"318","Carrington_NuSun","1989",47.5156,-99.1215,365,149.888888888889,296.333333333333,220.465517241379,"Foster_ND","ND",946.215,839.6,945.43485,1420.155,99.09,266
"319","Carrington_NuSun","1990",47.5156,-99.1215,365,149.888888888889,296.333333333333,220.465517241379,"Foster_ND","ND",888.1,835.76,948.2815,1398.775,73.66,280
"320","Carrington_NuSun","1991",47.5156,-99.1215,365,149.888888888889,296.333333333333,220.465517241379,"Foster_ND","ND",910.625,866.805,985.69595,1509.72,23.31,279
"321","Carrington_NuSun","1992",47.5156,-99.1215,365,149.888888888889,296.333333333333,220.465517241379,"Foster_ND","ND",705.61,695.265,831.24225,1198.315,116.2,272
"322","Carrington_NuSun","1993",47.5156,-99.1215,365,149.888888888889,296.333333333333,220.465517241379,"Foster_ND","ND",679.745,674.19,832.6377,1201.725,197.77,275
"323","Carrington_NuSun","1994",47.5156,-99.1215,365,149.888888888889,296.333333333333,220.465517241379,"Foster_ND","ND",839.65,818.75,951.2323,1378.635,33.24,298
"324","Carrington_NuSun","1995",47.5156,-99.1215,365,149.888888888889,296.333333333333,220.465517241379,"Foster_ND","ND",935.45,876.62,987.9412,1419.375,63.77,265
"325","Carrington_NuSun","1996",47.5156,-99.1215,365,149.888888888889,296.333333333333,220.465517241379,"Foster_ND","ND",872.3,831.82,954.1523,1371.19,84.7,292
"326","Carrington_NuSun","1997",47.5156,-99.1215,365,149.888888888889,296.333333333333,220.465517241379,"Foster_ND","ND",968.075,901.345,1004.02095,1405.69,65.41,294
"327","Carrington_NuSun","1998",47.5156,-99.1215,365,149.888888888889,296.333333333333,220.465517241379,"Foster_ND","ND",862.62,820.355,937.00925,1440.45,27.26,307
"328","Carrington_NuSun","1999",47.5156,-99.1215,365,149.888888888889,296.333333333333,220.465517241379,"Foster_ND","ND",879.545,835.765,961.0095,1352.11,147.78,274
"329","Carrington_NuSun","2000",47.5156,-99.1215,365,149.888888888889,296.333333333333,220.465517241379,"Foster_ND","ND",851.005,803.695,927.1431,1341.13,122.33,278
"330","Carrington_NuSun","2001",47.5156,-99.1215,365,151,288,222.019607843137,"Foster_ND","ND",944.22,874.19,997.08505,1430.245,163.95,278
"331","Carrington_NuSun","2002",47.5156,-99.1215,365,149,303,219.246153846154,"Foster_ND","ND",967.55,887.86,999.6137,1387.005,86.96,275
"332","Carrington_NuSun","2003",47.5156,-99.1215,365,149.888888888889,296.333333333333,220.465517241379,"Foster_ND","ND",852.7,819.145,944.9256,1378.08,76.75,273
"333","Carrington_NuSun","2004",47.5156,-99.1215,365,149.888888888889,296.333333333333,220.465517241379,"Foster_ND","ND",754.98,732.62,873.00555,1136.095,69.17,278
"334","Carrington_NuSun","2005",47.5156,-99.1215,365,149.888888888889,296.333333333333,220.465517241379,"Foster_ND","ND",924.405,861.315,985.48365,1368.42,25.82,297
"335","Carrington_NuSun","2006",47.5156,-99.1215,365,149.888888888889,296.333333333333,220.465517241379,"Foster_ND","ND",993.14,879.04,981.7368,1457.31,65.99,284
"336","Carrington_NuSun","2007",47.5156,-99.1215,365,149.888888888889,296.333333333333,220.465517241379,"Foster_ND","ND",969.07,893.16,1001.1951,1415.69,131.4,301
"337","Carrington_NuSun","2008",47.5156,-99.1215,365,149.888888888889,296.333333333333,220.465517241379,"Foster_ND","ND",821.515,780.295,899.9434,1280.855,131.61,301
"338","Carrington_NuSun","2009",47.5156,-99.1215,365,149.888888888889,296.333333333333,220.465517241379,"Foster_ND","ND",733.36,722.275,855.32585,1228.035,70.33,282
"339","Carrington_NuSun","2010",47.5156,-99.1215,365,149.888888888889,296.333333333333,220.465517241379,"Foster_ND","ND",892.615,850.97,970.64425,1381.645,154.17,301
"340","Carrington_NuSun","2011",47.5156,-99.1215,365,149.888888888889,296.333333333333,220.465517241379,"Foster_ND","ND",904.39,863.08,988.29755,1388.19,184.76,292
"341","Carrington_NuSun","2012",47.5156,-99.1215,365,149.888888888889,296.333333333333,220.465517241379,"Foster_ND","ND",972.93,892.495,996.6929,1430.32,89.09,279
"342","Carrington_NuSun","2013",47.5156,-99.1215,365,149.888888888889,296.333333333333,220.465517241379,"Foster_ND","ND",885.225,840.21,965.6848,1423.505,48.32,294
"343","Carrington_NuSun","2014",47.5156,-99.1215,365,149.888888888889,296.333333333333,220.465517241379,"Foster_ND","ND",850.515,826.81,961.70755,1371.925,122.92,303
"344","Carrington_NuSun","2015",47.5156,-99.1215,365,149.888888888889,296.333333333333,220.465517241379,"Foster_ND","ND",920.075,872.495,985.00345,1403.065,59.24,317
"345","Carrington_NuSun","2016",47.5156,-99.1215,365,149.888888888889,296.333333333333,220.465517241379,"Foster_ND","ND",917.795,871.23,988.39815,1452.5,183.16,287
"346","Carrington_NuSun","2017",47.5156,-99.1215,365,149.888888888889,296.333333333333,220.465517241379,"Foster_ND","ND",914.925,844.735,959.8062,1372.32,97.82,300
"347","Carrington_NuSun","2018",47.5156,-99.1215,365,149.888888888889,296.333333333333,220.465517241379,"Foster_ND","ND",972.34,913.83,1018.2668,1504.81,26.62,277
"348","Carrington_NuSun","2019",47.5156,-99.1215,365,149.888888888889,296.333333333333,220.465517241379,"Foster_ND","ND",924.445,870.83,986.79035,1311.44,152.53,297
"349","Carrington_NuSun","2020",47.5156,-99.1215,365,149.888888888889,296.333333333333,220.465517241379,"Foster_ND","ND",976.145,903.775,1008.9629,1448.635,71.88,292
"350","Carrington_NuSun","2021",47.5156,-99.1215,365,149.888888888889,296.333333333333,220.465517241379,"Foster_ND","ND",1084.62,938.455,1032.5207,1495.79,92.09,294
"351","Carrington_NuSun","2022",47.5156,-99.1215,365,149.888888888889,296.333333333333,220.465517241379,"Foster_ND","ND",937.33,881.72,997.31315,1449.585,46.26,280
"352","Carrington_NuSun","2023",47.5156,-99.1215,365,149.888888888889,296.333333333333,220.465517241379,"Foster_ND","ND",972.775,900.35,1012.6151,1519.705,82.67,299
"353","Casselton","1980",46.8871,-97.2305,365,143.187126741871,286.741871267419,214.407357859532,"Cass_ND","ND",969.08,865.235,972.8118,1445.745,150.74,286
"354","Casselton","1981",46.8871,-97.2305,365,143.187126741871,286.741871267419,214.407357859532,"Cass_ND","ND",863.85,812.5,937.0559,1424.07,154.55,294
"355","Casselton","1982",46.8871,-97.2305,365,140,292,214.607142857143,"Cass_ND","ND",809.34,771.625,895.977,1345.775,90.39,294
"356","Casselton","1983",46.8871,-97.2305,365,143.187126741871,286.741871267419,214.407357859532,"Cass_ND","ND",957.39,872.43,982.03065,1492.64,116.4,287
"357","Casselton","1984",46.8871,-97.2305,365,143.187126741871,286.741871267419,214.407357859532,"Cass_ND","ND",893.115,833.475,940.74205,1448.155,23.68,270
"358","Casselton","1985",46.8871,-97.2305,365,143.187126741871,286.741871267419,214.407357859532,"Cass_ND","ND",809.35,757.47,877.6998,1332.605,115.07,282
"359","Casselton","1986",46.8871,-97.2305,365,143.187126741871,286.741871267419,214.407357859532,"Cass_ND","ND",965.105,893.055,998.3279,1423.81,156.93,282
"360","Casselton","1987",46.8871,-97.2305,365,143.187126741871,286.741871267419,214.407357859532,"Cass_ND","ND",1035.235,910.41,1014.8279,1485.965,116.05,280
"361","Casselton","1988",46.8871,-97.2305,365,143.187126741871,286.741871267419,214.407357859532,"Cass_ND","ND",1168.435,961.6,1050.30655,1603.805,56.97,278
"362","Casselton","1989",46.8871,-97.2305,365,143.187126741871,286.741871267419,214.407357859532,"Cass_ND","ND",944.02,839.94,950.93675,1474.58,134.15,276
"363","Casselton","1990",46.8871,-97.2305,365,141,274,203.563636363636,"Cass_ND","ND",908.24,852.87,964.439,1448.42,58.82,280
"364","Casselton","1991",46.8871,-97.2305,365,143.187126741871,286.741871267419,214.407357859532,"Cass_ND","ND",987.88,921.3,1028.72095,1600.745,82.32,288
"365","Casselton","1992",46.8871,-97.2305,365,139,282,216.596774193548,"Cass_ND","ND",713.955,701.775,834.73615,1260.555,171.01,272
"366","Casselton","1993",46.8871,-97.2305,365,140,284,224.478873239437,"Cass_ND","ND",705.61,704.63,853.9358,1310.91,85.23,275
"367","Casselton","1994",46.8871,-97.2305,365,137,284,207.285714285714,"Cass_ND","ND",912.245,867.615,984.1376,1443.525,244.09,304
"368","Casselton","1995",46.8871,-97.2305,365,138,285,213.125,"Cass_ND","ND",918.565,857.345,971.7362,1494.67,137.73,265
"369","Casselton","1996",46.8871,-97.2305,365,143,282,218.351063829787,"Cass_ND","ND",889.75,832.95,947.62925,1434.94,133.35,297
"370","Casselton","1997",46.8871,-97.2305,365,141,280,211.666666666667,"Cass_ND","ND",921.405,859.24,972.62425,1406.165,96.21,295
"371","Casselton","1998",46.8871,-97.2305,365,146,295,217.127659574468,"Cass_ND","ND",916.165,863.19,974.85675,1515.705,77.84,307
"372","Casselton","1999",46.8871,-97.2305,365,146,285,212.355555555556,"Cass_ND","ND",968,894.095,1007.15065,1439.98,121.27,275
"373","Casselton","2000",46.8871,-97.2305,365,143,290,216.52380952381,"Cass_ND","ND",873.975,819.23,950.77335,1411.48,119.23,282
"374","Casselton","2001",46.8871,-97.2305,365,145,290,216.739130434783,"Cass_ND","ND",975.195,892.945,1015.912,1504.585,165.03,279
"375","Casselton","2002",46.8871,-97.2305,365,140,284,209.12,"Cass_ND","ND",999.745,915.925,1018.2054,1489.695,121.41,289
"376","Casselton","2003",46.8871,-97.2305,365,148,283,220.808823529412,"Cass_ND","ND",940.815,881.605,997.1962,1465.06,26.07,274
"377","Casselton","2004",46.8871,-97.2305,365,148,294,224.173913043478,"Cass_ND","ND",828.51,789.9,923.3853,1256.015,122.29,278
"378","Casselton","2005",46.8871,-97.2305,365,143,291,210.903225806452,"Cass_ND","ND",964.83,895.71,1023.937,1490.205,151.33,310
"379","Casselton","2006",46.8871,-97.2305,365,143,282,203.777777777778,"Cass_ND","ND",1066.03,945.695,1045.4604,1539.93,84.57,285
"380","Casselton","2007",46.8871,-97.2305,365,144,283.026315789474,210.864864864865,"Cass_ND","ND",1017.16,932.05,1042.99455,1544.45,101.49,307
"381","Casselton","2008",46.8871,-97.2305,365,142,304,216.923076923077,"Cass_ND","ND",846.565,810.055,933.392,1378.47,145.01,302
"382","Casselton","2009",46.8871,-97.2305,365,152,314,223.783333333333,"Cass_ND","ND",837.105,813.665,941.00175,1336.095,139.16,282
"383","Casselton","2010",46.8871,-97.2305,365,147,265,212.953846153846,"Cass_ND","ND",1003.8,945.505,1054.75735,1523.095,192.1,302
"384","Casselton","2011",46.8871,-97.2305,365,143.187126741871,286.741871267419,214.407357859532,"Cass_ND","ND",936.095,876.62,994.33285,1501.715,157.3,293
"385","Casselton","2012",46.8871,-97.2305,365,143.187126741871,286.741871267419,214.407357859532,"Cass_ND","ND",1034.325,914.78,1019.2876,1547.7,43.84,286
"386","Casselton","2013",46.8871,-97.2305,365,143.187126741871,286.741871267419,214.407357859532,"Cass_ND","ND",946.585,880.535,993.53315,1521.41,48.59,301
"387","Casselton","2014",46.8871,-97.2305,365,143.187126741871,286.741871267419,214.407357859532,"Cass_ND","ND",948.715,895.5,1010.57315,1474.33,75.07,283
"388","Casselton","2015",46.8871,-97.2305,365,143.187126741871,286.741871267419,214.407357859532,"Cass_ND","ND",949.375,889.065,998.04705,1463.825,146.4,289
"389","Casselton","2016",46.8871,-97.2305,365,143.187126741871,286.741871267419,214.407357859532,"Cass_ND","ND",979.47,915.53,1023.6579,1556.21,50.69,298
"390","Casselton","2017",46.8871,-97.2305,365,143.187126741871,286.741871267419,214.407357859532,"Cass_ND","ND",934.805,852.485,964.0926,1418.13,96.61,300
"391","Casselton","2018",46.8871,-97.2305,365,143.187126741871,286.741871267419,214.407357859532,"Cass_ND","ND",1038.025,951.67,1050.1357,1563.89,192.06,285
"392","Casselton","2019",46.8871,-97.2305,365,143.187126741871,286.741871267419,214.407357859532,"Cass_ND","ND",939.085,871.435,983.28815,1385.5,117.72,302
"393","Casselton","2020",46.8871,-97.2305,365,143.187126741871,286.741871267419,214.407357859532,"Cass_ND","ND",1037.77,938.165,1041.9429,1514.245,258.27,292
"394","Casselton","2021",46.8871,-97.2305,365,143.187126741871,286.741871267419,214.407357859532,"Cass_ND","ND",1039.31,906.13,1001.46375,1543.355,71.73,296
"395","Casselton","2022",46.8871,-97.2305,365,143.187126741871,286.741871267419,214.407357859532,"Cass_ND","ND",988.755,909.07,1012.2718,1511.57,76.53,280
"396","Casselton","2023",46.8871,-97.2305,365,143.187126741871,286.741871267419,214.407357859532,"Cass_ND","ND",1029.72,929.405,1032.0657,1586.575,67.55,300
"397","Casselton","1980",46.9005,-97.2112,365,143.187126741871,286.741871267419,214.407357859532,"Cass_ND","ND",969.505,865.54,972.9118,1446.28,150.85,286
"398","Casselton","1981",46.9005,-97.2112,365,143.187126741871,286.741871267419,214.407357859532,"Cass_ND","ND",862.43,811.565,936.1509,1422.295,193.59,294
"399","Casselton","1982",46.9005,-97.2112,365,140,292,214.607142857143,"Cass_ND","ND",807.405,770.52,894.99505,1343.79,92.72,294
"400","Casselton","1983",46.9005,-97.2112,365,143.187126741871,286.741871267419,214.407357859532,"Cass_ND","ND",956.16,871.865,981.53065,1491.755,130.38,287
"401","Casselton","1984",46.9005,-97.2112,365,143.187126741871,286.741871267419,214.407357859532,"Cass_ND","ND",892.5,833.315,940.54705,1448.145,23.69,270
"402","Casselton","1985",46.9005,-97.2112,365,143.187126741871,286.741871267419,214.407357859532,"Cass_ND","ND",808.585,757.695,878.2448,1332.26,116.42,282
"403","Casselton","1986",46.9005,-97.2112,365,143.187126741871,286.741871267419,214.407357859532,"Cass_ND","ND",964.78,893.29,998.5279,1424.055,152.27,282
"404","Casselton","1987",46.9005,-97.2112,365,143.187126741871,286.741871267419,214.407357859532,"Cass_ND","ND",1034.69,910.495,1014.9129,1486.315,151.77,280
"405","Casselton","1988",46.9005,-97.2112,365,143.187126741871,286.741871267419,214.407357859532,"Cass_ND","ND",1168,961.895,1050.60155,1603.78,55.49,278
"406","Casselton","1989",46.9005,-97.2112,365,143.187126741871,286.741871267419,214.407357859532,"Cass_ND","ND",943.66,839.62,950.64675,1474.305,134.33,276
"407","Casselton","1990",46.9005,-97.2112,365,141,274,203.563636363636,"Cass_ND","ND",907.785,853.165,964.784,1449.125,59.08,280
"408","Casselton","1991",46.9005,-97.2112,365,143.187126741871,286.741871267419,214.407357859532,"Cass_ND","ND",988.065,922.115,1029.51595,1602.205,80.45,288
"409","Casselton","1992",46.9005,-97.2112,365,139,282,216.596774193548,"Cass_ND","ND",713.785,701.695,835.06115,1260.19,165.78,272
"410","Casselton","1993",46.9005,-97.2112,365,140,284,224.478873239437,"Cass_ND","ND",704.81,703.945,853.4858,1310.08,86.65,275
"411","Casselton","1994",46.9005,-97.2112,365,137,284,207.285714285714,"Cass_ND","ND",911.105,867.045,984.2676,1442.455,245.8,304
"412","Casselton","1995",46.9005,-97.2112,365,138,285,213.125,"Cass_ND","ND",918.355,857.255,971.9262,1494.31,137.78,265
"413","Casselton","1996",46.9005,-97.2112,365,143,282,218.351063829787,"Cass_ND","ND",889.16,832.645,947.57925,1434.77,134,297
"414","Casselton","1997",46.9005,-97.2112,365,141,280,211.666666666667,"Cass_ND","ND",920.41,858.56,972.00425,1404.31,96.05,295
"415","Casselton","1998",46.9005,-97.2112,365,146,295,217.127659574468,"Cass_ND","ND",915.475,862.635,974.69175,1514.745,75.2,307
"416","Casselton","1999",46.9005,-97.2112,365,146,285,212.355555555556,"Cass_ND","ND",965.865,892.705,1005.89065,1437.465,120.24,275
"417","Casselton","2000",46.9005,-97.2112,365,143,290,216.52380952381,"Cass_ND","ND",871.595,817.63,949.1814,1408.93,113.35,282
"418","Casselton","2001",46.9005,-97.2112,365,145,290,216.739130434783,"Cass_ND","ND",973.275,891.605,1014.847,1502.675,176.86,279
"419","Casselton","2002",46.9005,-97.2112,365,140,284,209.12,"Cass_ND","ND",997.28,914.625,1017.1904,1487.435,124.87,289
"420","Casselton","2003",46.9005,-97.2112,365,148,283,220.808823529412,"Cass_ND","ND",938.765,880.69,996.4562,1463.745,26.19,274
"421","Casselton","2004",46.9005,-97.2112,365,148,294,224.173913043478,"Cass_ND","ND",827.1,789.355,923.12835,1254.115,120.95,278
"422","Casselton","2005",46.9005,-97.2112,365,143,291,210.903225806452,"Cass_ND","ND",963.305,894.64,1023.282,1487.81,151.92,320
"423","Casselton","2006",46.9005,-97.2112,365,143,282,203.777777777778,"Cass_ND","ND",1065.19,945.72,1045.5604,1539.72,84.97,285
"424","Casselton","2007",46.9005,-97.2112,365,144,283.026315789474,210.864864864865,"Cass_ND","ND",1015.835,931.28,1042.32955,1543.14,101.51,307
"425","Casselton","2008",46.9005,-97.2112,365,142,304,216.923076923077,"Cass_ND","ND",845.45,809.765,933.292,1377.81,144.38,302
"426","Casselton","2009",46.9005,-97.2112,365,152,314,223.783333333333,"Cass_ND","ND",835.56,812.465,940.14675,1333.97,136.25,282
"427","Casselton","2010",46.9005,-97.2112,365,147,265,212.953846153846,"Cass_ND","ND",1002.67,944.75,1054.1804,1522.205,187.5,302
"428","Casselton","2011",46.9005,-97.2112,365,143.187126741871,286.741871267419,214.407357859532,"Cass_ND","ND",934.505,875.745,993.54785,1500.445,163.85,293
"429","Casselton","2012",46.9005,-97.2112,365,143.187126741871,286.741871267419,214.407357859532,"Cass_ND","ND",1032.855,914.335,1018.8026,1546.785,42.37,286
"430","Casselton","2013",46.9005,-97.2112,365,143.187126741871,286.741871267419,214.407357859532,"Cass_ND","ND",944.735,879.495,992.64815,1519.07,47.36,301
"431","Casselton","2014",46.9005,-97.2112,365,143.187126741871,286.741871267419,214.407357859532,"Cass_ND","ND",947.405,894.63,1009.87315,1472.43,74.71,283
"432","Casselton","2015",46.9005,-97.2112,365,143.187126741871,286.741871267419,214.407357859532,"Cass_ND","ND",947.985,888.44,997.50705,1462.525,148.58,289
"433","Casselton","2016",46.9005,-97.2112,365,143.187126741871,286.741871267419,214.407357859532,"Cass_ND","ND",977.31,914.58,1023.01595,1554.635,53.21,298
"434","Casselton","2017",46.9005,-97.2112,365,143.187126741871,286.741871267419,214.407357859532,"Cass_ND","ND",933.17,852.1,963.89565,1416.815,94.84,300
"435","Casselton","2018",46.9005,-97.2112,365,143.187126741871,286.741871267419,214.407357859532,"Cass_ND","ND",1036.265,950.8,1049.3507,1561.905,192.19,285
"436","Casselton","2019",46.9005,-97.2112,365,143.187126741871,286.741871267419,214.407357859532,"Cass_ND","ND",937.085,870.115,982.12815,1382.83,115.33,302
"437","Casselton","2020",46.9005,-97.2112,365,143.187126741871,286.741871267419,214.407357859532,"Cass_ND","ND",1035.62,936.97,1040.8579,1511.525,264.5,292
"438","Casselton","2021",46.9005,-97.2112,365,143.187126741871,286.741871267419,214.407357859532,"Cass_ND","ND",1036.825,904.935,1000.33875,1540.83,72.55,296
"439","Casselton","2022",46.9005,-97.2112,365,143.187126741871,286.741871267419,214.407357859532,"Cass_ND","ND",986.92,908.185,1011.4818,1509.77,79.4,280
"440","Casselton","2023",46.9005,-97.2112,365,143.187126741871,286.741871267419,214.407357859532,"Cass_ND","ND",1026.98,927.89,1030.9307,1583.89,66.01,300
"441","Casselton mid-oleic","1980",46.8871,-97.2305,365,143,281,219.28,"Cass_ND","ND",986.91,879.065,987.86235,1445.745,143.39,286
"442","Casselton mid-oleic","1981",46.8871,-97.2305,365,143,281,219.28,"Cass_ND","ND",872.42,821.07,948.2895,1424.07,110.32,294
"443","Casselton mid-oleic","1982",46.8871,-97.2305,365,143,281,219.28,"Cass_ND","ND",837.74,790.025,911.7659,1345.775,86.53,294
"444","Casselton mid-oleic","1983",46.8871,-97.2305,365,143,281,219.28,"Cass_ND","ND",965.215,881.075,992.0812,1492.64,60.65,287
"445","Casselton mid-oleic","1984",46.8871,-97.2305,365,143,281,219.28,"Cass_ND","ND",900.055,841.24,950.34565,1448.155,16.34,270
"446","Casselton mid-oleic","1985",46.8871,-97.2305,365,143,281,219.28,"Cass_ND","ND",821.3,768.58,890.03035,1332.605,134.07,282
"447","Casselton mid-oleic","1986",46.8871,-97.2305,365,143,281,219.28,"Cass_ND","ND",972.635,900.585,1008.5215,1423.81,152.63,282
"448","Casselton mid-oleic","1987",46.8871,-97.2305,365,143,281,219.28,"Cass_ND","ND",1040.185,915.82,1022.4415,1485.965,122.11,280
"449","Casselton mid-oleic","1988",46.8871,-97.2305,365,143,281,219.28,"Cass_ND","ND",1178.115,971.28,1062.65015,1603.805,50.3,278
"450","Casselton mid-oleic","1989",46.8871,-97.2305,365,143,281,219.28,"Cass_ND","ND",954.36,850.28,962.9173,1474.58,135.21,276
"451","Casselton mid-oleic","1990",46.8871,-97.2305,365,143,281,219.28,"Cass_ND","ND",921.425,860.605,970.24595,1448.42,114.59,280
"452","Casselton mid-oleic","1991",46.8871,-97.2305,365,143,281,219.28,"Cass_ND","ND",1002.445,935.865,1044.6065,1600.745,88.81,288
"453","Casselton mid-oleic","1992",46.8871,-97.2305,365,143,281,219.28,"Cass_ND","ND",699.45,694.625,830.45115,1260.555,152.51,272
"454","Casselton mid-oleic","1993",46.8871,-97.2305,365,143,281,219.28,"Cass_ND","ND",731.2,723.005,871.7083,1310.91,92.12,275
"455","Casselton mid-oleic","1994",46.8871,-97.2305,365,143,281,219.28,"Cass_ND","ND",910.685,868.33,984.5976,1443.525,103.99,304
"456","Casselton mid-oleic","1995",46.8871,-97.2305,365,143,281,219.28,"Cass_ND","ND",958.155,886.77,998.7101,1494.67,116.1,265
"457","Casselton mid-oleic","1996",46.8871,-97.2305,365,143,281,219.28,"Cass_ND","ND",889.75,832.95,947.62925,1434.94,133.35,297
"458","Casselton mid-oleic","1997",46.8871,-97.2305,365,143,281,219.28,"Cass_ND","ND",941.345,872.275,984.82175,1406.165,99.01,295
"459","Casselton mid-oleic","1998",46.8871,-97.2305,365,143,281,219.28,"Cass_ND","ND",902.985,851.235,963.6898,1515.705,77.11,307
"460","Casselton mid-oleic","1999",46.8871,-97.2305,365,143,281,219.28,"Cass_ND","ND",946.9,874.785,991.9998,1439.98,229.33,275
"461","Casselton mid-oleic","2000",46.8871,-97.2305,365,143,281,219.28,"Cass_ND","ND",873.975,819.23,950.77335,1411.48,113.81,282
"462","Casselton mid-oleic","2001",46.8871,-97.2305,365,143,281,219.28,"Cass_ND","ND",946.515,872.86,996.77755,1504.585,182.66,279
"463","Casselton mid-oleic","2002",46.8871,-97.2305,365,143,281,219.28,"Cass_ND","ND",1022.39,930.755,1034.1429,1489.695,128.48,289
"464","Casselton mid-oleic","2003",46.8871,-97.2305,365,143,281,219.28,"Cass_ND","ND",909.72,855.22,974.6373,1465.06,26.07,274
"465","Casselton mid-oleic","2004",46.8871,-97.2305,365,143,281,219.28,"Cass_ND","ND",787.635,752.56,891.1575,1256.015,122.29,278
"466","Casselton mid-oleic","2005",46.8871,-97.2305,365,143,281,219.28,"Cass_ND","ND",964.83,895.71,1023.937,1490.205,199.85,310
"467","Casselton mid-oleic","2006",46.8871,-97.2305,365,143,281,219.28,"Cass_ND","ND",1066.03,945.695,1045.4604,1539.93,146.33,285
"468","Casselton mid-oleic","2007",46.8871,-97.2305,365,143,281,219.28,"Cass_ND","ND",1013.49,929.57,1041.9576,1544.45,58.98,307
"469","Casselton mid-oleic","2008",46.8871,-97.2305,365,143,281,219.28,"Cass_ND","ND",858.085,816.915,940.0295,1378.47,135.83,302
"470","Casselton mid-oleic","2009",46.8871,-97.2305,365,143,281,219.28,"Cass_ND","ND",801.03,783.24,909.09785,1336.095,101.9,282
"471","Casselton mid-oleic","2010",46.8871,-97.2305,365,143,281,219.28,"Cass_ND","ND",991.2,936.565,1046.94735,1523.095,199.6,302
"472","Casselton mid-oleic","2011",46.8871,-97.2305,365,143,281,219.28,"Cass_ND","ND",943.685,884.21,1004.58645,1501.715,111.82,293
"473","Casselton mid-oleic","2012",46.8871,-97.2305,365,143,281,219.28,"Cass_ND","ND",1047.93,927.855,1033.58315,1547.7,47.41,286
"474","Casselton mid-oleic","2013",46.8871,-97.2305,365,143,281,219.28,"Cass_ND","ND",953.365,887.315,1002.97675,1521.41,47.46,301
"475","Casselton mid-oleic","2014",46.8871,-97.2305,365,143,281,219.28,"Cass_ND","ND",961.865,906.88,1023.1737,1474.33,127.9,283
"476","Casselton mid-oleic","2015",46.8871,-97.2305,365,143,281,219.28,"Cass_ND","ND",958.57,898.26,1009.7726,1463.825,111.88,289
"477","Casselton mid-oleic","2016",46.8871,-97.2305,365,143,281,219.28,"Cass_ND","ND",992.905,927.77,1037.11845,1556.21,56.72,298
"478","Casselton mid-oleic","2017",46.8871,-97.2305,365,143,281,219.28,"Cass_ND","ND",939.285,856.965,971.2362,1418.13,87.97,300
"479","Casselton mid-oleic","2018",46.8871,-97.2305,365,143,281,219.28,"Cass_ND","ND",1052.05,964.565,1064.25125,1563.89,190.48,285
"480","Casselton mid-oleic","2019",46.8871,-97.2305,365,143,281,219.28,"Cass_ND","ND",943.99,876.34,990.85675,1385.5,112.17,302
"481","Casselton mid-oleic","2020",46.8871,-97.2305,365,143,281,219.28,"Cass_ND","ND",1050.95,951.345,1056.42845,1514.245,256.12,292
"482","Casselton mid-oleic","2021",46.8871,-97.2305,365,143,281,219.28,"Cass_ND","ND",1049.825,916.645,1013.3293,1543.355,91.2,296
"483","Casselton mid-oleic","2022",46.8871,-97.2305,365,143,281,219.28,"Cass_ND","ND",994.25,916.5,1021.14485,1511.57,71.57,280
"484","Casselton mid-oleic","2023",46.8871,-97.2305,365,143,281,219.28,"Cass_ND","ND",1045.805,942.64,1046.52125,1586.575,62.56,300
"485","Casselton-HO","1980",46.8871,-97.2305,365,137,285,207.363636363636,"Cass_ND","ND",969.42,866.845,975.41985,1445.745,134.88,286
"486","Casselton-HO","1981",46.8871,-97.2305,365,137,285,207.363636363636,"Cass_ND","ND",849.76,805.875,931.222,1424.07,150.63,294
"487","Casselton-HO","1982",46.8871,-97.2305,365,137,285,207.363636363636,"Cass_ND","ND",793.155,758.21,886.89115,1345.775,104.49,294
"488","Casselton-HO","1983",46.8871,-97.2305,365,137,285,207.363636363636,"Cass_ND","ND",900.945,835.305,949.95035,1492.64,109.97,287
"489","Casselton-HO","1984",46.8871,-97.2305,365,137,285,207.363636363636,"Cass_ND","ND",869.24,823.95,934.4887,1448.155,21.35,270
"490","Casselton-HO","1985",46.8871,-97.2305,365,137,285,207.363636363636,"Cass_ND","ND",800.865,754.295,874.10535,1332.605,105.24,282
"491","Casselton-HO","1986",46.8871,-97.2305,365,137,285,207.363636363636,"Cass_ND","ND",922.79,863.875,972.6001,1423.81,210.32,282
"492","Casselton-HO","1987",46.8871,-97.2305,365,137,285,207.363636363636,"Cass_ND","ND",930.835,837.58,950.4187,1485.965,121.21,280
"493","Casselton-HO","1988",46.8871,-97.2305,365,137,285,207.363636363636,"Cass_ND","ND",1107.805,932.595,1027.7168,1603.805,65.37,278
"494","Casselton-HO","1989",46.8871,-97.2305,365,137,285,207.363636363636,"Cass_ND","ND",917.01,826.02,944.32645,1474.58,81.63,276
"495","Casselton-HO","1990",46.8871,-97.2305,365,137,285,207.363636363636,"Cass_ND","ND",856.755,815.365,927.824,1448.42,100.56,280
"496","Casselton-HO","1991",46.8871,-97.2305,365,137,285,207.363636363636,"Cass_ND","ND",993.025,929.42,1039.44705,1600.745,104.71,288
"497","Casselton-HO","1992",46.8871,-97.2305,365,137,285,207.363636363636,"Cass_ND","ND",700.875,692.36,827.75725,1260.555,149.25,272
"498","Casselton-HO","1993",46.8871,-97.2305,365,137,285,207.363636363636,"Cass_ND","ND",670.66,676.905,826.7383,1310.91,239.68,275
"499","Casselton-HO","1994",46.8871,-97.2305,365,137,285,207.363636363636,"Cass_ND","ND",912.245,867.615,984.1376,1443.525,244.09,304
"500","Casselton-HO","1995",46.8871,-97.2305,365,137,285,207.363636363636,"Cass_ND","ND",904.64,848.145,962.7587,1494.67,150.29,265
"501","Casselton-HO","1996",46.8871,-97.2305,365,137,285,207.363636363636,"Cass_ND","ND",882.57,826.795,944.0973,1434.94,102.5,297
"502","Casselton-HO","1997",46.8871,-97.2305,365,137,285,207.363636363636,"Cass_ND","ND",882.275,829.89,942.7212,1406.165,108.68,295
"503","Casselton-HO","1998",46.8871,-97.2305,365,137,285,207.363636363636,"Cass_ND","ND",889.76,843.18,958.67285,1515.705,79.24,307
"504","Casselton-HO","1999",46.8871,-97.2305,365,137,285,207.363636363636,"Cass_ND","ND",904.695,846.075,968.242,1439.98,124.14,275
"505","Casselton-HO","2000",46.8871,-97.2305,365,137,285,207.363636363636,"Cass_ND","ND",814.6,777.115,914.26805,1411.48,88.56,282
"506","Casselton-HO","2001",46.8871,-97.2305,365,137,285,207.363636363636,"Cass_ND","ND",892.33,827.83,955.3517,1504.585,160,279
"507","Casselton-HO","2002",46.8871,-97.2305,365,137,285,207.363636363636,"Cass_ND","ND",953.02,884.695,987.6429,1489.695,147.3,289
"508","Casselton-HO","2003",46.8871,-97.2305,365,137,285,207.363636363636,"Cass_ND","ND",864.87,820.745,946.08505,1465.06,62.95,274
"509","Casselton-HO","2004",46.8871,-97.2305,365,137,285,207.363636363636,"Cass_ND","ND",755.08,726.52,867.6222,1256.015,175.15,278
"510","Casselton-HO","2005",46.8871,-97.2305,365,137,285,207.363636363636,"Cass_ND","ND",948.51,888.41,1019.20005,1490.205,166.45,310
"511","Casselton-HO","2006",46.8871,-97.2305,365,137,285,207.363636363636,"Cass_ND","ND",999.53,900.385,1004.92455,1539.93,108.33,285
"512","Casselton-HO","2007",46.8871,-97.2305,365,137,285,207.363636363636,"Cass_ND","ND",966.705,898.145,1013.00815,1544.45,83.87,307
"513","Casselton-HO","2008",46.8871,-97.2305,365,137,285,207.363636363636,"Cass_ND","ND",802.155,777.84,903.4031,1378.47,147.83,302
"514","Casselton-HO","2009",46.8871,-97.2305,365,137,285,207.363636363636,"Cass_ND","ND",781.115,767.955,891.7098,1336.095,97.53,282
"515","Casselton-HO","2010",46.8871,-97.2305,365,137,285,207.363636363636,"Cass_ND","ND",970.265,919.595,1031.01735,1523.095,174.34,302
"516","Casselton-HO","2011",46.8871,-97.2305,365,137,285,207.363636363636,"Cass_ND","ND",899.36,850.53,977.54365,1501.715,169.3,293
"517","Casselton-HO","2012",46.8871,-97.2305,365,137,285,207.363636363636,"Cass_ND","ND",1026.855,910.865,1017.68565,1547.7,52.74,286
"518","Casselton-HO","2013",46.8871,-97.2305,365,137,285,207.363636363636,"Cass_ND","ND",944.535,878.115,996.58895,1521.41,38.68,301
"519","Casselton-HO","2014",46.8871,-97.2305,365,137,285,207.363636363636,"Cass_ND","ND",927.91,882.145,1000.98175,1474.33,67.21,283
"520","Casselton-HO","2015",46.8871,-97.2305,365,137,285,207.363636363636,"Cass_ND","ND",891.885,848.185,962.6162,1463.825,149.8,289
"521","Casselton-HO","2016",46.8871,-97.2305,365,137,285,207.363636363636,"Cass_ND","ND",951.055,896.695,1007.67845,1556.21,123.2,298
"522","Casselton-HO","2017",46.8871,-97.2305,365,137,285,207.363636363636,"Cass_ND","ND",859.24,797.845,914.71285,1418.13,90.77,300
"523","Casselton-HO","2018",46.8871,-97.2305,365,137,285,207.363636363636,"Cass_ND","ND",1026.3,946.12,1048.2918,1563.89,149.81,285
"524","Casselton-HO","2019",46.8871,-97.2305,365,137,285,207.363636363636,"Cass_ND","ND",879.755,824.175,940.0234,1385.5,195.87,302
"525","Casselton-HO","2020",46.8871,-97.2305,365,137,285,207.363636363636,"Cass_ND","ND",1013.945,923.25,1032.9976,1514.245,270.11,292
"526","Casselton-HO","2021",46.8871,-97.2305,365,137,285,207.363636363636,"Cass_ND","ND",1031.495,903.365,1001.49235,1543.355,42.53,296
"527","Casselton-HO","2022",46.8871,-97.2305,365,137,285,207.363636363636,"Cass_ND","ND",937.085,869.625,977.96205,1511.57,75.44,280
"528","Casselton-HO","2023",46.8871,-97.2305,365,137,285,207.363636363636,"Cass_ND","ND",1016.84,918.76,1023.67235,1586.575,69.36,300
"529","Casselton_NuSun","1980",46.8871,-97.2305,365,144.667857142857,287.932142857143,216.102564102564,"Cass_ND","ND",966.05,863.545,971.1218,1445.745,150.74,286
"530","Casselton_NuSun","1981",46.8871,-97.2305,365,144.667857142857,287.932142857143,216.102564102564,"Cass_ND","ND",875.555,821.655,944.76785,1424.07,102.64,294
"531","Casselton_NuSun","1982",46.8871,-97.2305,365,144.667857142857,287.932142857143,216.102564102564,"Cass_ND","ND",839.335,785.62,903.9073,1345.775,90.16,294
"532","Casselton_NuSun","1983",46.8871,-97.2305,365,144.667857142857,287.932142857143,216.102564102564,"Cass_ND","ND",968.765,880.865,989.2476,1492.64,116.4,287
"533","Casselton_NuSun","1984",46.8871,-97.2305,365,144.667857142857,287.932142857143,216.102564102564,"Cass_ND","ND",904.16,839.8,947.4076,1448.155,29.65,270
"534","Casselton_NuSun","1985",46.8871,-97.2305,365,144.667857142857,287.932142857143,216.102564102564,"Cass_ND","ND",809.47,757.9,878.1298,1332.605,123.6,282
"535","Casselton_NuSun","1986",46.8871,-97.2305,365,144.667857142857,287.932142857143,216.102564102564,"Cass_ND","ND",969.32,897.27,1001.70985,1423.81,161.61,282
"536","Casselton_NuSun","1987",46.8871,-97.2305,365,144.667857142857,287.932142857143,216.102564102564,"Cass_ND","ND",1048.485,920.15,1023.12485,1485.965,116.05,280
"537","Casselton_NuSun","1988",46.8871,-97.2305,365,144.667857142857,287.932142857143,216.102564102564,"Cass_ND","ND",1175.26,966.8,1055.50655,1603.805,50.3,278
"538","Casselton_NuSun","1989",46.8871,-97.2305,365,144.667857142857,287.932142857143,216.102564102564,"Cass_ND","ND",956.59,847.51,957.0637,1474.58,149.01,276
"539","Casselton_NuSun","1990",46.8871,-97.2305,365,144.667857142857,287.932142857143,216.102564102564,"Cass_ND","ND",918.515,855.08,963.0854,1448.42,95.12,280
"540","Casselton_NuSun","1991",46.8871,-97.2305,365,144.667857142857,287.932142857143,216.102564102564,"Cass_ND","ND",989.695,922.065,1028.78095,1600.745,105.9,288
"541","Casselton_NuSun","1992",46.8871,-97.2305,365,144.667857142857,287.932142857143,216.102564102564,"Cass_ND","ND",710.925,701.265,835.4256,1260.555,171.01,272
"542","Casselton_NuSun","1993",46.8871,-97.2305,365,144.667857142857,287.932142857143,216.102564102564,"Cass_ND","ND",729.75,721.555,867.5947,1310.91,211.11,275
"543","Casselton_NuSun","1994",46.8871,-97.2305,365,144.667857142857,287.932142857143,216.102564102564,"Cass_ND","ND",901.1,858.945,973.58205,1443.525,112.91,304
"544","Casselton_NuSun","1995",46.8871,-97.2305,365,144.667857142857,287.932142857143,216.102564102564,"Cass_ND","ND",966.345,888.11,998.38455,1494.67,106.86,265
"545","Casselton_NuSun","1996",46.8871,-97.2305,365,144.667857142857,287.932142857143,216.102564102564,"Cass_ND","ND",892.705,833.755,945.6476,1434.94,133.35,297
"546","Casselton_NuSun","1997",46.8871,-97.2305,365,141,281,213.12,"Cass_ND","ND",921.405,859.24,972.62425,1406.165,120.89,295
"547","Casselton_NuSun","1998",46.8871,-97.2305,365,146,296,218.638888888889,"Cass_ND","ND",916.165,863.19,974.85675,1515.705,77.11,307
"548","Casselton_NuSun","1999",46.8871,-97.2305,365,146,286,212.19512195122,"Cass_ND","ND",968,894.095,1007.15065,1439.98,121.27,275
"549","Casselton_NuSun","2000",46.8871,-97.2305,365,144.667857142857,287.932142857143,216.102564102564,"Cass_ND","ND",869.615,813.22,941.9378,1411.48,119.23,282
"550","Casselton_NuSun","2001",46.8871,-97.2305,365,145,282,215.931818181818,"Cass_ND","ND",975.195,892.945,1015.912,1504.585,165.03,279
"551","Casselton_NuSun","2002",46.8871,-97.2305,365,140,284,209.372881355932,"Cass_ND","ND",999.745,915.925,1018.2054,1489.695,121.41,289
"552","Casselton_NuSun","2003",46.8871,-97.2305,365,144.667857142857,287.932142857143,216.102564102564,"Cass_ND","ND",910.03,854.915,970.22565,1465.06,26.07,274
"553","Casselton_NuSun","2004",46.8871,-97.2305,365,148,294,224.161764705882,"Cass_ND","ND",828.51,789.9,923.3853,1256.015,122.29,278
"554","Casselton_NuSun","2005",46.8871,-97.2305,365,144.667857142857,287.932142857143,216.102564102564,"Cass_ND","ND",966.07,893.93,1018.5234,1490.205,155.94,310
"555","Casselton_NuSun","2006",46.8871,-97.2305,365,144.667857142857,287.932142857143,216.102564102564,"Cass_ND","ND",1054.585,934.06,1031.1618,1539.93,146.33,285
"556","Casselton_NuSun","2007",46.8871,-97.2305,365,144.667857142857,287.932142857143,216.102564102564,"Cass_ND","ND",1013.785,928.46,1036.95595,1544.45,73.35,307
"557","Casselton_NuSun","2008",46.8871,-97.2305,365,144.667857142857,287.932142857143,216.102564102564,"Cass_ND","ND",853.445,810.385,930.36895,1378.47,145.01,302
"558","Casselton_NuSun","2009",46.8871,-97.2305,365,144.667857142857,287.932142857143,216.102564102564,"Cass_ND","ND",801.725,779.99,904.74535,1336.095,101.9,282
"559","Casselton_NuSun","2010",46.8871,-97.2305,365,144.667857142857,287.932142857143,216.102564102564,"Cass_ND","ND",981.485,925.47,1034.4318,1523.095,147.25,302
"560","Casselton_NuSun","2011",46.8871,-97.2305,365,144.667857142857,287.932142857143,216.102564102564,"Cass_ND","ND",948.36,887.53,1003.7998,1501.715,124.8,293
"561","Casselton_NuSun","2012",46.8871,-97.2305,365,144.667857142857,287.932142857143,216.102564102564,"Cass_ND","ND",1041.83,920.205,1023.26955,1547.7,43.84,286
"562","Casselton_NuSun","2013",46.8871,-97.2305,365,144.667857142857,287.932142857143,216.102564102564,"Cass_ND","ND",951.525,885.275,997.2651,1521.41,48.59,301
"563","Casselton_NuSun","2014",46.8871,-97.2305,365,144.667857142857,287.932142857143,216.102564102564,"Cass_ND","ND",947.435,895.18,1010.25315,1474.33,127.9,283
"564","Casselton_NuSun","2015",46.8871,-97.2305,365,144.667857142857,287.932142857143,216.102564102564,"Cass_ND","ND",954.73,894.285,1001.824,1463.825,146.4,289
"565","Casselton_NuSun","2016",46.8871,-97.2305,365,144.667857142857,287.932142857143,216.102564102564,"Cass_ND","ND",983.075,917.735,1025.8629,1556.21,49.65,298
"566","Casselton_NuSun","2017",46.8871,-97.2305,365,144.667857142857,287.932142857143,216.102564102564,"Cass_ND","ND",943.155,858.735,970.5101,1418.13,96.61,300
"567","Casselton_NuSun","2018",46.8871,-97.2305,365,144.667857142857,287.932142857143,216.102564102564,"Cass_ND","ND",1027.76,945.42,1044.3707,1563.89,190.48,285
"568","Casselton_NuSun","2019",46.8871,-97.2305,365,144.667857142857,287.932142857143,216.102564102564,"Cass_ND","ND",948.07,879.255,989.6651,1385.5,129.22,302
"569","Casselton_NuSun","2020",46.8871,-97.2305,365,144.667857142857,287.932142857143,216.102564102564,"Cass_ND","ND",1039.215,939.61,1043.3229,1514.245,259.08,292
"570","Casselton_NuSun","2021",46.8871,-97.2305,365,144.667857142857,287.932142857143,216.102564102564,"Cass_ND","ND",1039.26,905.81,1001.14375,1543.355,91.2,296
"571","Casselton_NuSun","2022",46.8871,-97.2305,365,144.667857142857,287.932142857143,216.102564102564,"Cass_ND","ND",998.315,915.985,1018.48875,1511.57,72.49,280
"572","Casselton_NuSun","2023",46.8871,-97.2305,365,144.667857142857,287.932142857143,216.102564102564,"Cass_ND","ND",1035.55,932.15,1033.9207,1586.575,58.94,300
"573","Casselton_Sunwheat-full","1980",46.8871,-97.2305,365,148,NA,205.75,"Cass_ND","ND",969.415,872.105,980.90235,1445.745,134.88,286
"574","Casselton_Sunwheat-full","1981",46.8871,-97.2305,365,148,NA,205.75,"Cass_ND","ND",914.305,857.405,977.47925,1424.07,140.29,294
"575","Casselton_Sunwheat-full","1982",46.8871,-97.2305,365,148,NA,205.75,"Cass_ND","ND",879.87,810.75,926.78675,1345.775,102.04,294
"576","Casselton_Sunwheat-full","1983",46.8871,-97.2305,365,148,NA,205.75,"Cass_ND","ND",1026.215,914.4,1024.18565,1492.64,98.49,287
"577","Casselton_Sunwheat-full","1984",46.8871,-97.2305,365,148,NA,205.75,"Cass_ND","ND",955.925,880.16,986.71955,1448.155,21.35,270
"578","Casselton_Sunwheat-full","1985",46.8871,-97.2305,365,148,NA,205.75,"Cass_ND","ND",842.98,786.64,904.40925,1332.605,105.24,282
"579","Casselton_Sunwheat-full","1986",46.8871,-97.2305,365,148,NA,205.75,"Cass_ND","ND",993.79,917.385,1021.60235,1423.81,203.88,282
"580","Casselton_Sunwheat-full","1987",46.8871,-97.2305,365,148,NA,205.75,"Cass_ND","ND",1075.44,943.565,1046.1793,1485.965,100.09,280
"581","Casselton_Sunwheat-full","1988",46.8871,-97.2305,365,148,NA,205.75,"Cass_ND","ND",1198.19,988.21,1078.3971,1603.805,65.37,278
"582","Casselton_Sunwheat-full","1989",46.8871,-97.2305,365,148,NA,205.75,"Cass_ND","ND",1002.185,881.515,992.05815,1474.58,71.11,276
"583","Casselton_Sunwheat-full","1990",46.8871,-97.2305,365,148,NA,205.75,"Cass_ND","ND",943.22,874.47,980.8379,1448.42,62.27,280
"584","Casselton_Sunwheat-full","1991",46.8871,-97.2305,365,148,NA,205.75,"Cass_ND","ND",1000.47,933.705,1042.6315,1600.745,87.31,288
"585","Casselton_Sunwheat-full","1992",46.8871,-97.2305,365,148,NA,205.75,"Cass_ND","ND",742.635,727.17,865.77975,1260.555,113.21,272
"586","Casselton_Sunwheat-full","1993",46.8871,-97.2305,365,148,NA,205.75,"Cass_ND","ND",757.92,746.645,897.18135,1310.91,243.01,275
"587","Casselton_Sunwheat-full","1994",46.8871,-97.2305,365,148,NA,205.75,"Cass_ND","ND",923.92,877.705,993.36955,1443.525,259.83,304
"588","Casselton_Sunwheat-full","1995",46.8871,-97.2305,365,148,NA,205.75,"Cass_ND","ND",1010.065,924.295,1033.7215,1494.67,185.91,265
"589","Casselton_Sunwheat-full","1996",46.8871,-97.2305,365,148,NA,205.75,"Cass_ND","ND",934.605,869.45,978.464,1434.94,102.5,297
"590","Casselton_Sunwheat-full","1997",46.8871,-97.2305,365,148,NA,205.75,"Cass_ND","ND",987.165,907.32,1013.6315,1406.165,108.68,295
"591","Casselton_Sunwheat-full","1998",46.8871,-97.2305,365,148,NA,205.75,"Cass_ND","ND",923.305,866.99,978.65675,1515.705,100.4,307
"592","Casselton_Sunwheat-full","1999",46.8871,-97.2305,365,148,NA,205.75,"Cass_ND","ND",978.705,899.535,1013.02565,1439.98,148.85,275
"593","Casselton_Sunwheat-full","2000",46.8871,-97.2305,365,148,NA,205.75,"Cass_ND","ND",905.715,842.86,969.1453,1411.48,126.94,282
"594","Casselton_Sunwheat-full","2001",46.8871,-97.2305,365,148,NA,205.75,"Cass_ND","ND",1012.53,916.305,1034.94285,1504.585,144.94,279
"595","Casselton_Sunwheat-full","2002",46.8871,-97.2305,365,148,NA,205.75,"Cass_ND","ND",1052.105,953.255,1059.5104,1489.695,165.23,289
"596","Casselton_Sunwheat-full","2003",46.8871,-97.2305,365,148,NA,205.75,"Cass_ND","ND",940.815,881.605,997.1962,1465.06,60.3,274
"597","Casselton_Sunwheat-full","2004",46.8871,-97.2305,365,148,NA,205.75,"Cass_ND","ND",828.51,789.9,923.3853,1256.015,182.91,278
"598","Casselton_Sunwheat-full","2005",46.8871,-97.2305,365,148,NA,205.75,"Cass_ND","ND",1012.455,932.215,1053.6998,1490.205,134.94,310
"599","Casselton_Sunwheat-full","2006",46.8871,-97.2305,365,148,NA,205.75,"Cass_ND","ND",1076.705,952.48,1049.3593,1539.93,94.66,285
"600","Casselton_Sunwheat-full","2007",46.8871,-97.2305,365,148,NA,205.75,"Cass_ND","ND",1059.615,966.56,1075.43845,1544.45,83.87,307
"601","Casselton_Sunwheat-full","2008",46.8871,-97.2305,365,148,NA,205.75,"Cass_ND","ND",887.95,839.58,958.22145,1378.47,147.83,302
"602","Casselton_Sunwheat-full","2009",46.8871,-97.2305,365,148,NA,205.75,"Cass_ND","ND",822.985,800.445,926.24675,1336.095,97.53,282
"603","Casselton_Sunwheat-full","2010",46.8871,-97.2305,365,148,NA,205.75,"Cass_ND","ND",1003.48,945.96,1055.21235,1523.095,174.34,302
"604","Casselton_Sunwheat-full","2011",46.8871,-97.2305,365,148,NA,205.75,"Cass_ND","ND",1000.415,929.78,1045.79175,1501.715,169.87,293
"605","Casselton_Sunwheat-full","2012",46.8871,-97.2305,365,148,NA,205.75,"Cass_ND","ND",1079.165,951.54,1052.92595,1547.7,52.74,286
"606","Casselton_Sunwheat-full","2013",46.8871,-97.2305,365,148,NA,205.75,"Cass_ND","ND",972.81,906.56,1018.0765,1521.41,38.68,301
"607","Casselton_Sunwheat-full","2014",46.8871,-97.2305,365,148,NA,205.75,"Cass_ND","ND",954.55,906.07,1022.3637,1474.33,70.02,283
"608","Casselton_Sunwheat-full","2015",46.8871,-97.2305,365,148,NA,205.75,"Cass_ND","ND",971.39,911.15,1018.6265,1463.825,149.8,289
"609","Casselton_Sunwheat-full","2016",46.8871,-97.2305,365,148,NA,205.75,"Cass_ND","ND",1009.51,938.49,1045.87345,1556.21,130.72,298
"610","Casselton_Sunwheat-full","2017",46.8871,-97.2305,365,148,NA,205.75,"Cass_ND","ND",962.575,878.105,989.6126,1418.13,98.7,300
"611","Casselton_Sunwheat-full","2018",46.8871,-97.2305,365,148,NA,205.75,"Cass_ND","ND",1034.9,957.015,1057.20625,1563.89,110.26,285
"612","Casselton_Sunwheat-full","2019",46.8871,-97.2305,365,148,NA,205.75,"Cass_ND","ND",995.355,919.055,1027.1115,1385.5,184.12,302
"613","Casselton_Sunwheat-full","2020",46.8871,-97.2305,365,148,NA,205.75,"Cass_ND","ND",1053.085,953.345,1056.40735,1514.245,260.9,292
"614","Casselton_Sunwheat-full","2021",46.8871,-97.2305,365,148,NA,205.75,"Cass_ND","ND",1081.015,941.11,1035.76875,1543.355,45.64,296
"615","Casselton_Sunwheat-full","2022",46.8871,-97.2305,365,148,NA,205.75,"Cass_ND","ND",1031.91,943.385,1048.10485,1511.57,75.91,280
"616","Casselton_Sunwheat-full","2023",46.8871,-97.2305,365,148,NA,205.75,"Cass_ND","ND",1052.555,951.835,1054.82625,1586.575,72.46,300
"617","Cheyenne","1980",41.1388,-103.0018,365,158.008908685969,287.504132231405,225.114914425428,"Cheyenne_NE","NE",1141.94,915.27,1006.00265,1428.95,67.13,285
"618","Cheyenne","1981",41.1388,-103.0018,365,158.008908685969,287.504132231405,225.114914425428,"Cheyenne_NE","NE",1064.91,905.94,998.4932,1410.005,133.3,296
"619","Cheyenne","1982",41.1388,-103.0018,365,158.008908685969,287.504132231405,225.114914425428,"Cheyenne_NE","NE",1003.93,868.255,972.02595,1384.555,128.8,284
"620","Cheyenne","1983",41.1388,-103.0018,365,158.008908685969,287.504132231405,225.114914425428,"Cheyenne_NE","NE",1083.245,902.065,996.57875,1418.945,64.41,263
"621","Cheyenne","1984",41.1388,-103.0018,365,158.008908685969,287.504132231405,225.114914425428,"Cheyenne_NE","NE",1087.26,907.155,996.06655,1494.825,35.15,273
"622","Cheyenne","1985",41.1388,-103.0018,365,158.008908685969,287.504132231405,225.114914425428,"Cheyenne_NE","NE",1036.36,870.365,962.18905,1454.57,78.2,271
"623","Cheyenne","1986",41.1388,-103.0018,365,158.008908685969,287.504132231405,225.114914425428,"Cheyenne_NE","NE",1094.685,908.44,997.8146,1434.86,66.11,285
"624","Cheyenne","1987",41.1388,-103.0018,365,158.008908685969,287.504132231405,225.114914425428,"Cheyenne_NE","NE",1090.86,895.6,986.89765,1452.205,78.76,284
"625","Cheyenne","1988",41.1388,-103.0018,365,171,290,224.521739130435,"Cheyenne_NE","NE",1199.93,964.235,1052.07905,1520.445,31.57,302
"626","Cheyenne","1989",41.1388,-103.0018,365,160,288,227.260869565217,"Cheyenne_NE","NE",1091.505,912.045,1009.6607,1483.055,163.6,292
"627","Cheyenne","1990",41.1388,-103.0018,365,165,287,228.473684210526,"Cheyenne_NE","NE",1082.975,919.63,1015.56625,1481.235,70.39,282
"628","Cheyenne","1991",41.1388,-103.0018,365,158.008908685969,287.504132231405,225.114914425428,"Cheyenne_NE","NE",1091.89,928.98,1020.10265,1562.395,34.05,301
"629","Cheyenne","1992",41.1388,-103.0018,365,158.008908685969,287.504132231405,225.114914425428,"Cheyenne_NE","NE",945.62,865.94,968.51875,1387.575,112.85,290
"630","Cheyenne","1993",41.1388,-103.0018,365,158.008908685969,287.504132231405,225.114914425428,"Cheyenne_NE","NE",974.84,861.92,960.11375,1400.045,113.1,300
"631","Cheyenne","1994",41.1388,-103.0018,365,158.008908685969,287.504132231405,225.114914425428,"Cheyenne_NE","NE",1102.335,926.285,1014.5635,1569.67,40.08,308
"632","Cheyenne","1995",41.1388,-103.0018,365,158.008908685969,287.504132231405,225.114914425428,"Cheyenne_NE","NE",1049.445,869.115,965.8218,1390.895,32.96,297
"633","Cheyenne","1996",41.1388,-103.0018,365,158.008908685969,287.504132231405,225.114914425428,"Cheyenne_NE","NE",1093.385,935.31,1023.52155,1495.165,127.5,292
"634","Cheyenne","1997",41.1388,-103.0018,365,158.008908685969,287.504132231405,225.114914425428,"Cheyenne_NE","NE",1046.815,904.95,1004.7007,1490.79,95.98,298
"635","Cheyenne","1998",41.1388,-103.0018,365,157,273,224.444444444444,"Cheyenne_NE","NE",1019.805,886.615,990.449,1456.885,108.35,314
"636","Cheyenne","1999",41.1388,-103.0018,365,159,287,227.257142857143,"Cheyenne_NE","NE",1074.775,920.365,1023.1254,1477.465,120.15,275
"637","Cheyenne","2000",41.1388,-103.0018,365,154,284,221.125,"Cheyenne_NE","NE",1120.47,898.62,991.97625,1506.62,28.86,281
"638","Cheyenne","2001",41.1388,-103.0018,365,169,299,230.130434782609,"Cheyenne_NE","NE",1208.235,967.235,1056.3521,1496.86,90.29,289
"639","Cheyenne","2002",41.1388,-103.0018,365,161,287,226.666666666667,"Cheyenne_NE","NE",1206.495,957.37,1043.9885,1515.94,116.11,286
"640","Cheyenne","2003",41.1388,-103.0018,365,158.008908685969,287.504132231405,225.114914425428,"Cheyenne_NE","NE",1132.98,921.775,1011.2121,1464.45,88.49,298
"641","Cheyenne","2004",41.1388,-103.0018,365,158.008908685969,287.504132231405,225.114914425428,"Cheyenne_NE","NE",922.44,801.03,910.2362,1341.86,73.03,305
"642","Cheyenne","2005",41.1388,-103.0018,365,148,280,225.114914425428,"Cheyenne_NE","NE",1039.755,854.52,958.4651,1440.95,113.36,279
"643","Cheyenne","2006",41.1388,-103.0018,365,154,290,220.230769230769,"Cheyenne_NE","NE",1208.635,967.515,1057.5621,1535.16,58.21,291
"644","Cheyenne","2007",41.1388,-103.0018,365,152,274,218.285714285714,"Cheyenne_NE","NE",1132.285,937.4,1033.03875,1548.715,79.68,305
"645","Cheyenne","2008",41.1388,-103.0018,365,162,292,228.571428571429,"Cheyenne_NE","NE",1091.99,903.44,996.4607,1407.86,106.26,298
"646","Cheyenne","2009",41.1388,-103.0018,365,151,292,227.318181818182,"Cheyenne_NE","NE",974.325,856.62,962.4176,1416.245,97.26,276
"647","Cheyenne","2010",41.1388,-103.0018,365,152,286,221.894736842105,"Cheyenne_NE","NE",1107.405,926.97,1022.2743,1469.085,49.86,301
"648","Cheyenne","2011",41.1388,-103.0018,365,158,312,230.611111111111,"Cheyenne_NE","NE",1139.335,940.985,1035.59015,1460.595,100.98,292
"649","Cheyenne","2012",41.1388,-103.0018,365,143,289,225.333333333333,"Cheyenne_NE","NE",1198.02,925.4,1015.38905,1536.24,8.08,281
"650","Cheyenne","2013",41.1388,-103.0018,365,171,287.504132231405,219.947368421053,"Cheyenne_NE","NE",1146.06,946.04,1037.5232,1515.7,63.91,289
"651","Cheyenne","2014",41.1388,-103.0018,365,154,287.504132231405,220.125,"Cheyenne_NE","NE",1021.36,865.685,965.10735,1420.125,100.79,302
"652","Cheyenne","2015",41.1388,-103.0018,365,152,287.504132231405,229.4,"Cheyenne_NE","NE",1074.375,914.095,1013.27125,1396.42,23.87,302
"653","Cheyenne","2016",41.1388,-103.0018,365,159,287.504132231405,223.733333333333,"Cheyenne_NE","NE",1162.81,945.34,1037.29015,1445.79,104.79,313
"654","Cheyenne","2017",41.1388,-103.0018,365,153,287.504132231405,226.733333333333,"Cheyenne_NE","NE",1079.88,893.965,988.14015,1421.915,76.26,283
"655","Cheyenne","2018",41.1388,-103.0018,365,152,287.504132231405,225.114914425428,"Cheyenne_NE","NE",1082.4,909.29,1009.03735,1475.78,80.15,287
"656","Cheyenne","2019",41.1388,-103.0018,365,158,287.504132231405,225.114914425428,"Cheyenne_NE","NE",1041.03,891.2,988.37485,1379.415,148.47,283
"657","Cheyenne","2020",41.1388,-103.0018,365,158.008908685969,287.504132231405,225.114914425428,"Cheyenne_NE","NE",1123.565,901.59,990.21905,1457.135,38.12,290
"658","Cheyenne","2021",41.1388,-103.0018,365,158.008908685969,287.504132231405,225.114914425428,"Cheyenne_NE","NE",1145.105,918.8,1006.7135,1460.785,90.63,313
"659","Cheyenne","2022",41.1388,-103.0018,365,158.008908685969,287.504132231405,225.114914425428,"Cheyenne_NE","NE",1205.68,949.815,1037.5435,1501.74,16.41,291
"660","Cheyenne","2023",41.1388,-103.0018,365,158.008908685969,287.504132231405,225.114914425428,"Cheyenne_NE","NE",994.625,869.055,971.69595,1457.34,149.61,300
"661","Cheyenne 1","1980",41.1388,-103.0018,365,168.10447761194,291.850746268657,232.44776119403,"Cheyenne_NE","NE",1159.865,922.945,1010.87155,1428.95,58.2,285
"662","Cheyenne 1","1981",41.1388,-103.0018,365,168.10447761194,291.850746268657,232.44776119403,"Cheyenne_NE","NE",1081.81,914.705,1006.31765,1410.005,74.48,296
"663","Cheyenne 1","1982",41.1388,-103.0018,365,168.10447761194,291.850746268657,232.44776119403,"Cheyenne_NE","NE",1068.55,911.015,1007.2807,1384.555,73.72,284
"664","Cheyenne 1","1983",41.1388,-103.0018,365,168.10447761194,291.850746268657,232.44776119403,"Cheyenne_NE","NE",1158.4,946.005,1035.74765,1418.945,52.99,263
"665","Cheyenne 1","1984",41.1388,-103.0018,365,168.10447761194,291.850746268657,232.44776119403,"Cheyenne_NE","NE",1143.115,940.47,1026.2985,1494.825,51.14,273
"666","Cheyenne 1","1985",41.1388,-103.0018,365,168.10447761194,291.850746268657,232.44776119403,"Cheyenne_NE","NE",1061.445,883.71,973.69405,1454.57,47.83,271
"667","Cheyenne 1","1986",41.1388,-103.0018,365,168.10447761194,291.850746268657,232.44776119403,"Cheyenne_NE","NE",1121.675,928.195,1013.6335,1434.86,72.06,285
"668","Cheyenne 1","1987",41.1388,-103.0018,365,168.10447761194,291.850746268657,232.44776119403,"Cheyenne_NE","NE",1062.565,876.52,972.8718,1452.205,99.07,284
"669","Cheyenne 1","1988",41.1388,-103.0018,365,168.10447761194,291.850746268657,232.44776119403,"Cheyenne_NE","NE",1195.335,955.685,1042.3085,1520.445,57.42,302
"670","Cheyenne 1","1989",41.1388,-103.0018,365,168.10447761194,291.850746268657,232.44776119403,"Cheyenne_NE","NE",1108.51,920.85,1012.84155,1483.055,126.9,292
"671","Cheyenne 1","1990",41.1388,-103.0018,365,168.10447761194,291.850746268657,232.44776119403,"Cheyenne_NE","NE",1079.88,907.31,1001.1957,1481.235,70.88,282
"672","Cheyenne 1","1991",41.1388,-103.0018,365,168.10447761194,291.850746268657,232.44776119403,"Cheyenne_NE","NE",1119.1,937.105,1028.13265,1562.395,34.05,301
"673","Cheyenne 1","1992",41.1388,-103.0018,365,168.10447761194,291.850746268657,232.44776119403,"Cheyenne_NE","NE",957.665,866.785,967.7618,1387.575,105.94,290
"674","Cheyenne 1","1993",41.1388,-103.0018,365,168.10447761194,291.850746268657,232.44776119403,"Cheyenne_NE","NE",1012.115,892.73,987.0246,1400.045,132.92,300
"675","Cheyenne 1","1994",41.1388,-103.0018,365,166,293,229.033333333333,"Cheyenne_NE","NE",1134.965,946.295,1034.62405,1569.67,41.11,308
"676","Cheyenne 1","1995",41.1388,-103.0018,365,179,312,243.941176470588,"Cheyenne_NE","NE",1180.44,946.47,1040.66125,1390.895,27.74,297
"677","Cheyenne 1","1996",41.1388,-103.0018,365,168.10447761194,291.850746268657,232.44776119403,"Cheyenne_NE","NE",1111.935,951.17,1038.48655,1495.165,201.96,292
"678","Cheyenne 1","1997",41.1388,-103.0018,365,162,273,227.8,"Cheyenne_NE","NE",1068.685,922.13,1019.5882,1490.79,95.98,298
"679","Cheyenne 1","1998",41.1388,-103.0018,365,168.10447761194,291.850746268657,232.44776119403,"Cheyenne_NE","NE",1103.065,929.455,1020.7346,1456.885,39.6,314
"680","Cheyenne 1","1999",41.1388,-103.0018,365,168.10447761194,291.850746268657,232.44776119403,"Cheyenne_NE","NE",1116.535,936.86,1028.8146,1477.465,126.55,275
"681","Cheyenne 1","2000",41.1388,-103.0018,365,168.10447761194,291.850746268657,232.44776119403,"Cheyenne_NE","NE",1162.705,924.275,1014.72765,1506.62,21.31,281
"682","Cheyenne 1","2001",41.1388,-103.0018,365,168.10447761194,291.850746268657,232.44776119403,"Cheyenne_NE","NE",1191.785,955.465,1043.36155,1496.86,96.41,289
"683","Cheyenne 1","2002",41.1388,-103.0018,365,168.10447761194,291.850746268657,232.44776119403,"Cheyenne_NE","NE",1212.735,958.485,1044.7835,1515.94,116.11,286
"684","Cheyenne 1","2003",41.1388,-103.0018,365,168.10447761194,291.850746268657,232.44776119403,"Cheyenne_NE","NE",1178.74,937.01,1027.73265,1464.45,65.57,298
"685","Cheyenne 1","2004",41.1388,-103.0018,365,168.10447761194,291.850746268657,232.44776119403,"Cheyenne_NE","NE",923.455,798.305,908.7962,1341.86,86.67,305
"686","Cheyenne 1","2005",41.1388,-103.0018,365,168.10447761194,291.850746268657,232.44776119403,"Cheyenne_NE","NE",1140.575,923.735,1015.3057,1440.95,72.19,279
"687","Cheyenne 1","2006",41.1388,-103.0018,365,168.10447761194,291.850746268657,232.44776119403,"Cheyenne_NE","NE",1175.14,953.31,1044.6296,1535.16,87.69,291
"688","Cheyenne 1","2007",41.1388,-103.0018,365,168.10447761194,291.850746268657,232.44776119403,"Cheyenne_NE","NE",1215.025,983.21,1071.28655,1548.715,64.95,305
"689","Cheyenne 1","2008",41.1388,-103.0018,365,168.10447761194,291.850746268657,232.44776119403,"Cheyenne_NE","NE",1104.69,913.955,1003.88265,1407.86,96.56,298
"690","Cheyenne 1","2009",41.1388,-103.0018,365,168.10447761194,291.850746268657,232.44776119403,"Cheyenne_NE","NE",1042.455,899.915,991.9896,1416.245,81.86,276
"691","Cheyenne 1","2010",41.1388,-103.0018,365,168.10447761194,291.850746268657,232.44776119403,"Cheyenne_NE","NE",1149.125,943.14,1032.2396,1469.085,44.23,301
"692","Cheyenne 1","2011",41.1388,-103.0018,365,168.10447761194,291.850746268657,232.44776119403,"Cheyenne_NE","NE",1194.905,962.65,1052.05155,1460.595,100.98,292
"693","Cheyenne 1","2012",41.1388,-103.0018,365,168.10447761194,291.850746268657,232.44776119403,"Cheyenne_NE","NE",1252.73,946.755,1034.15655,1536.24,8.94,281
"694","Cheyenne 1","2013",41.1388,-103.0018,365,168.10447761194,291.850746268657,232.44776119403,"Cheyenne_NE","NE",1117.625,929.1,1019.36265,1515.7,118.69,289
"695","Cheyenne 1","2014",41.1388,-103.0018,365,168.10447761194,291.850746268657,232.44776119403,"Cheyenne_NE","NE",1075.88,896.27,987.42655,1420.125,95.04,302
"696","Cheyenne 1","2015",41.1388,-103.0018,365,168.10447761194,291.850746268657,232.44776119403,"Cheyenne_NE","NE",1074.595,894.325,987.80015,1396.42,28.11,302
"697","Cheyenne 1","2016",41.1388,-103.0018,365,168.10447761194,291.850746268657,232.44776119403,"Cheyenne_NE","NE",1116.005,913.74,1007.86265,1445.79,88.47,313
"698","Cheyenne 1","2017",41.1388,-103.0018,365,168.10447761194,291.850746268657,232.44776119403,"Cheyenne_NE","NE",1080.295,885.075,978.0896,1421.915,91.39,283
"699","Cheyenne 1","2018",41.1388,-103.0018,365,168.10447761194,291.850746268657,232.44776119403,"Cheyenne_NE","NE",1043.295,882.535,984.1779,1475.78,42.34,287
"700","Cheyenne 1","2019",41.1388,-103.0018,365,168.10447761194,291.850746268657,232.44776119403,"Cheyenne_NE","NE",1075.64,908.505,1001.4957,1379.415,131.33,283
"701","Cheyenne 1","2020",41.1388,-103.0018,365,168.10447761194,291.850746268657,232.44776119403,"Cheyenne_NE","NE",1170.115,923.935,1012.07155,1457.135,36.79,290
"702","Cheyenne 1","2021",41.1388,-103.0018,365,168.10447761194,291.850746268657,232.44776119403,"Cheyenne_NE","NE",1130.265,913.58,1001.4935,1460.785,55.51,313
"703","Cheyenne 1","2022",41.1388,-103.0018,365,168.10447761194,291.850746268657,232.44776119403,"Cheyenne_NE","NE",1207.835,954.35,1042.0135,1501.74,15.97,291
"704","Cheyenne 1","2023",41.1388,-103.0018,365,168.10447761194,291.850746268657,232.44776119403,"Cheyenne_NE","NE",1068.2,907.815,1004.5868,1457.34,154.97,300
"705","Cheyenne 2","1980",41.1388,-103.0018,365,167.896551724138,290.827586206897,232.655172413793,"Cheyenne_NE","NE",1157.655,920.735,1009.35155,1428.95,58.2,285
"706","Cheyenne 2","1981",41.1388,-103.0018,365,167.896551724138,290.827586206897,232.655172413793,"Cheyenne_NE","NE",1081,913.18,1004.79265,1410.005,74.48,296
"707","Cheyenne 2","1982",41.1388,-103.0018,365,167.896551724138,290.827586206897,232.655172413793,"Cheyenne_NE","NE",1064.01,908.715,1006.42375,1384.555,73.72,284
"708","Cheyenne 2","1983",41.1388,-103.0018,365,167.896551724138,290.827586206897,232.655172413793,"Cheyenne_NE","NE",1150.815,940.94,1031.84765,1418.945,52.99,263
"709","Cheyenne 2","1984",41.1388,-103.0018,365,167.896551724138,290.827586206897,232.655172413793,"Cheyenne_NE","NE",1140.42,939.625,1025.4535,1494.825,51.14,273
"710","Cheyenne 2","1985",41.1388,-103.0018,365,167.896551724138,290.827586206897,232.655172413793,"Cheyenne_NE","NE",1056.87,883.45,973.43405,1454.57,47.83,271
"711","Cheyenne 2","1986",41.1388,-103.0018,365,167.896551724138,290.827586206897,232.655172413793,"Cheyenne_NE","NE",1125.655,929.21,1014.6485,1434.86,72.06,285
"712","Cheyenne 2","1987",41.1388,-103.0018,365,167.896551724138,290.827586206897,232.655172413793,"Cheyenne_NE","NE",1067.1,878.31,973.21875,1452.205,99.07,284
"713","Cheyenne 2","1988",41.1388,-103.0018,365,167.896551724138,290.827586206897,232.655172413793,"Cheyenne_NE","NE",1195.25,955.13,1041.7535,1520.445,57.42,302
"714","Cheyenne 2","1989",41.1388,-103.0018,365,167.896551724138,290.827586206897,232.655172413793,"Cheyenne_NE","NE",1110.12,922.14,1014.13155,1483.055,126.9,292
"715","Cheyenne 2","1990",41.1388,-103.0018,365,167.896551724138,290.827586206897,232.655172413793,"Cheyenne_NE","NE",1076.89,906.58,1000.4657,1481.235,70.88,282
"716","Cheyenne 2","1991",41.1388,-103.0018,365,167.896551724138,290.827586206897,232.655172413793,"Cheyenne_NE","NE",1115.705,935.675,1026.70265,1562.395,34.05,301
"717","Cheyenne 2","1992",41.1388,-103.0018,365,167.896551724138,290.827586206897,232.655172413793,"Cheyenne_NE","NE",963.245,872.365,972.58875,1387.575,105.94,290
"718","Cheyenne 2","1993",41.1388,-103.0018,365,167.896551724138,290.827586206897,232.655172413793,"Cheyenne_NE","NE",1007.385,888,983.40765,1400.045,132.92,300
"719","Cheyenne 2","1994",41.1388,-103.0018,365,166,299,229.75,"Cheyenne_NE","NE",1134.965,946.295,1034.62405,1569.67,41.11,308
"720","Cheyenne 2","1995",41.1388,-103.0018,365,181,310,243.166666666667,"Cheyenne_NE","NE",1178.73,944.76,1038.95125,1390.895,27.74,297
"721","Cheyenne 2","1996",41.1388,-103.0018,365,167.896551724138,290.827586206897,232.655172413793,"Cheyenne_NE","NE",1110.955,951.45,1038.76655,1495.165,201.96,292
"722","Cheyenne 2","1997",41.1388,-103.0018,365,161,274,227.974358974359,"Cheyenne_NE","NE",1065.165,920.59,1019.0332,1490.79,95.98,298
"723","Cheyenne 2","1998",41.1388,-103.0018,365,167.896551724138,290.827586206897,232.655172413793,"Cheyenne_NE","NE",1094.78,923.88,1016.60265,1456.885,39.6,314
"724","Cheyenne 2","1999",41.1388,-103.0018,365,167.896551724138,290.827586206897,232.655172413793,"Cheyenne_NE","NE",1108.33,933.515,1025.9846,1477.465,126.55,275
"725","Cheyenne 2","2000",41.1388,-103.0018,365,167.896551724138,290.827586206897,232.655172413793,"Cheyenne_NE","NE",1151.68,917.4,1009.2957,1506.62,21.31,281
"726","Cheyenne 2","2001",41.1388,-103.0018,365,167.896551724138,290.827586206897,232.655172413793,"Cheyenne_NE","NE",1191.335,954.925,1042.82155,1496.86,96.41,289
"727","Cheyenne 2","2002",41.1388,-103.0018,365,167.896551724138,290.827586206897,232.655172413793,"Cheyenne_NE","NE",1214.725,957.475,1043.7735,1515.94,116.11,286
"728","Cheyenne 2","2003",41.1388,-103.0018,365,167.896551724138,290.827586206897,232.655172413793,"Cheyenne_NE","NE",1174.675,937.11,1027.83265,1464.45,65.57,298
"729","Cheyenne 2","2004",41.1388,-103.0018,365,167.896551724138,290.827586206897,232.655172413793,"Cheyenne_NE","NE",917.115,793.675,905.60925,1341.86,86.67,305
"730","Cheyenne 2","2005",41.1388,-103.0018,365,167.896551724138,290.827586206897,232.655172413793,"Cheyenne_NE","NE",1142.19,925.36,1016.9307,1440.95,72.19,279
"731","Cheyenne 2","2006",41.1388,-103.0018,365,167.896551724138,290.827586206897,232.655172413793,"Cheyenne_NE","NE",1178.53,954.755,1044.7196,1535.16,87.69,291
"732","Cheyenne 2","2007",41.1388,-103.0018,365,167.896551724138,290.827586206897,232.655172413793,"Cheyenne_NE","NE",1213.015,983.13,1071.20655,1548.715,64.95,305
"733","Cheyenne 2","2008",41.1388,-103.0018,365,167.896551724138,290.827586206897,232.655172413793,"Cheyenne_NE","NE",1100.15,911.15,1002.43265,1407.86,96.56,298
"734","Cheyenne 2","2009",41.1388,-103.0018,365,167.896551724138,290.827586206897,232.655172413793,"Cheyenne_NE","NE",1041.765,899.075,991.1496,1416.245,81.86,276
"735","Cheyenne 2","2010",41.1388,-103.0018,365,167.896551724138,290.827586206897,232.655172413793,"Cheyenne_NE","NE",1147.32,944.25,1033.3496,1469.085,44.23,301
"736","Cheyenne 2","2011",41.1388,-103.0018,365,167.896551724138,290.827586206897,232.655172413793,"Cheyenne_NE","NE",1185.18,957.585,1048.34655,1460.595,100.98,292
"737","Cheyenne 2","2012",41.1388,-103.0018,365,167.896551724138,290.827586206897,232.655172413793,"Cheyenne_NE","NE",1252.7,946.615,1034.01655,1536.24,8.94,281
"738","Cheyenne 2","2013",41.1388,-103.0018,365,167.896551724138,290.827586206897,232.655172413793,"Cheyenne_NE","NE",1110.58,925.88,1016.14265,1515.7,118.69,289
"739","Cheyenne 2","2014",41.1388,-103.0018,365,167.896551724138,290.827586206897,232.655172413793,"Cheyenne_NE","NE",1077.65,895.745,986.90155,1420.125,95.04,302
"740","Cheyenne 2","2015",41.1388,-103.0018,365,167.896551724138,290.827586206897,232.655172413793,"Cheyenne_NE","NE",1070.55,894.515,987.99015,1396.42,28.11,302
"741","Cheyenne 2","2016",41.1388,-103.0018,365,167.896551724138,290.827586206897,232.655172413793,"Cheyenne_NE","NE",1125.26,917.805,1011.86265,1445.79,88.47,313
"742","Cheyenne 2","2017",41.1388,-103.0018,365,167.896551724138,290.827586206897,232.655172413793,"Cheyenne_NE","NE",1077.2,885.35,978.9696,1421.915,91.39,283
"743","Cheyenne 2","2018",41.1388,-103.0018,365,167.896551724138,290.827586206897,232.655172413793,"Cheyenne_NE","NE",1036.775,880.945,984.03095,1475.78,42.34,287
"744","Cheyenne 2","2019",41.1388,-103.0018,365,167.896551724138,290.827586206897,232.655172413793,"Cheyenne_NE","NE",1075.63,908.495,1001.4657,1379.415,131.33,283
"745","Cheyenne 2","2020",41.1388,-103.0018,365,167.896551724138,290.827586206897,232.655172413793,"Cheyenne_NE","NE",1169.05,923.675,1011.81155,1457.135,36.79,290
"746","Cheyenne 2","2021",41.1388,-103.0018,365,167.896551724138,290.827586206897,232.655172413793,"Cheyenne_NE","NE",1131.57,913.125,1001.0385,1460.785,55.51,313
"747","Cheyenne 2","2022",41.1388,-103.0018,365,167.896551724138,290.827586206897,232.655172413793,"Cheyenne_NE","NE",1210.31,953.915,1041.5785,1501.74,15.97,291
"748","Cheyenne 2","2023",41.1388,-103.0018,365,167.896551724138,290.827586206897,232.655172413793,"Cheyenne_NE","NE",1065.705,905.415,1003.2468,1457.34,154.97,300
"749","Cheyenne continuous cropping","1980",41.1388,-103.0018,365,165,287,228.8,"Cheyenne_NE","NE",1167.48,932.04,1021.8771,1428.95,58.2,285
"750","Cheyenne continuous cropping","1981",41.1388,-103.0018,365,165,287,228.8,"Cheyenne_NE","NE",1076.175,914.935,1009.42875,1410.005,77.14,296
"751","Cheyenne continuous cropping","1982",41.1388,-103.0018,365,165,287,228.8,"Cheyenne_NE","NE",1067.925,914.04,1015.4904,1384.555,146.44,284
"752","Cheyenne continuous cropping","1983",41.1388,-103.0018,365,165,287,228.8,"Cheyenne_NE","NE",1144.485,941.92,1035.26625,1418.945,52.99,263
"753","Cheyenne continuous cropping","1984",41.1388,-103.0018,365,165,287,228.8,"Cheyenne_NE","NE",1150.935,951.215,1038.26405,1494.825,45.25,273
"754","Cheyenne continuous cropping","1985",41.1388,-103.0018,365,165,287,228.8,"Cheyenne_NE","NE",1076.355,898.36,989.5646,1454.57,75.72,271
"755","Cheyenne continuous cropping","1986",41.1388,-103.0018,365,165,287,228.8,"Cheyenne_NE","NE",1138.16,939.285,1025.94405,1434.86,68.53,285
"756","Cheyenne continuous cropping","1987",41.1388,-103.0018,365,165,287,228.8,"Cheyenne_NE","NE",1097.745,898.93,992.89125,1452.205,90.33,284
"757","Cheyenne continuous cropping","1988",41.1388,-103.0018,365,165,287,228.8,"Cheyenne_NE","NE",1204.63,966.695,1054.55405,1520.445,52.89,302
"758","Cheyenne continuous cropping","1989",41.1388,-103.0018,365,165,287,228.8,"Cheyenne_NE","NE",1110.21,923.9,1017.1396,1483.055,163.6,292
"759","Cheyenne continuous cropping","1990",41.1388,-103.0018,365,165,287,228.8,"Cheyenne_NE","NE",1082.975,919.63,1015.56625,1481.235,70.39,282
"760","Cheyenne continuous cropping","1991",41.1388,-103.0018,365,165,287,228.8,"Cheyenne_NE","NE",1119.335,945.56,1037.8082,1562.395,34.05,301
"761","Cheyenne continuous cropping","1992",41.1388,-103.0018,365,165,287,228.8,"Cheyenne_NE","NE",981.825,890.475,991.67625,1387.575,112.98,290
"762","Cheyenne continuous cropping","1993",41.1388,-103.0018,365,165,287,228.8,"Cheyenne_NE","NE",1015.17,896.695,993.3232,1400.045,109.31,300
"763","Cheyenne continuous cropping","1994",41.1388,-103.0018,365,165,287,228.8,"Cheyenne_NE","NE",1134.91,946.38,1034.70905,1569.67,41.11,308
"764","Cheyenne continuous cropping","1995",41.1388,-103.0018,365,165,287,228.8,"Cheyenne_NE","NE",1129.63,924.015,1019.47625,1390.895,32.96,297
"765","Cheyenne continuous cropping","1996",41.1388,-103.0018,365,165,287,228.8,"Cheyenne_NE","NE",1121.345,962.735,1052.2071,1495.165,119.46,292
"766","Cheyenne continuous cropping","1997",41.1388,-103.0018,365,165,287,228.8,"Cheyenne_NE","NE",1084.865,928.23,1023.2182,1490.79,87.22,298
"767","Cheyenne continuous cropping","1998",41.1388,-103.0018,365,165,287,228.8,"Cheyenne_NE","NE",1088.75,922.965,1021.1693,1456.885,42.84,314
"768","Cheyenne continuous cropping","1999",41.1388,-103.0018,365,165,287,228.8,"Cheyenne_NE","NE",1099.905,932.455,1030.0043,1477.465,120.15,275
"769","Cheyenne continuous cropping","2000",41.1388,-103.0018,365,165,287,228.8,"Cheyenne_NE","NE",1151.875,923.535,1016.65125,1506.62,26.82,281
"770","Cheyenne continuous cropping","2001",41.1388,-103.0018,365,165,287,228.8,"Cheyenne_NE","NE",1189.425,957.07,1045.72515,1496.86,66.55,289
"771","Cheyenne continuous cropping","2002",41.1388,-103.0018,365,165,287,228.8,"Cheyenne_NE","NE",1222.96,965.085,1051.3835,1515.94,116.11,286
"772","Cheyenne continuous cropping","2003",41.1388,-103.0018,365,165,287,228.8,"Cheyenne_NE","NE",1180.67,946.495,1038.4382,1464.45,78.25,298
"773","Cheyenne continuous cropping","2004",41.1388,-103.0018,365,165,287,228.8,"Cheyenne_NE","NE",929.38,804.4,917.5548,1341.86,93.22,305
"774","Cheyenne continuous cropping","2005",41.1388,-103.0018,365,165,287,228.8,"Cheyenne_NE","NE",1147.305,932.295,1025.43625,1440.95,72.19,279
"775","Cheyenne continuous cropping","2006",41.1388,-103.0018,365,165,287,228.8,"Cheyenne_NE","NE",1199.475,970.87,1060.9171,1535.16,87.69,291
"776","Cheyenne continuous cropping","2007",41.1388,-103.0018,365,165,287,228.8,"Cheyenne_NE","NE",1225.79,993.865,1083.9271,1548.715,93.58,305
"777","Cheyenne continuous cropping","2008",41.1388,-103.0018,365,165,287,228.8,"Cheyenne_NE","NE",1109.395,917.57,1009.4632,1407.86,106.26,298
"778","Cheyenne continuous cropping","2009",41.1388,-103.0018,365,165,287,228.8,"Cheyenne_NE","NE",1045.345,904.49,998.37515,1416.245,97.26,276
"779","Cheyenne continuous cropping","2010",41.1388,-103.0018,365,165,287,228.8,"Cheyenne_NE","NE",1155.995,952.515,1044.2782,1469.085,44.23,301
"780","Cheyenne continuous cropping","2011",41.1388,-103.0018,365,165,287,228.8,"Cheyenne_NE","NE",1187.64,966.175,1058.1571,1460.595,96.5,292
"781","Cheyenne continuous cropping","2012",41.1388,-103.0018,365,165,287,228.8,"Cheyenne_NE","NE",1269.935,958.525,1047.1471,1536.24,13.57,281
"782","Cheyenne continuous cropping","2013",41.1388,-103.0018,365,165,287,228.8,"Cheyenne_NE","NE",1119.015,937.375,1028.8582,1515.7,116.91,289
"783","Cheyenne continuous cropping","2014",41.1388,-103.0018,365,165,287,228.8,"Cheyenne_NE","NE",1086.745,904.61,997.6321,1420.125,108.11,302
"784","Cheyenne continuous cropping","2015",41.1388,-103.0018,365,165,287,228.8,"Cheyenne_NE","NE",1085.21,913.29,1009.6657,1396.42,23.87,302
"785","Cheyenne continuous cropping","2016",41.1388,-103.0018,365,165,287,228.8,"Cheyenne_NE","NE",1143.095,931.67,1025.50515,1445.79,103.81,313
"786","Cheyenne continuous cropping","2017",41.1388,-103.0018,365,165,287,228.8,"Cheyenne_NE","NE",1087.01,893.16,988.00015,1421.915,87.59,283
"787","Cheyenne continuous cropping","2018",41.1388,-103.0018,365,165,287,228.8,"Cheyenne_NE","NE",1060.595,899.7,1004.0065,1475.78,72.5,287
"788","Cheyenne continuous cropping","2019",41.1388,-103.0018,365,165,287,228.8,"Cheyenne_NE","NE",1082.735,916.74,1010.93125,1379.415,148.24,283
"789","Cheyenne continuous cropping","2020",41.1388,-103.0018,365,165,287,228.8,"Cheyenne_NE","NE",1181.88,935.865,1025.2221,1457.135,38.12,290
"790","Cheyenne continuous cropping","2021",41.1388,-103.0018,365,165,287,228.8,"Cheyenne_NE","NE",1158.26,929.455,1018.58905,1460.785,90.63,313
"791","Cheyenne continuous cropping","2022",41.1388,-103.0018,365,165,287,228.8,"Cheyenne_NE","NE",1218.85,964.41,1053.29405,1501.74,21.8,291
"792","Cheyenne continuous cropping","2023",41.1388,-103.0018,365,165,287,228.8,"Cheyenne_NE","NE",1064.875,909.05,1008.21235,1457.34,154.97,300
"793","Cheyenne_Nusun","1980",41.1388,-103.0018,365,165.552631578947,294.092105263158,229.355263157895,"Cheyenne_NE","NE",1152.005,919.685,1008.30155,1428.95,58.2,285
"794","Cheyenne_Nusun","1981",41.1388,-103.0018,365,165.552631578947,294.092105263158,229.355263157895,"Cheyenne_NE","NE",1066.905,905.665,997.49515,1410.005,77.14,296
"795","Cheyenne_Nusun","1982",41.1388,-103.0018,365,165.552631578947,294.092105263158,229.355263157895,"Cheyenne_NE","NE",1057.14,903.255,1002.0418,1384.555,130.86,284
"796","Cheyenne_Nusun","1983",41.1388,-103.0018,365,165.552631578947,294.092105263158,229.355263157895,"Cheyenne_NE","NE",1137.04,934.245,1025.15765,1418.945,52.99,263
"797","Cheyenne_Nusun","1984",41.1388,-103.0018,365,165.552631578947,294.092105263158,229.355263157895,"Cheyenne_NE","NE",1137.67,938.38,1024.2085,1494.825,46.59,273
"798","Cheyenne_Nusun","1985",41.1388,-103.0018,365,165.552631578947,294.092105263158,229.355263157895,"Cheyenne_NE","NE",1063.155,886.855,976.83905,1454.57,75.72,271
"799","Cheyenne_Nusun","1986",41.1388,-103.0018,365,165.552631578947,294.092105263158,229.355263157895,"Cheyenne_NE","NE",1125.29,927.955,1013.3935,1434.86,68.53,285
"800","Cheyenne_Nusun","1987",41.1388,-103.0018,365,165.552631578947,294.092105263158,229.355263157895,"Cheyenne_NE","NE",1081.665,886.04,978.7807,1452.205,95.2,284
"801","Cheyenne_Nusun","1988",41.1388,-103.0018,365,165.552631578947,294.092105263158,229.355263157895,"Cheyenne_NE","NE",1191.065,954.6,1041.2385,1520.445,55.49,302
"802","Cheyenne_Nusun","1989",41.1388,-103.0018,365,165.552631578947,294.092105263158,229.355263157895,"Cheyenne_NE","NE",1103.335,916.83,1007.601,1483.055,163.6,292
"803","Cheyenne_Nusun","1990",41.1388,-103.0018,365,165.552631578947,294.092105263158,229.355263157895,"Cheyenne_NE","NE",1071.045,907.7,1002.1707,1481.235,70.39,282
"804","Cheyenne_Nusun","1991",41.1388,-103.0018,365,165.552631578947,294.092105263158,229.355263157895,"Cheyenne_NE","NE",1104.685,932.59,1023.61765,1562.395,34.05,301
"805","Cheyenne_Nusun","1992",41.1388,-103.0018,365,165.552631578947,294.092105263158,229.355263157895,"Cheyenne_NE","NE",968.575,877.695,977.6757,1387.575,112.98,290
"806","Cheyenne_Nusun","1993",41.1388,-103.0018,365,165.552631578947,294.092105263158,229.355263157895,"Cheyenne_NE","NE",1004.075,886.68,982.08765,1400.045,109.31,300
"807","Cheyenne_Nusun","1994",41.1388,-103.0018,365,165.552631578947,294.092105263158,229.355263157895,"Cheyenne_NE","NE",1115.835,932.16,1019.2685,1569.67,41.11,308
"808","Cheyenne_Nusun","1995",41.1388,-103.0018,365,165.552631578947,294.092105263158,229.355263157895,"Cheyenne_NE","NE",1112.54,910.735,1004.9757,1390.895,32.96,297
"809","Cheyenne_Nusun","1996",41.1388,-103.0018,365,165.552631578947,294.092105263158,229.355263157895,"Cheyenne_NE","NE",1106.695,950.135,1038.38655,1495.165,130.06,292
"810","Cheyenne_Nusun","1997",41.1388,-103.0018,365,165.552631578947,294.092105263158,229.355263157895,"Cheyenne_NE","NE",1072.64,916.22,1009.98765,1490.79,87.22,298
"811","Cheyenne_Nusun","1998",41.1388,-103.0018,365,165.552631578947,294.092105263158,229.355263157895,"Cheyenne_NE","NE",1079.65,913.865,1009.4057,1456.885,42.84,314
"812","Cheyenne_Nusun","1999",41.1388,-103.0018,365,165.552631578947,294.092105263158,229.355263157895,"Cheyenne_NE","NE",1090.93,923.48,1018.3657,1477.465,120.15,275
"813","Cheyenne_Nusun","2000",41.1388,-103.0018,365,165.552631578947,294.092105263158,229.355263157895,"Cheyenne_NE","NE",1139.42,911.29,1003.1857,1506.62,26.82,281
"814","Cheyenne_Nusun","2001",41.1388,-103.0018,365,169.871794871795,299.871794871795,231.871794871795,"Cheyenne_NE","NE",1193.98,955.23,1043.12655,1496.86,96.41,289
"815","Cheyenne_Nusun","2002",41.1388,-103.0018,365,161,288,226.702702702703,"Cheyenne_NE","NE",1206.495,957.37,1043.9885,1515.94,116.11,286
"816","Cheyenne_Nusun","2003",41.1388,-103.0018,365,165.552631578947,294.092105263158,229.355263157895,"Cheyenne_NE","NE",1166.84,933.625,1024.34765,1464.45,71.94,298
"817","Cheyenne_Nusun","2004",41.1388,-103.0018,365,165.552631578947,294.092105263158,229.355263157895,"Cheyenne_NE","NE",916.395,793.425,905.35925,1341.86,93.22,305
"818","Cheyenne_Nusun","2005",41.1388,-103.0018,365,165.552631578947,294.092105263158,229.355263157895,"Cheyenne_NE","NE",1138.015,923,1014.5707,1440.95,72.19,279
"819","Cheyenne_Nusun","2006",41.1388,-103.0018,365,165.552631578947,294.092105263158,229.355263157895,"Cheyenne_NE","NE",1176.99,955.33,1044.15655,1535.16,87.69,291
"820","Cheyenne_Nusun","2007",41.1388,-103.0018,365,165.552631578947,294.092105263158,229.355263157895,"Cheyenne_NE","NE",1215.23,983.305,1071.38155,1548.715,69.22,305
"821","Cheyenne_Nusun","2008",41.1388,-103.0018,365,165.552631578947,294.092105263158,229.355263157895,"Cheyenne_NE","NE",1099.925,907.92,999.20265,1407.86,106.26,298
"822","Cheyenne_Nusun","2009",41.1388,-103.0018,365,165.552631578947,294.092105263158,229.355263157895,"Cheyenne_NE","NE",1033.795,892.94,985.0146,1416.245,92.03,276
"823","Cheyenne_Nusun","2010",41.1388,-103.0018,365,165.552631578947,294.092105263158,229.355263157895,"Cheyenne_NE","NE",1148.125,944.645,1033.7446,1469.085,44.23,301
"824","Cheyenne_Nusun","2011",41.1388,-103.0018,365,165.552631578947,294.092105263158,229.355263157895,"Cheyenne_NE","NE",1175.44,953.98,1044.74155,1460.595,96.5,292
"825","Cheyenne_Nusun","2012",41.1388,-103.0018,365,165.552631578947,294.092105263158,229.355263157895,"Cheyenne_NE","NE",1253.375,946.805,1034.20655,1536.24,13.57,281
"826","Cheyenne_Nusun","2013",41.1388,-103.0018,365,165.552631578947,294.092105263158,229.355263157895,"Cheyenne_NE","NE",1104.135,924.795,1015.05765,1515.7,116.91,289
"827","Cheyenne_Nusun","2014",41.1388,-103.0018,365,165.552631578947,294.092105263158,229.355263157895,"Cheyenne_NE","NE",1075.21,893.075,984.37155,1420.125,108.11,302
"828","Cheyenne_Nusun","2015",41.1388,-103.0018,365,165.552631578947,294.092105263158,229.355263157895,"Cheyenne_NE","NE",1070.535,900.07,995.22515,1396.42,23.87,302
"829","Cheyenne_Nusun","2016",41.1388,-103.0018,365,165.552631578947,294.092105263158,229.355263157895,"Cheyenne_NE","NE",1129.24,919.2,1011.8146,1445.79,105.54,313
"830","Cheyenne_Nusun","2017",41.1388,-103.0018,365,165.552631578947,294.092105263158,229.355263157895,"Cheyenne_NE","NE",1074.635,882.735,976.3546,1421.915,88.32,283
"831","Cheyenne_Nusun","2018",41.1388,-103.0018,365,165.552631578947,294.092105263158,229.355263157895,"Cheyenne_NE","NE",1041.83,886.595,989.68095,1475.78,54.87,287
"832","Cheyenne_Nusun","2019",41.1388,-103.0018,365,165.552631578947,294.092105263158,229.355263157895,"Cheyenne_NE","NE",1070.125,905.345,998.3157,1379.415,132.67,283
"833","Cheyenne_Nusun","2020",41.1388,-103.0018,365,165.552631578947,294.092105263158,229.355263157895,"Cheyenne_NE","NE",1165.87,923.3,1011.43655,1457.135,36.79,290
"834","Cheyenne_Nusun","2021",41.1388,-103.0018,365,165.552631578947,294.092105263158,229.355263157895,"Cheyenne_NE","NE",1139.155,915.35,1003.2635,1460.785,90.63,313
"835","Cheyenne_Nusun","2022",41.1388,-103.0018,365,165.552631578947,294.092105263158,229.355263157895,"Cheyenne_NE","NE",1206.33,952.19,1039.8535,1501.74,18.94,291
"836","Cheyenne_Nusun","2023",41.1388,-103.0018,365,165.552631578947,294.092105263158,229.355263157895,"Cheyenne_NE","NE",1054.4,898.575,996.4068,1457.34,154.97,300
"837","Cheyenne_WFS","1980",41.1388,-103.0018,365,165,290,230.588235294118,"Cheyenne_NE","NE",1167.48,932.04,1021.8771,1428.95,58.2,285
"838","Cheyenne_WFS","1981",41.1388,-103.0018,365,165,290,230.588235294118,"Cheyenne_NE","NE",1076.175,914.935,1009.42875,1410.005,77.14,296
"839","Cheyenne_WFS","1982",41.1388,-103.0018,365,165,290,230.588235294118,"Cheyenne_NE","NE",1067.925,914.04,1015.4904,1384.555,79.2,284
"840","Cheyenne_WFS","1983",41.1388,-103.0018,365,165,290,230.588235294118,"Cheyenne_NE","NE",1144.485,941.92,1035.26625,1418.945,52.99,263
"841","Cheyenne_WFS","1984",41.1388,-103.0018,365,165,290,230.588235294118,"Cheyenne_NE","NE",1150.935,951.215,1038.26405,1494.825,51.14,273
"842","Cheyenne_WFS","1985",41.1388,-103.0018,365,165,290,230.588235294118,"Cheyenne_NE","NE",1076.355,898.36,989.5646,1454.57,72.3,271
"843","Cheyenne_WFS","1986",41.1388,-103.0018,365,165,290,230.588235294118,"Cheyenne_NE","NE",1138.16,939.285,1025.94405,1434.86,68.53,285
"844","Cheyenne_WFS","1987",41.1388,-103.0018,365,165,290,230.588235294118,"Cheyenne_NE","NE",1097.745,898.93,992.89125,1452.205,99.07,284
"845","Cheyenne_WFS","1988",41.1388,-103.0018,365,165,290,230.588235294118,"Cheyenne_NE","NE",1204.63,966.695,1054.55405,1520.445,55.49,302
"846","Cheyenne_WFS","1989",41.1388,-103.0018,365,165,290,230.588235294118,"Cheyenne_NE","NE",1110.21,923.9,1017.1396,1483.055,163.6,292
"847","Cheyenne_WFS","1990",41.1388,-103.0018,365,165,290,230.588235294118,"Cheyenne_NE","NE",1082.975,919.63,1015.56625,1481.235,79.73,282
"848","Cheyenne_WFS","1991",41.1388,-103.0018,365,165,290,230.588235294118,"Cheyenne_NE","NE",1119.335,945.56,1037.8082,1562.395,34.05,301
"849","Cheyenne_WFS","1992",41.1388,-103.0018,365,165,290,230.588235294118,"Cheyenne_NE","NE",981.825,890.475,991.67625,1387.575,112.98,290
"850","Cheyenne_WFS","1993",41.1388,-103.0018,365,165,290,230.588235294118,"Cheyenne_NE","NE",1015.17,896.695,993.3232,1400.045,109.31,300
"851","Cheyenne_WFS","1994",41.1388,-103.0018,365,165,290,230.588235294118,"Cheyenne_NE","NE",1134.91,946.38,1034.70905,1569.67,41.11,308
"852","Cheyenne_WFS","1995",41.1388,-103.0018,365,165,290,230.588235294118,"Cheyenne_NE","NE",1129.63,924.015,1019.47625,1390.895,32.96,297
"853","Cheyenne_WFS","1996",41.1388,-103.0018,365,165,290,230.588235294118,"Cheyenne_NE","NE",1121.345,962.735,1052.2071,1495.165,136.05,292
"854","Cheyenne_WFS","1997",41.1388,-103.0018,365,165,290,230.588235294118,"Cheyenne_NE","NE",1084.865,928.23,1023.2182,1490.79,75.66,298
"855","Cheyenne_WFS","1998",41.1388,-103.0018,365,165,290,230.588235294118,"Cheyenne_NE","NE",1088.75,922.965,1021.1693,1456.885,42.84,314
"856","Cheyenne_WFS","1999",41.1388,-103.0018,365,165,290,230.588235294118,"Cheyenne_NE","NE",1099.905,932.455,1030.0043,1477.465,119.07,275
"857","Cheyenne_WFS","2000",41.1388,-103.0018,365,165,290,230.588235294118,"Cheyenne_NE","NE",1151.875,923.535,1016.65125,1506.62,21.31,281
"858","Cheyenne_WFS","2001",41.1388,-103.0018,365,165,290,230.588235294118,"Cheyenne_NE","NE",1189.425,957.07,1045.72515,1496.86,90.29,289
"859","Cheyenne_WFS","2002",41.1388,-103.0018,365,165,290,230.588235294118,"Cheyenne_NE","NE",1222.96,965.085,1051.3835,1515.94,116.11,286
"860","Cheyenne_WFS","2003",41.1388,-103.0018,365,165,290,230.588235294118,"Cheyenne_NE","NE",1180.67,946.495,1038.4382,1464.45,69.62,298
"861","Cheyenne_WFS","2004",41.1388,-103.0018,365,165,290,230.588235294118,"Cheyenne_NE","NE",929.38,804.4,917.5548,1341.86,93.22,305
"862","Cheyenne_WFS","2005",41.1388,-103.0018,365,165,290,230.588235294118,"Cheyenne_NE","NE",1147.305,932.295,1025.43625,1440.95,72.19,279
"863","Cheyenne_WFS","2006",41.1388,-103.0018,365,165,290,230.588235294118,"Cheyenne_NE","NE",1199.475,970.87,1060.9171,1535.16,87.69,291
"864","Cheyenne_WFS","2007",41.1388,-103.0018,365,165,290,230.588235294118,"Cheyenne_NE","NE",1225.79,993.865,1083.9271,1548.715,64.95,305
"865","Cheyenne_WFS","2008",41.1388,-103.0018,365,165,290,230.588235294118,"Cheyenne_NE","NE",1109.395,917.57,1009.4632,1407.86,97.49,298
"866","Cheyenne_WFS","2009",41.1388,-103.0018,365,165,290,230.588235294118,"Cheyenne_NE","NE",1045.345,904.49,998.37515,1416.245,83.56,276
"867","Cheyenne_WFS","2010",41.1388,-103.0018,365,165,290,230.588235294118,"Cheyenne_NE","NE",1155.995,952.515,1044.2782,1469.085,44.23,301
"868","Cheyenne_WFS","2011",41.1388,-103.0018,365,165,290,230.588235294118,"Cheyenne_NE","NE",1187.64,966.175,1058.1571,1460.595,100.98,292
"869","Cheyenne_WFS","2012",41.1388,-103.0018,365,165,290,230.588235294118,"Cheyenne_NE","NE",1269.935,958.525,1047.1471,1536.24,11.43,281
"870","Cheyenne_WFS","2013",41.1388,-103.0018,365,165,290,230.588235294118,"Cheyenne_NE","NE",1119.015,937.375,1028.8582,1515.7,115.43,289
"871","Cheyenne_WFS","2014",41.1388,-103.0018,365,165,290,230.588235294118,"Cheyenne_NE","NE",1086.745,904.61,997.6321,1420.125,108.11,302
"872","Cheyenne_WFS","2015",41.1388,-103.0018,365,165,290,230.588235294118,"Cheyenne_NE","NE",1085.21,913.29,1009.6657,1396.42,26.67,302
"873","Cheyenne_WFS","2016",41.1388,-103.0018,365,165,290,230.588235294118,"Cheyenne_NE","NE",1143.095,931.67,1025.50515,1445.79,98.68,313
"874","Cheyenne_WFS","2017",41.1388,-103.0018,365,165,290,230.588235294118,"Cheyenne_NE","NE",1087.01,893.16,988.00015,1421.915,91.39,283
"875","Cheyenne_WFS","2018",41.1388,-103.0018,365,165,290,230.588235294118,"Cheyenne_NE","NE",1060.595,899.7,1004.0065,1475.78,43.2,287
"876","Cheyenne_WFS","2019",41.1388,-103.0018,365,165,290,230.588235294118,"Cheyenne_NE","NE",1082.735,916.74,1010.93125,1379.415,132.67,283
"877","Cheyenne_WFS","2020",41.1388,-103.0018,365,165,290,230.588235294118,"Cheyenne_NE","NE",1181.88,935.865,1025.2221,1457.135,36.79,290
"878","Cheyenne_WFS","2021",41.1388,-103.0018,365,165,290,230.588235294118,"Cheyenne_NE","NE",1158.26,929.455,1018.58905,1460.785,90.63,313
"879","Cheyenne_WFS","2022",41.1388,-103.0018,365,165,290,230.588235294118,"Cheyenne_NE","NE",1218.85,964.41,1053.29405,1501.74,15.97,291
"880","Cheyenne_WFS","2023",41.1388,-103.0018,365,165,290,230.588235294118,"Cheyenne_NE","NE",1064.875,909.05,1008.21235,1457.34,154.97,300
"881","Cheyenne_WFSF","1980",41.1388,-103.0018,365,169,282.464285714286,232.964285714286,"Cheyenne_NE","NE",1169.63,932.71,1023.30015,1428.95,58.2,285
"882","Cheyenne_WFSF","1981",41.1388,-103.0018,365,169,282.464285714286,232.964285714286,"Cheyenne_NE","NE",1092.305,925.2,1018.6232,1410.005,74.48,296
"883","Cheyenne_WFSF","1982",41.1388,-103.0018,365,169,282.464285714286,232.964285714286,"Cheyenne_NE","NE",1082.095,923.04,1020.52625,1384.555,73.72,284
"884","Cheyenne_WFSF","1983",41.1388,-103.0018,365,169,282.464285714286,232.964285714286,"Cheyenne_NE","NE",1175.05,959.37,1050.3332,1418.945,52.99,263
"885","Cheyenne_WFSF","1984",41.1388,-103.0018,365,169,282.464285714286,232.964285714286,"Cheyenne_NE","NE",1159.905,954.33,1041.37905,1494.825,51.14,273
"886","Cheyenne_WFSF","1985",41.1388,-103.0018,365,169,282.464285714286,232.964285714286,"Cheyenne_NE","NE",1079.68,897.345,988.5496,1454.57,47.83,271
"887","Cheyenne_WFSF","1986",41.1388,-103.0018,365,169,282.464285714286,232.964285714286,"Cheyenne_NE","NE",1134.445,939.245,1025.90405,1434.86,72.06,285
"888","Cheyenne_WFSF","1987",41.1388,-103.0018,365,169,282.464285714286,232.964285714286,"Cheyenne_NE","NE",1071.85,885.805,984.63235,1452.205,99.07,284
"889","Cheyenne_WFSF","1988",41.1388,-103.0018,365,169,282.464285714286,232.964285714286,"Cheyenne_NE","NE",1212.845,968.565,1056.40905,1520.445,57.42,302
"890","Cheyenne_WFSF","1989",41.1388,-103.0018,365,169,282.464285714286,232.964285714286,"Cheyenne_NE","NE",1120.35,932.69,1026.5171,1483.055,126.9,292
"891","Cheyenne_WFSF","1990",41.1388,-103.0018,365,169,282.464285714286,232.964285714286,"Cheyenne_NE","NE",1096.825,919.645,1014.75125,1481.235,70.88,282
"892","Cheyenne_WFSF","1991",41.1388,-103.0018,365,169,275,231.235294117647,"Cheyenne_NE","NE",1138.065,951.32,1043.5682,1562.395,34.05,301
"893","Cheyenne_WFSF","1992",41.1388,-103.0018,365,169,294,235.636363636364,"Cheyenne_NE","NE",965.045,874.165,977.8054,1387.575,101.01,290
"894","Cheyenne_WFSF","1993",41.1388,-103.0018,365,169,282.464285714286,232.964285714286,"Cheyenne_NE","NE",1023.62,904.235,1001.14515,1400.045,132.92,300
"895","Cheyenne_WFSF","1994",41.1388,-103.0018,365,169,282.464285714286,232.964285714286,"Cheyenne_NE","NE",1152.72,951.145,1038.93405,1569.67,41.11,308
"896","Cheyenne_WFSF","1995",41.1388,-103.0018,365,169,282.464285714286,232.964285714286,"Cheyenne_NE","NE",1136.95,928.26,1023.72125,1390.895,40.28,297
"897","Cheyenne_WFSF","1996",41.1388,-103.0018,365,169,282.464285714286,232.964285714286,"Cheyenne_NE","NE",1126.305,964.015,1052.5521,1495.165,201.96,292
"898","Cheyenne_WFSF","1997",41.1388,-103.0018,365,169,282.464285714286,232.964285714286,"Cheyenne_NE","NE",1106.015,936.665,1031.3682,1490.79,60.28,298
"899","Cheyenne_WFSF","1998",41.1388,-103.0018,365,169,282.464285714286,232.964285714286,"Cheyenne_NE","NE",1119.13,942.985,1035.48515,1456.885,39.6,314
"900","Cheyenne_WFSF","1999",41.1388,-103.0018,365,169,282.464285714286,232.964285714286,"Cheyenne_NE","NE",1135.245,951.53,1044.70515,1477.465,126.55,275
"901","Cheyenne_WFSF","2000",41.1388,-103.0018,365,169,282.464285714286,232.964285714286,"Cheyenne_NE","NE",1179.96,938.025,1029.6982,1506.62,21.31,281
"902","Cheyenne_WFSF","2001",41.1388,-103.0018,365,169,282.464285714286,232.964285714286,"Cheyenne_NE","NE",1208.235,967.235,1056.3521,1496.86,96.41,289
"903","Cheyenne_WFSF","2002",41.1388,-103.0018,365,169,282.464285714286,232.964285714286,"Cheyenne_NE","NE",1225.965,971.715,1059.25405,1515.94,116.11,286
"904","Cheyenne_WFSF","2003",41.1388,-103.0018,365,169,282.464285714286,232.964285714286,"Cheyenne_NE","NE",1195.545,950.31,1042.2532,1464.45,65.57,298
"905","Cheyenne_WFSF","2004",41.1388,-103.0018,365,169,282.464285714286,232.964285714286,"Cheyenne_NE","NE",934.795,809.645,922.05175,1341.86,86.67,305
"906","Cheyenne_WFSF","2005",41.1388,-103.0018,365,169,282.464285714286,232.964285714286,"Cheyenne_NE","NE",1155.525,935.805,1028.59625,1440.95,72.19,279
"907","Cheyenne_WFSF","2006",41.1388,-103.0018,365,169,282.464285714286,232.964285714286,"Cheyenne_NE","NE",1186.015,964.185,1058.1682,1535.16,87.69,291
"908","Cheyenne_WFSF","2007",41.1388,-103.0018,365,169,282.464285714286,232.964285714286,"Cheyenne_NE","NE",1232.39,996.52,1085.8171,1548.715,64.95,305
"909","Cheyenne_WFSF","2008",41.1388,-103.0018,365,169,282.464285714286,232.964285714286,"Cheyenne_NE","NE",1121.425,928.215,1019.3632,1407.86,96.56,298
"910","Cheyenne_WFSF","2009",41.1388,-103.0018,365,169,282.464285714286,232.964285714286,"Cheyenne_NE","NE",1055.89,911.485,1004.78015,1416.245,81.86,276
"911","Cheyenne_WFSF","2010",41.1388,-103.0018,365,169,282.464285714286,232.964285714286,"Cheyenne_NE","NE",1167.195,955.695,1046.01515,1469.085,44.23,301
"912","Cheyenne_WFSF","2011",41.1388,-103.0018,365,169,282.464285714286,232.964285714286,"Cheyenne_NE","NE",1213.27,976.16,1066.7821,1460.595,100.98,292
"913","Cheyenne_WFSF","2012",41.1388,-103.0018,365,169,282.464285714286,232.964285714286,"Cheyenne_NE","NE",1268.975,958.43,1047.0521,1536.24,8.94,281
"914","Cheyenne_WFSF","2013",41.1388,-103.0018,365,169,282.464285714286,232.964285714286,"Cheyenne_NE","NE",1137.39,943.355,1034.8382,1515.7,118.69,289
"915","Cheyenne_WFSF","2014",41.1388,-103.0018,365,169,282.464285714286,232.964285714286,"Cheyenne_NE","NE",1089.51,909.865,1002.2421,1420.125,95.04,302
"916","Cheyenne_WFSF","2015",41.1388,-103.0018,365,169,282.464285714286,232.964285714286,"Cheyenne_NE","NE",1089.725,907.23,1001.9257,1396.42,28.11,302
"917","Cheyenne_WFSF","2016",41.1388,-103.0018,365,169,282.464285714286,232.964285714286,"Cheyenne_NE","NE",1123.98,921.715,1018.50125,1445.79,88.47,313
"918","Cheyenne_WFSF","2017",41.1388,-103.0018,365,169,282.464285714286,232.964285714286,"Cheyenne_NE","NE",1094.93,897.945,992.18015,1421.915,91.39,283
"919","Cheyenne_WFSF","2018",41.1388,-103.0018,365,169,282.464285714286,232.964285714286,"Cheyenne_NE","NE",1060.72,896.42,999.28345,1475.78,42.34,287
"920","Cheyenne_WFSF","2019",41.1388,-103.0018,365,169,282.464285714286,232.964285714286,"Cheyenne_NE","NE",1085.135,918,1013.6543,1379.415,131.33,283
"921","Cheyenne_WFSF","2020",41.1388,-103.0018,365,169,282.464285714286,232.964285714286,"Cheyenne_NE","NE",1188.805,937.58,1026.9371,1457.135,36.79,290
"922","Cheyenne_WFSF","2021",41.1388,-103.0018,365,169,282.464285714286,232.964285714286,"Cheyenne_NE","NE",1146.53,926.1,1015.23405,1460.785,55.51,313
"923","Cheyenne_WFSF","2022",41.1388,-103.0018,365,169,282.464285714286,232.964285714286,"Cheyenne_NE","NE",1224.5,967.055,1055.93905,1501.74,15.97,291
"924","Cheyenne_WFSF","2023",41.1388,-103.0018,365,169,282.464285714286,232.964285714286,"Cheyenne_NE","NE",1082.41,919.75,1017.74235,1457.34,154.97,300
"925","Cheyenne_WSF","1980",41.1388,-103.0018,365,167.228070175439,288.263157894737,231.160714285714,"Cheyenne_NE","NE",1157.655,920.735,1009.35155,1428.95,58.2,285
"926","Cheyenne_WSF","1981",41.1388,-103.0018,365,167.228070175439,288.263157894737,231.160714285714,"Cheyenne_NE","NE",1081,913.18,1004.79265,1410.005,77.14,296
"927","Cheyenne_WSF","1982",41.1388,-103.0018,365,167.228070175439,288.263157894737,231.160714285714,"Cheyenne_NE","NE",1064.01,908.715,1006.42375,1384.555,73.72,284
"928","Cheyenne_WSF","1983",41.1388,-103.0018,365,167.228070175439,288.263157894737,231.160714285714,"Cheyenne_NE","NE",1150.815,940.94,1031.84765,1418.945,52.99,263
"929","Cheyenne_WSF","1984",41.1388,-103.0018,365,167.228070175439,288.263157894737,231.160714285714,"Cheyenne_NE","NE",1140.42,939.625,1025.4535,1494.825,51.14,273
"930","Cheyenne_WSF","1985",41.1388,-103.0018,365,167.228070175439,288.263157894737,231.160714285714,"Cheyenne_NE","NE",1056.87,883.45,973.43405,1454.57,57.55,271
"931","Cheyenne_WSF","1986",41.1388,-103.0018,365,167.228070175439,288.263157894737,231.160714285714,"Cheyenne_NE","NE",1125.655,929.21,1014.6485,1434.86,72.06,285
"932","Cheyenne_WSF","1987",41.1388,-103.0018,365,167.228070175439,288.263157894737,231.160714285714,"Cheyenne_NE","NE",1067.1,878.31,973.21875,1452.205,99.07,284
"933","Cheyenne_WSF","1988",41.1388,-103.0018,365,167.228070175439,288.263157894737,231.160714285714,"Cheyenne_NE","NE",1195.25,955.13,1041.7535,1520.445,55.49,302
"934","Cheyenne_WSF","1989",41.1388,-103.0018,365,167.228070175439,288.263157894737,231.160714285714,"Cheyenne_NE","NE",1110.12,922.14,1014.13155,1483.055,152.97,292
"935","Cheyenne_WSF","1990",41.1388,-103.0018,365,167.228070175439,288.263157894737,231.160714285714,"Cheyenne_NE","NE",1076.89,906.58,1000.4657,1481.235,70.8,282
"936","Cheyenne_WSF","1991",41.1388,-103.0018,365,168,283,232,"Cheyenne_NE","NE",1134.86,949.9,1042.1482,1562.395,34.05,301
"937","Cheyenne_WSF","1992",41.1388,-103.0018,365,169,292,234.142857142857,"Cheyenne_NE","NE",965.045,874.165,977.8054,1387.575,101.01,290
"938","Cheyenne_WSF","1993",41.1388,-103.0018,365,167.228070175439,288.263157894737,231.160714285714,"Cheyenne_NE","NE",1007.385,888,983.40765,1400.045,132.92,300
"939","Cheyenne_WSF","1994",41.1388,-103.0018,365,167.228070175439,288.263157894737,231.160714285714,"Cheyenne_NE","NE",1127.365,935.615,1022.1835,1569.67,41.11,308
"940","Cheyenne_WSF","1995",41.1388,-103.0018,365,167.228070175439,288.263157894737,231.160714285714,"Cheyenne_NE","NE",1118.095,914.38,1008.6207,1390.895,35.44,297
"941","Cheyenne_WSF","1996",41.1388,-103.0018,365,166,289,229.25,"Cheyenne_NE","NE",1120.91,962.935,1052.4071,1495.165,130.06,292
"942","Cheyenne_WSF","1997",41.1388,-103.0018,365,167.228070175439,288.263157894737,231.160714285714,"Cheyenne_NE","NE",1084.045,919.61,1013.09265,1490.79,60.64,298
"943","Cheyenne_WSF","1998",41.1388,-103.0018,365,167.228070175439,288.263157894737,231.160714285714,"Cheyenne_NE","NE",1094.78,923.88,1016.60265,1456.885,40.77,314
"944","Cheyenne_WSF","1999",41.1388,-103.0018,365,167.228070175439,288.263157894737,231.160714285714,"Cheyenne_NE","NE",1108.33,933.515,1025.9846,1477.465,119.07,275
"945","Cheyenne_WSF","2000",41.1388,-103.0018,365,167.228070175439,288.263157894737,231.160714285714,"Cheyenne_NE","NE",1151.68,917.4,1009.2957,1506.62,21.31,281
"946","Cheyenne_WSF","2001",41.1388,-103.0018,365,167.228070175439,288.263157894737,231.160714285714,"Cheyenne_NE","NE",1191.335,954.925,1042.82155,1496.86,96.41,289
"947","Cheyenne_WSF","2002",41.1388,-103.0018,365,167.228070175439,288.263157894737,231.160714285714,"Cheyenne_NE","NE",1214.725,957.475,1043.7735,1515.94,116.11,286
"948","Cheyenne_WSF","2003",41.1388,-103.0018,365,167.228070175439,288.263157894737,231.160714285714,"Cheyenne_NE","NE",1174.675,937.11,1027.83265,1464.45,65.57,298
"949","Cheyenne_WSF","2004",41.1388,-103.0018,365,167.228070175439,288.263157894737,231.160714285714,"Cheyenne_NE","NE",917.115,793.675,905.60925,1341.86,93.22,305
"950","Cheyenne_WSF","2005",41.1388,-103.0018,365,167.228070175439,288.263157894737,231.160714285714,"Cheyenne_NE","NE",1142.19,925.36,1016.9307,1440.95,72.19,279
"951","Cheyenne_WSF","2006",41.1388,-103.0018,365,167.228070175439,288.263157894737,231.160714285714,"Cheyenne_NE","NE",1178.53,954.755,1044.7196,1535.16,87.69,291
"952","Cheyenne_WSF","2007",41.1388,-103.0018,365,167.228070175439,288.263157894737,231.160714285714,"Cheyenne_NE","NE",1213.015,983.13,1071.20655,1548.715,64.95,305
"953","Cheyenne_WSF","2008",41.1388,-103.0018,365,167.228070175439,288.263157894737,231.160714285714,"Cheyenne_NE","NE",1100.15,911.15,1002.43265,1407.86,96.56,298
"954","Cheyenne_WSF","2009",41.1388,-103.0018,365,167.228070175439,288.263157894737,231.160714285714,"Cheyenne_NE","NE",1041.765,899.075,991.1496,1416.245,81.86,276
"955","Cheyenne_WSF","2010",41.1388,-103.0018,365,167.228070175439,288.263157894737,231.160714285714,"Cheyenne_NE","NE",1147.32,944.25,1033.3496,1469.085,44.23,301
"956","Cheyenne_WSF","2011",41.1388,-103.0018,365,167.228070175439,288.263157894737,231.160714285714,"Cheyenne_NE","NE",1185.18,957.585,1048.34655,1460.595,100.98,292
"957","Cheyenne_WSF","2012",41.1388,-103.0018,365,167.228070175439,288.263157894737,231.160714285714,"Cheyenne_NE","NE",1252.7,946.615,1034.01655,1536.24,11.43,281
"958","Cheyenne_WSF","2013",41.1388,-103.0018,365,167.228070175439,288.263157894737,231.160714285714,"Cheyenne_NE","NE",1110.58,925.88,1016.14265,1515.7,118.05,289
"959","Cheyenne_WSF","2014",41.1388,-103.0018,365,167.228070175439,288.263157894737,231.160714285714,"Cheyenne_NE","NE",1077.65,895.745,986.90155,1420.125,92.54,302
"960","Cheyenne_WSF","2015",41.1388,-103.0018,365,167.228070175439,288.263157894737,231.160714285714,"Cheyenne_NE","NE",1070.55,894.515,987.99015,1396.42,28.11,302
"961","Cheyenne_WSF","2016",41.1388,-103.0018,365,167.228070175439,288.263157894737,231.160714285714,"Cheyenne_NE","NE",1125.26,917.805,1011.86265,1445.79,91.42,313
"962","Cheyenne_WSF","2017",41.1388,-103.0018,365,167.228070175439,288.263157894737,231.160714285714,"Cheyenne_NE","NE",1077.2,885.35,978.9696,1421.915,91.39,283
"963","Cheyenne_WSF","2018",41.1388,-103.0018,365,167.228070175439,288.263157894737,231.160714285714,"Cheyenne_NE","NE",1036.775,880.945,984.03095,1475.78,40.08,287
"964","Cheyenne_WSF","2019",41.1388,-103.0018,365,167.228070175439,288.263157894737,231.160714285714,"Cheyenne_NE","NE",1075.63,908.495,1001.4657,1379.415,132.67,283
"965","Cheyenne_WSF","2020",41.1388,-103.0018,365,167.228070175439,288.263157894737,231.160714285714,"Cheyenne_NE","NE",1169.05,923.675,1011.81155,1457.135,36.79,290
"966","Cheyenne_WSF","2021",41.1388,-103.0018,365,167.228070175439,288.263157894737,231.160714285714,"Cheyenne_NE","NE",1131.57,913.125,1001.0385,1460.785,90.63,313
"967","Cheyenne_WSF","2022",41.1388,-103.0018,365,167.228070175439,288.263157894737,231.160714285714,"Cheyenne_NE","NE",1210.31,953.915,1041.5785,1501.74,15.97,291
"968","Cheyenne_WSF","2023",41.1388,-103.0018,365,167.228070175439,288.263157894737,231.160714285714,"Cheyenne_NE","NE",1065.705,905.415,1003.2468,1457.34,154.97,300
"969","Cheyenne_fallow","1980",41.1388,-103.0018,365,166,300,231.066666666667,"Cheyenne_NE","NE",1169.1,932.935,1022.7721,1428.95,58.2,285
"970","Cheyenne_fallow","1981",41.1388,-103.0018,365,166,300,231.066666666667,"Cheyenne_NE","NE",1080.965,917.555,1010.6057,1410.005,77.14,296
"971","Cheyenne_fallow","1982",41.1388,-103.0018,365,166,300,231.066666666667,"Cheyenne_NE","NE",1069.62,915.735,1016.07235,1384.555,73.72,284
"972","Cheyenne_fallow","1983",41.1388,-103.0018,365,166,300,231.066666666667,"Cheyenne_NE","NE",1153.97,948.045,1040.1782,1418.945,52.99,263
"973","Cheyenne_fallow","1984",41.1388,-103.0018,365,166,300,231.066666666667,"Cheyenne_NE","NE",1154.335,951.975,1039.02405,1494.825,51.14,273
"974","Cheyenne_fallow","1985",41.1388,-103.0018,365,166,300,231.066666666667,"Cheyenne_NE","NE",1073.655,896.615,987.8196,1454.57,57.55,271
"975","Cheyenne_fallow","1986",41.1388,-103.0018,365,166,300,231.066666666667,"Cheyenne_NE","NE",1142.15,941.47,1028.12905,1434.86,72.06,285
"976","Cheyenne_fallow","1987",41.1388,-103.0018,365,166,300,231.066666666667,"Cheyenne_NE","NE",1088.615,892.99,988.3943,1452.205,99.07,284
"977","Cheyenne_fallow","1988",41.1388,-103.0018,365,166,300,231.066666666667,"Cheyenne_NE","NE",1206.09,967.025,1054.88405,1520.445,55.49,302
"978","Cheyenne_fallow","1989",41.1388,-103.0018,365,166,300,231.066666666667,"Cheyenne_NE","NE",1119.215,929.965,1021.95655,1483.055,152.97,292
"979","Cheyenne_fallow","1990",41.1388,-103.0018,365,166,300,231.066666666667,"Cheyenne_NE","NE",1086.48,920.155,1015.84625,1481.235,70.8,282
"980","Cheyenne_fallow","1991",41.1388,-103.0018,365,166,300,231.066666666667,"Cheyenne_NE","NE",1123.115,945.935,1038.1832,1562.395,34.05,301
"981","Cheyenne_fallow","1992",41.1388,-103.0018,365,166,300,231.066666666667,"Cheyenne_NE","NE",981.11,890.23,991.66125,1387.575,108.38,290
"982","Cheyenne_fallow","1993",41.1388,-103.0018,365,166,300,231.066666666667,"Cheyenne_NE","NE",1020.585,899.12,995.7482,1400.045,132.92,300
"983","Cheyenne_fallow","1994",41.1388,-103.0018,365,166,300,231.066666666667,"Cheyenne_NE","NE",1134.965,946.295,1034.62405,1569.67,41.11,308
"984","Cheyenne_fallow","1995",41.1388,-103.0018,365,166,300,231.066666666667,"Cheyenne_NE","NE",1131.745,925.53,1020.99125,1390.895,35.44,297
"985","Cheyenne_fallow","1996",41.1388,-103.0018,365,166,300,231.066666666667,"Cheyenne_NE","NE",1120.91,962.935,1052.4071,1495.165,170.91,292
"986","Cheyenne_fallow","1997",41.1388,-103.0018,365,166,300,231.066666666667,"Cheyenne_NE","NE",1089.69,928.93,1023.9182,1490.79,60.64,298
"987","Cheyenne_fallow","1998",41.1388,-103.0018,365,166,300,231.066666666667,"Cheyenne_NE","NE",1096.7,928.455,1025.21625,1456.885,40.77,314
"988","Cheyenne_fallow","1999",41.1388,-103.0018,365,166,300,231.066666666667,"Cheyenne_NE","NE",1106.295,935.635,1031.74125,1477.465,119.07,275
"989","Cheyenne_fallow","2000",41.1388,-103.0018,365,166,300,231.066666666667,"Cheyenne_NE","NE",1156.37,924.79,1017.90625,1506.62,21.31,281
"990","Cheyenne_fallow","2001",41.1388,-103.0018,365,166,300,231.066666666667,"Cheyenne_NE","NE",1197.105,961.58,1049.6171,1496.86,96.41,289
"991","Cheyenne_fallow","2002",41.1388,-103.0018,365,166,300,231.066666666667,"Cheyenne_NE","NE",1227.645,968.495,1056.01405,1515.94,116.11,286
"992","Cheyenne_fallow","2003",41.1388,-103.0018,365,166,300,231.066666666667,"Cheyenne_NE","NE",1185.86,948.08,1040.0232,1464.45,65.57,298
"993","Cheyenne_fallow","2004",41.1388,-103.0018,365,166,300,231.066666666667,"Cheyenne_NE","NE",930.91,805.065,918.2198,1341.86,93.22,305
"994","Cheyenne_fallow","2005",41.1388,-103.0018,365,166,300,231.066666666667,"Cheyenne_NE","NE",1153.885,935.89,1028.68125,1440.95,72.19,279
"995","Cheyenne_fallow","2006",41.1388,-103.0018,365,166,300,231.066666666667,"Cheyenne_NE","NE",1195.92,969.47,1059.5171,1535.16,87.69,291
"996","Cheyenne_fallow","2007",41.1388,-103.0018,365,166,300,231.066666666667,"Cheyenne_NE","NE",1227.31,995.095,1084.3921,1548.715,64.95,305
"997","Cheyenne_fallow","2008",41.1388,-103.0018,365,166,300,231.066666666667,"Cheyenne_NE","NE",1110.935,918.93,1011.4332,1407.86,96.56,298
"998","Cheyenne_fallow","2009",41.1388,-103.0018,365,166,300,231.066666666667,"Cheyenne_NE","NE",1049.795,906.68,999.97515,1416.245,81.86,276
"999","Cheyenne_fallow","2010",41.1388,-103.0018,365,166,300,231.066666666667,"Cheyenne_NE","NE",1158.35,954.645,1044.96515,1469.085,44.23,301
"1000","Cheyenne_fallow","2011",41.1388,-103.0018,365,166,300,231.066666666667,"Cheyenne_NE","NE",1192.11,966.36,1058.3421,1460.595,100.98,292
"1001","Cheyenne_fallow","2012",41.1388,-103.0018,365,166,300,231.066666666667,"Cheyenne_NE","NE",1270.175,961.49,1050.1121,1536.24,11.43,281
"1002","Cheyenne_fallow","2013",41.1388,-103.0018,365,166,300,231.066666666667,"Cheyenne_NE","NE",1121.81,937.62,1029.1032,1515.7,118.05,289
"1003","Cheyenne_fallow","2014",41.1388,-103.0018,365,166,300,231.066666666667,"Cheyenne_NE","NE",1087.56,904.245,996.7621,1420.125,92.54,302
"1004","Cheyenne_fallow","2015",41.1388,-103.0018,365,166,300,231.066666666667,"Cheyenne_NE","NE",1082.545,909.72,1005.3407,1396.42,28.11,302
"1005","Cheyenne_fallow","2016",41.1388,-103.0018,365,166,300,231.066666666667,"Cheyenne_NE","NE",1143.59,931.12,1024.95515,1445.79,91.42,313
"1006","Cheyenne_fallow","2017",41.1388,-103.0018,365,166,300,231.066666666667,"Cheyenne_NE","NE",1090.32,895.785,990.62515,1421.915,91.39,283
"1007","Cheyenne_fallow","2018",41.1388,-103.0018,365,166,300,231.066666666667,"Cheyenne_NE","NE",1055.62,897.165,1001.4715,1475.78,40.08,287
"1008","Cheyenne_fallow","2019",41.1388,-103.0018,365,166,300,231.066666666667,"Cheyenne_NE","NE",1083.325,918.22,1012.41125,1379.415,132.67,283
"1009","Cheyenne_fallow","2020",41.1388,-103.0018,365,166,300,231.066666666667,"Cheyenne_NE","NE",1184.1,936.385,1025.7421,1457.135,36.79,290
"1010","Cheyenne_fallow","2021",41.1388,-103.0018,365,166,300,231.066666666667,"Cheyenne_NE","NE",1157.18,928.27,1017.40405,1460.785,90.63,313
"1011","Cheyenne_fallow","2022",41.1388,-103.0018,365,166,300,231.066666666667,"Cheyenne_NE","NE",1221.89,963.91,1052.79405,1501.74,15.97,291
"1012","Cheyenne_fallow","2023",41.1388,-103.0018,365,166,300,231.066666666667,"Cheyenne_NE","NE",1073.645,913.345,1012.39735,1457.34,154.97,300
"1013","Cheyenne_wheat","1980",41.1388,-103.0018,365,167,298,233.076923076923,"Cheyenne_NE","NE",1169.815,932.86,1022.6971,1428.95,62.53,285
"1014","Cheyenne_wheat","1981",41.1388,-103.0018,365,167,298,233.076923076923,"Cheyenne_NE","NE",1089.01,922.83,1014.44265,1410.005,70.51,296
"1015","Cheyenne_wheat","1982",41.1388,-103.0018,365,167,298,233.076923076923,"Cheyenne_NE","NE",1073.205,918.155,1017.0493,1384.555,73.72,284
"1016","Cheyenne_wheat","1983",41.1388,-103.0018,365,167,298,233.076923076923,"Cheyenne_NE","NE",1162.39,952.22,1044.3482,1418.945,52.99,263
"1017","Cheyenne_wheat","1984",41.1388,-103.0018,365,167,298,233.076923076923,"Cheyenne_NE","NE",1155.135,952.275,1039.32405,1494.825,43.15,273
"1018","Cheyenne_wheat","1985",41.1388,-103.0018,365,167,298,233.076923076923,"Cheyenne_NE","NE",1072.23,895.99,987.1946,1454.57,51.45,271
"1019","Cheyenne_wheat","1986",41.1388,-103.0018,365,167,298,233.076923076923,"Cheyenne_NE","NE",1142.13,942.19,1028.84905,1434.86,59.73,285
"1020","Cheyenne_wheat","1987",41.1388,-103.0018,365,167,298,233.076923076923,"Cheyenne_NE","NE",1084.115,891.315,987.4443,1452.205,99.07,284
"1021","Cheyenne_wheat","1988",41.1388,-103.0018,365,167,298,233.076923076923,"Cheyenne_NE","NE",1208.07,966.82,1054.66405,1520.445,57.42,302
"1022","Cheyenne_wheat","1989",41.1388,-103.0018,365,167,298,233.076923076923,"Cheyenne_NE","NE",1124.93,933.265,1026.4771,1483.055,137.52,292
"1023","Cheyenne_wheat","1990",41.1388,-103.0018,365,167,298,233.076923076923,"Cheyenne_NE","NE",1088.86,918.55,1014.09625,1481.235,70.88,282
"1024","Cheyenne_wheat","1991",41.1388,-103.0018,365,167,298,233.076923076923,"Cheyenne_NE","NE",1130.385,947.915,1040.1632,1562.395,34.05,301
"1025","Cheyenne_wheat","1992",41.1388,-103.0018,365,167,298,233.076923076923,"Cheyenne_NE","NE",974.855,883.975,986.0393,1387.575,105.94,290
"1026","Cheyenne_wheat","1993",41.1388,-103.0018,365,167,298,233.076923076923,"Cheyenne_NE","NE",1020.97,900.445,997.0732,1400.045,132.92,300
"1027","Cheyenne_wheat","1994",41.1388,-103.0018,365,167,298,233.076923076923,"Cheyenne_NE","NE",1138.855,947.105,1035.43405,1569.67,41.11,308
"1028","Cheyenne_wheat","1995",41.1388,-103.0018,365,167,298,233.076923076923,"Cheyenne_NE","NE",1134.06,927.61,1023.07125,1390.895,48.28,297
"1029","Cheyenne_wheat","1996",41.1388,-103.0018,365,167,298,233.076923076923,"Cheyenne_NE","NE",1122.99,963.485,1052.9571,1495.165,197.18,292
"1030","Cheyenne_wheat","1997",41.1388,-103.0018,365,167,298,233.076923076923,"Cheyenne_NE","NE",1095.33,930.895,1025.6182,1490.79,61.15,298
"1031","Cheyenne_wheat","1998",41.1388,-103.0018,365,167,298,233.076923076923,"Cheyenne_NE","NE",1104.615,933.715,1029.0332,1456.885,51.22,314
"1032","Cheyenne_wheat","1999",41.1388,-103.0018,365,167,298,233.076923076923,"Cheyenne_NE","NE",1115.34,940.995,1035.6582,1477.465,102.17,275
"1033","Cheyenne_wheat","2000",41.1388,-103.0018,365,167,298,233.076923076923,"Cheyenne_NE","NE",1163.505,928.36,1021.47625,1506.62,45.39,281
"1034","Cheyenne_wheat","2001",41.1388,-103.0018,365,167,298,233.076923076923,"Cheyenne_NE","NE",1203.475,964.865,1053.9821,1496.86,96.41,289
"1035","Cheyenne_wheat","2002",41.1388,-103.0018,365,167,298,233.076923076923,"Cheyenne_NE","NE",1229.7,969.4,1056.91905,1515.94,116.11,286
"1036","Cheyenne_wheat","2003",41.1388,-103.0018,365,167,298,233.076923076923,"Cheyenne_NE","NE",1189.35,950.13,1042.0732,1464.45,60.41,298
"1037","Cheyenne_wheat","2004",41.1388,-103.0018,365,167,298,233.076923076923,"Cheyenne_NE","NE",930.8,805.72,918.8748,1341.86,87.07,305
"1038","Cheyenne_wheat","2005",41.1388,-103.0018,365,167,298,233.076923076923,"Cheyenne_NE","NE",1156.325,937.79,1030.58125,1440.95,71.06,279
"1039","Cheyenne_wheat","2006",41.1388,-103.0018,365,167,298,233.076923076923,"Cheyenne_NE","NE",1190.85,967.075,1058.56515,1535.16,87.69,291
"1040","Cheyenne_wheat","2007",41.1388,-103.0018,365,167,298,233.076923076923,"Cheyenne_NE","NE",1228.7,996.315,1085.6121,1548.715,64.95,305
"1041","Cheyenne_wheat","2008",41.1388,-103.0018,365,167,298,233.076923076923,"Cheyenne_NE","NE",1111.82,921.64,1014.1432,1407.86,96.56,298
"1042","Cheyenne_wheat","2009",41.1388,-103.0018,365,167,298,233.076923076923,"Cheyenne_NE","NE",1053.485,909.785,1003.08015,1416.245,89.72,276
"1043","Cheyenne_wheat","2010",41.1388,-103.0018,365,167,298,233.076923076923,"Cheyenne_NE","NE",1161.695,956.05,1046.37015,1469.085,44.23,301
"1044","Cheyenne_wheat","2011",41.1388,-103.0018,365,167,298,233.076923076923,"Cheyenne_NE","NE",1199.215,969.66,1061.6421,1460.595,100.98,292
"1045","Cheyenne_wheat","2012",41.1388,-103.0018,365,167,298,233.076923076923,"Cheyenne_NE","NE",1269.845,960.425,1049.0471,1536.24,8.94,281
"1046","Cheyenne_wheat","2013",41.1388,-103.0018,365,167,298,233.076923076923,"Cheyenne_NE","NE",1127.38,938.665,1030.1482,1515.7,118.69,289
"1047","Cheyenne_wheat","2014",41.1388,-103.0018,365,167,298,233.076923076923,"Cheyenne_NE","NE",1090.66,906.535,998.9121,1420.125,95.04,302
"1048","Cheyenne_wheat","2015",41.1388,-103.0018,365,167,298,233.076923076923,"Cheyenne_NE","NE",1085.26,907.93,1002.6257,1396.42,28.11,302
"1049","Cheyenne_wheat","2016",41.1388,-103.0018,365,167,298,233.076923076923,"Cheyenne_NE","NE",1140.105,929.235,1024.5132,1445.79,88.47,313
"1050","Cheyenne_wheat","2017",41.1388,-103.0018,365,167,298,233.076923076923,"Cheyenne_NE","NE",1092.725,896.985,991.82515,1421.915,91.39,283
"1051","Cheyenne_wheat","2018",41.1388,-103.0018,365,167,298,233.076923076923,"Cheyenne_NE","NE",1054.635,895.225,999.5315,1475.78,42.34,287
"1052","Cheyenne_wheat","2019",41.1388,-103.0018,365,167,298,233.076923076923,"Cheyenne_NE","NE",1086.875,919.655,1013.84625,1379.415,131.33,283
"1053","Cheyenne_wheat","2020",41.1388,-103.0018,365,167,298,233.076923076923,"Cheyenne_NE","NE",1184.335,935.58,1024.9371,1457.135,33.28,290
"1054","Cheyenne_wheat","2021",41.1388,-103.0018,365,167,298,233.076923076923,"Cheyenne_NE","NE",1151.895,926.865,1015.99905,1460.785,55.51,313
"1055","Cheyenne_wheat","2022",41.1388,-103.0018,365,167,298,233.076923076923,"Cheyenne_NE","NE",1224.215,964.23,1053.11405,1501.74,20.28,291
"1056","Cheyenne_wheat","2023",41.1388,-103.0018,365,167,298,233.076923076923,"Cheyenne_NE","NE",1074.455,914.165,1014.6604,1457.34,136.31,300
"1057","Conde","1980",45.1572,-98.0976,365,155,302,218.461538461538,"Spink_SD","SD",1060.12,928.655,1023.6121,1510.385,101.25,286
"1058","Conde","1981",45.1572,-98.0976,365,155,302,218.461538461538,"Spink_SD","SD",1053.6,931.065,1037.10235,1496.36,65.47,295
"1059","Conde","1982",45.1572,-98.0976,365,155,302,218.461538461538,"Spink_SD","SD",1017.6,900.615,1012.08455,1453.025,97.1,294
"1060","Conde","1983",45.1572,-98.0976,365,155,302,218.461538461538,"Spink_SD","SD",1140.845,986.805,1090.7865,1555.07,159.25,313
"1061","Conde","1984",45.1572,-98.0976,365,155,302,218.461538461538,"Spink_SD","SD",1052.95,959.77,1063.22345,1499.315,82.57,270
"1062","Conde","1985",45.1572,-98.0976,365,155,302,218.461538461538,"Spink_SD","SD",964.05,864.75,976.20455,1438.625,179.74,283
"1063","Conde","1986",45.1572,-98.0976,365,155,302,218.461538461538,"Spink_SD","SD",1040.855,943.78,1045.24235,1472.875,166.27,285
"1064","Conde","1987",45.1572,-98.0976,365,155,302,218.461538461538,"Spink_SD","SD",1169.995,988.39,1082.10515,1561.195,73.82,280
"1065","Conde","1988",45.1572,-98.0976,365,155,302,218.461538461538,"Spink_SD","SD",1258.7,1022.955,1114.7821,1658.13,119.6,279
"1066","Conde","1989",45.1572,-98.0976,365,155,302,218.461538461538,"Spink_SD","SD",1089.8,940.975,1043.64485,1532.2,90.86,276
"1067","Conde","1990",45.1572,-98.0976,365,155,302,218.461538461538,"Spink_SD","SD",983.215,901.84,1008.4968,1481.03,157.76,282
"1068","Conde","1991",45.1572,-98.0976,365,155,302,218.461538461538,"Spink_SD","SD",1063.33,972.72,1079.76345,1649.1,134.43,279
"1069","Conde","1992",45.1572,-98.0976,365,155,302,218.461538461538,"Spink_SD","SD",808.365,781.835,920.93085,1314.985,72.85,272
"1070","Conde","1993",45.1572,-98.0976,365,155,302,218.461538461538,"Spink_SD","SD",874.02,845.12,982.0203,1378.965,250.92,282
"1071","Conde","1994",45.1572,-98.0976,365,155,302,218.461538461538,"Spink_SD","SD",955.13,895.65,1010.57455,1479.185,176.23,298
"1072","Conde","1995",45.1572,-98.0976,365,155,302,218.461538461538,"Spink_SD","SD",1036.365,947.545,1055.7076,1499.915,121.49,265
"1073","Conde","1996",45.1572,-98.0976,365,155,302,218.461538461538,"Spink_SD","SD",977.77,909.23,1012.8554,1442.385,15.71,297
"1074","Conde","1997",45.1572,-98.0976,365,155,302,218.461538461538,"Spink_SD","SD",1015.31,945.115,1049.52845,1471.245,212.56,294
"1075","Conde","1998",45.1572,-98.0976,365,155,302,218.461538461538,"Spink_SD","SD",996.805,924.755,1031.494,1546.645,68.91,308
"1076","Conde","1999",45.1572,-98.0976,365,155,302,218.461538461538,"Spink_SD","SD",1030.065,942.94,1058.57065,1503.3,222.42,275
"1077","Conde","2000",45.1572,-98.0976,365,155,302,218.461538461538,"Spink_SD","SD",1030.785,926.14,1037.7598,1486.175,102.78,268
"1078","Conde","2001",45.1572,-98.0976,365,155,302,218.461538461538,"Spink_SD","SD",1120.77,988.995,1095.47845,1570.18,94.58,279
"1079","Conde","2002",45.1572,-98.0976,365,155,302,218.461538461538,"Spink_SD","SD",1170.22,1007.085,1105.55015,1554.915,161.85,286
"1080","Conde","2003",45.1572,-98.0976,365,155,302,218.461538461538,"Spink_SD","SD",1027.585,943.395,1046.8454,1495.23,34.62,273
"1081","Conde","2004",45.1572,-98.0976,365,155,302,218.461538461538,"Spink_SD","SD",875.46,828.225,952.91505,1320.915,77.34,276
"1082","Conde","2005",45.1572,-98.0976,365,155,302,218.461538461538,"Spink_SD","SD",1102.55,983.59,1090.00455,1543.3,134.56,297
"1083","Conde","2006",45.1572,-98.0976,365,155,302,218.461538461538,"Spink_SD","SD",1141.065,975.465,1070.55515,1552.505,144.47,285
"1084","Conde","2007",45.1572,-98.0976,365,155,302,218.461538461538,"Spink_SD","SD",1115.03,996.815,1097.4554,1601.16,91.55,300
"1085","Conde","2008",45.1572,-98.0976,365,155,302,218.461538461538,"Spink_SD","SD",994.32,913.73,1021.56345,1431.005,241.64,301
"1086","Conde","2009",45.1572,-98.0976,365,155,302,218.461538461538,"Spink_SD","SD",869.07,829.375,952.25175,1344.045,83.51,282
"1087","Conde","2010",45.1572,-98.0976,365,155,302,218.461538461538,"Spink_SD","SD",1094.815,996.96,1097.71625,1548.08,85.46,301
"1088","Conde","2011",45.1572,-98.0976,365,155,302,218.461538461538,"Spink_SD","SD",1090.77,981.115,1090.2065,1526.405,55.23,292
"1089","Conde","2012",45.1572,-98.0976,365,155,302,218.461538461538,"Spink_SD","SD",1180.285,1016.335,1109.4432,1588.63,101.85,279
"1090","Conde","2013",45.1572,-98.0976,365,155,302,218.461538461538,"Spink_SD","SD",964.785,903.91,1014.87955,1504.385,24.99,298
"1091","Conde","2014",45.1572,-98.0976,365,155,302,218.461538461538,"Spink_SD","SD",922.55,880.59,996.3826,1447.36,102.16,304
"1092","Conde","2015",45.1572,-98.0976,365,155,302,218.461538461538,"Spink_SD","SD",1050.875,948.87,1049.36125,1480.77,152.03,289
"1093","Conde","2016",45.1572,-98.0976,365,155,302,218.461538461538,"Spink_SD","SD",1103.255,973.71,1066.73015,1562.495,121.96,324
"1094","Conde","2017",45.1572,-98.0976,365,155,302,218.461538461538,"Spink_SD","SD",1020.175,909.035,1013.5965,1448.8,109.51,300
"1095","Conde","2018",45.1572,-98.0976,365,155,302,218.461538461538,"Spink_SD","SD",1128.54,1000.045,1097.4932,1647.01,83.65,277
"1096","Conde","2019",45.1572,-98.0976,365,155,302,218.461538461538,"Spink_SD","SD",1050.785,977.37,1085.94345,1464.925,136,297
"1097","Conde","2020",45.1572,-98.0976,365,155,302,218.461538461538,"Spink_SD","SD",1126.095,1012.585,1110.76625,1577.055,111.31,292
"1098","Conde","2021",45.1572,-98.0976,365,155,302,218.461538461538,"Spink_SD","SD",1176.635,1007.86,1103.67125,1604.635,203.48,305
"1099","Conde","2022",45.1572,-98.0976,365,155,302,218.461538461538,"Spink_SD","SD",1122.385,1006.935,1108.8304,1597.815,42.51,280
"1100","Conde","2023",45.1572,-98.0976,365,155,302,218.461538461538,"Spink_SD","SD",1084.125,974.58,1076.6832,1652.76,145.88,300
"1101","CorpusChristi","1980",27.7635,-97.4033,365,63.8095238095238,180.666666666667,137.571428571429,"Nueces_TX","TX",1033.23,984.945,1092.84345,2353.535,87.97,366
"1102","CorpusChristi","1981",27.7635,-97.4033,365,63.8095238095238,180.666666666667,137.571428571429,"Nueces_TX","TX",1066.5,1010.705,1119.1201,2319.98,267.63,366
"1103","CorpusChristi","1982",27.7635,-97.4033,365,63.8095238095238,180.666666666667,137.571428571429,"Nueces_TX","TX",1027.515,994.13,1105.37675,2320.555,112.3,366
"1104","CorpusChristi","1983",27.7635,-97.4033,365,63.8095238095238,180.666666666667,137.571428571429,"Nueces_TX","TX",959.94,914.15,1034.74535,2291.655,89.26,358
"1105","CorpusChristi","1984",27.7635,-97.4033,365,63.8095238095238,180.666666666667,137.571428571429,"Nueces_TX","TX",1071.95,995.285,1103.01235,2264.875,61.32,366
"1106","CorpusChristi","1985",27.7635,-97.4033,365,63.8095238095238,180.666666666667,137.571428571429,"Nueces_TX","TX",1090.71,1040.325,1151.22205,2319.805,84.56,366
"1107","CorpusChristi","1986",27.7635,-97.4033,365,63.8095238095238,180.666666666667,137.571428571429,"Nueces_TX","TX",1129.49,1068.495,1164.5946,2317.445,178.67,366
"1108","CorpusChristi","1987",27.7635,-97.4033,365,63.8095238095238,180.666666666667,137.571428571429,"Nueces_TX","TX",924.99,888.875,1008.9398,2332.155,252.27,366
"1109","CorpusChristi","1988",27.7635,-97.4033,365,63.8095238095238,180.666666666667,137.571428571429,"Nueces_TX","TX",987.73,945.675,1059.2387,2305.225,108.38,366
"1110","CorpusChristi","1989",27.7635,-97.4033,365,63.8095238095238,180.666666666667,137.571428571429,"Nueces_TX","TX",1039.96,984.175,1085.97095,2356.455,50.32,350
"1111","CorpusChristi","1990",27.7635,-97.4033,365,63.8095238095238,180.666666666667,137.571428571429,"Nueces_TX","TX",1052.275,1024.7,1149.35315,2345.79,61.34,357
"1112","CorpusChristi","1991",27.7635,-97.4033,365,63.8095238095238,180.666666666667,137.571428571429,"Nueces_TX","TX",1144.1,1084.45,1190.63375,2344.74,175.26,366
"1113","CorpusChristi","1992",27.7635,-97.4033,365,63.8095238095238,180.666666666667,137.571428571429,"Nueces_TX","TX",1016.725,984.815,1100.56815,2273.59,269.09,366
"1114","CorpusChristi","1993",27.7635,-97.4033,365,63.8095238095238,180.666666666667,137.571428571429,"Nueces_TX","TX",983.045,963.005,1078.91845,2301.83,330.79,366
"1115","CorpusChristi","1994",27.7635,-97.4033,365,63.8095238095238,180.666666666667,137.571428571429,"Nueces_TX","TX",1027.625,999.825,1119.15675,2292.64,177.39,366
"1116","CorpusChristi","1995",27.7635,-97.4033,365,63.8095238095238,180.666666666667,137.571428571429,"Nueces_TX","TX",1024.61,982.58,1094.7976,2296.985,66.87,366
"1117","CorpusChristi","1996",27.7635,-97.4033,365,63.8095238095238,180.666666666667,137.571428571429,"Nueces_TX","TX",923.595,893.9,1013.29425,2340.175,31.83,354
"1118","CorpusChristi","1997",27.7635,-97.4033,365,63.8095238095238,180.666666666667,137.571428571429,"Nueces_TX","TX",981.975,955.8,1084.9345,2299.73,219.85,366
"1119","CorpusChristi","1998",27.7635,-97.4033,365,63.8095238095238,180.666666666667,137.571428571429,"Nueces_TX","TX",1011.25,963.77,1074.66315,2380.805,0,366
"1120","CorpusChristi","1999",27.7635,-97.4033,365,63.8095238095238,180.666666666667,137.571428571429,"Nueces_TX","TX",1124.83,1058.615,1166.4907,2298.535,107.82,366
"1121","CorpusChristi","2000",27.7635,-97.4033,365,63.8095238095238,180.666666666667,137.571428571429,"Nueces_TX","TX",1139.02,1070.615,1174.57985,2320.99,131.58,366
"1122","CorpusChristi","2001",27.7635,-97.4033,365,63.8095238095238,180.666666666667,137.571428571429,"Nueces_TX","TX",1024.615,974.61,1089.75425,2305.745,99.62,366
"1123","CorpusChristi","2002",27.7635,-97.4033,365,63.8095238095238,180.666666666667,137.571428571429,"Nueces_TX","TX",1160.8,1075.67,1182.47955,2336.315,42.69,366
"1124","CorpusChristi","2003",27.7635,-97.4033,365,63.8095238095238,180.666666666667,137.571428571429,"Nueces_TX","TX",1053.485,1007.615,1131.9673,2326.84,67.67,366
"1125","CorpusChristi","2004",27.7635,-97.4033,365,63.8095238095238,180.666666666667,137.571428571429,"Nueces_TX","TX",1054.035,1028.47,1132.65875,2286.03,242.01,366
"1126","CorpusChristi","2005",27.7635,-97.4033,365,63.8095238095238,180.666666666667,137.571428571429,"Nueces_TX","TX",1027.06,982.17,1087.26485,2320.965,75.33,366
"1127","CorpusChristi","2006",27.7635,-97.4033,365,63.8095238095238,180.666666666667,137.571428571429,"Nueces_TX","TX",1207.865,1103.135,1196.76015,2292.165,203.4,366
"1128","CorpusChristi","2007",27.7635,-97.4033,365,63.8095238095238,180.666666666667,137.571428571429,"Nueces_TX","TX",1054.36,1018.21,1129.64095,2309.32,100.04,366
"1129","CorpusChristi","2008",27.7635,-97.4033,365,63.8095238095238,180.666666666667,137.571428571429,"Nueces_TX","TX",1050.58,996.87,1102.7118,2310.595,65.18,366
"1130","CorpusChristi","2009",27.7635,-97.4033,365,63.8095238095238,180.666666666667,137.571428571429,"Nueces_TX","TX",1118.985,1032.545,1132.94875,2339.405,52.29,366
"1131","CorpusChristi","2010",27.7635,-97.4033,365,68,188,138.9,"Nueces_TX","TX",1056.71,1007.065,1126.46925,2355.755,70.09,366
"1132","CorpusChristi","2011",27.7635,-97.4033,365,60,174,136.363636363636,"Nueces_TX","TX",1135.305,1063.155,1169.97235,2345.675,34.33,366
"1133","CorpusChristi","2012",27.7635,-97.4033,365,63.8095238095238,180.666666666667,137.571428571429,"Nueces_TX","TX",1165.605,1081.015,1176.52265,2320.71,97.47,366
"1134","CorpusChristi","2013",27.7635,-97.4033,365,63.8095238095238,180.666666666667,137.571428571429,"Nueces_TX","TX",956.735,930.95,1048.60425,2306.37,159.9,366
"1135","CorpusChristi","2014",27.7635,-97.4033,365,63.8095238095238,180.666666666667,137.571428571429,"Nueces_TX","TX",962.475,920.46,1042.68895,2309.605,108.59,366
"1136","CorpusChristi","2015",27.7635,-97.4033,365,63.8095238095238,180.666666666667,137.571428571429,"Nueces_TX","TX",1022.025,990.465,1104.9351,2324.455,322.74,366
"1137","CorpusChristi","2016",27.7635,-97.4033,365,63.8095238095238,180.666666666667,137.571428571429,"Nueces_TX","TX",1100.23,1045.39,1153.0118,2343.145,393.23,366
"1138","CorpusChristi","2017",27.7635,-97.4033,365,63.8095238095238,180.666666666667,137.571428571429,"Nueces_TX","TX",1152.99,1069.15,1164.1907,2308.18,217.81,366
"1139","CorpusChristi","2018",27.7635,-97.4033,365,63.8095238095238,180.666666666667,137.571428571429,"Nueces_TX","TX",1078.085,1012.69,1119.87705,2331.845,24.08,366
"1140","CorpusChristi","2019",27.7635,-97.4033,365,63.8095238095238,180.666666666667,137.571428571429,"Nueces_TX","TX",1012.01,967.185,1076.714,2373.625,143.92,366
"1141","CorpusChristi","2020",27.7635,-97.4033,365,63.8095238095238,180.666666666667,137.571428571429,"Nueces_TX","TX",1170.565,1084.165,1187.9118,2329.96,285.16,366
"1142","CorpusChristi","2021",27.7635,-97.4033,365,63.8095238095238,180.666666666667,137.571428571429,"Nueces_TX","TX",1074.01,1016.355,1130.45535,2310.395,453.26,366
"1143","CorpusChristi","2022",27.7635,-97.4033,365,63.8095238095238,180.666666666667,137.571428571429,"Nueces_TX","TX",1107.395,1024.945,1123.62875,2345.115,87.31,357
"1144","CorpusChristi","2023",27.7635,-97.4033,365,63.8095238095238,180.666666666667,137.571428571429,"Nueces_TX","TX",1118.88,1037.31,1143.39205,2359.145,153.14,366
"1145","Crookston","1980",47.774,-96.6081,365,NA,NA,203.382978723404,"Polk_MN","MN",NA,NA,NA,1439.75,96.6,300
"1146","Crookston","1981",47.774,-96.6081,365,NA,NA,203.382978723404,"Polk_MN","MN",NA,NA,NA,1402.52,148.74,294
"1147","Crookston","1982",47.774,-96.6081,365,NA,NA,203.382978723404,"Polk_MN","MN",NA,NA,NA,1301.36,133.96,294
"1148","Crookston","1983",47.774,-96.6081,365,NA,NA,203.382978723404,"Polk_MN","MN",NA,NA,NA,1456.28,101.84,287
"1149","Crookston","1984",47.774,-96.6081,365,NA,NA,203.382978723404,"Polk_MN","MN",NA,NA,NA,1426.985,60.09,302
"1150","Crookston","1985",47.774,-96.6081,365,NA,NA,203.382978723404,"Polk_MN","MN",NA,NA,NA,1289.825,123.95,268
"1151","Crookston","1986",47.774,-96.6081,365,NA,NA,203.382978723404,"Polk_MN","MN",NA,NA,NA,1415.465,125.6,282
"1152","Crookston","1987",47.774,-96.6081,365,NA,NA,203.382978723404,"Polk_MN","MN",NA,NA,NA,1481.91,237.91,280
"1153","Crookston","1988",47.774,-96.6081,365,NA,NA,203.382978723404,"Polk_MN","MN",NA,NA,NA,1578.68,97.02,278
"1154","Crookston","1989",47.774,-96.6081,365,NA,NA,203.382978723404,"Polk_MN","MN",NA,NA,NA,1473.01,0,276
"1155","Crookston","1990",47.774,-96.6081,365,NA,NA,203.382978723404,"Polk_MN","MN",NA,NA,NA,1456.19,33.17,280
"1156","Crookston","1991",47.774,-96.6081,365,NA,NA,203.382978723404,"Polk_MN","MN",NA,NA,NA,1606.66,107.65,291
"1157","Crookston","1992",47.774,-96.6081,365,NA,NA,203.382978723404,"Polk_MN","MN",NA,NA,NA,1235.815,86.49,287
"1158","Crookston","1993",47.774,-96.6081,365,NA,NA,203.382978723404,"Polk_MN","MN",NA,NA,NA,1265.585,174.55,275
"1159","Crookston","1994",47.774,-96.6081,365,NA,NA,203.382978723404,"Polk_MN","MN",NA,NA,NA,1374.745,182.11,304
"1160","Crookston","1995",47.774,-96.6081,365,NA,NA,203.382978723404,"Polk_MN","MN",NA,NA,NA,1441.45,206.41,307
"1161","Crookston","1996",47.774,-96.6081,365,NA,NA,203.382978723404,"Polk_MN","MN",NA,NA,NA,1426.315,116.58,277
"1162","Crookston","1997",47.774,-96.6081,365,NA,NA,203.382978723404,"Polk_MN","MN",NA,NA,NA,1364.55,111.03,295
"1163","Crookston","1998",47.774,-96.6081,365,NA,NA,203.382978723404,"Polk_MN","MN",NA,NA,NA,1459.145,53.69,307
"1164","Crookston","1999",47.774,-96.6081,365,NA,NA,203.382978723404,"Polk_MN","MN",NA,NA,NA,1367.54,168.44,275
"1165","Crookston","2000",47.774,-96.6081,365,NA,NA,203.382978723404,"Polk_MN","MN",NA,NA,NA,1336.47,134.73,278
"1166","Crookston","2001",47.774,-96.6081,365,NA,NA,203.382978723404,"Polk_MN","MN",NA,NA,NA,1448.435,220.91,279
"1167","Crookston","2002",47.774,-96.6081,365,NA,NA,203.382978723404,"Polk_MN","MN",NA,NA,NA,1436.505,172.19,289
"1168","Crookston","2003",47.774,-96.6081,365,NA,NA,203.382978723404,"Polk_MN","MN",NA,NA,NA,1424.77,58.12,274
"1169","Crookston","2004",47.774,-96.6081,365,NA,NA,203.382978723404,"Polk_MN","MN",NA,NA,NA,1155.295,140.87,278
"1170","Crookston","2005",47.774,-96.6081,365,NA,NA,203.382978723404,"Polk_MN","MN",NA,NA,NA,1395.775,142.89,318
"1171","Crookston","2006",47.774,-96.6081,365,NA,NA,203.382978723404,"Polk_MN","MN",NA,NA,NA,1485.99,96.65,284
"1172","Crookston","2007",47.774,-96.6081,365,NA,NA,203.382978723404,"Polk_MN","MN",NA,NA,NA,1469.06,72.89,301
"1173","Crookston","2008",47.774,-96.6081,365,NA,NA,203.382978723404,"Polk_MN","MN",NA,NA,NA,1304.335,133.9,302
"1174","Crookston","2009",47.774,-96.6081,365,NA,NA,203.382978723404,"Polk_MN","MN",NA,NA,NA,1251.81,139.73,282
"1175","Crookston","2010",47.774,-96.6081,365,NA,NA,203.382978723404,"Polk_MN","MN",NA,NA,NA,1459.085,131.52,309
"1176","Crookston","2011",47.774,-96.6081,365,NA,NA,203.382978723404,"Polk_MN","MN",NA,NA,NA,1433.22,163.28,293
"1177","Crookston","2012",47.774,-96.6081,365,NA,NA,203.382978723404,"Polk_MN","MN",NA,NA,NA,1484.935,109.97,267
"1178","Crookston","2013",47.774,-96.6081,365,NA,NA,203.382978723404,"Polk_MN","MN",NA,NA,NA,1435.33,32.59,301
"1179","Crookston","2014",47.774,-96.6081,365,NA,NA,203.382978723404,"Polk_MN","MN",NA,NA,NA,1400.375,77.8,283
"1180","Crookston","2015",47.774,-96.6081,365,NA,NA,203.382978723404,"Polk_MN","MN",NA,NA,NA,1408.44,127.63,290
"1181","Crookston","2016",47.774,-96.6081,365,NA,NA,203.382978723404,"Polk_MN","MN",NA,NA,NA,1497.48,241.02,324
"1182","Crookston","2017",47.774,-96.6081,365,NA,NA,203.382978723404,"Polk_MN","MN",NA,NA,NA,1362.385,68.76,288
"1183","Crookston","2018",47.774,-96.6081,365,NA,NA,203.382978723404,"Polk_MN","MN",NA,NA,NA,1516.265,79.08,284
"1184","Crookston","2019",47.774,-96.6081,365,NA,NA,203.382978723404,"Polk_MN","MN",NA,NA,NA,1330.325,158.78,301
"1185","Crookston","2020",47.774,-96.6081,365,NA,NA,203.382978723404,"Polk_MN","MN",NA,NA,NA,1430.59,206.13,289
"1186","Crookston","2021",47.774,-96.6081,365,NA,NA,203.382978723404,"Polk_MN","MN",NA,NA,NA,1498.055,44.38,294
"1187","Crookston","2022",47.774,-96.6081,365,NA,NA,203.382978723404,"Polk_MN","MN",NA,NA,NA,1458.23,70.06,280
"1188","Crookston","2023",47.774,-96.6081,365,NA,NA,203.382978723404,"Polk_MN","MN",NA,NA,NA,1525.11,74.21,300
"1189","ELDO","1980",38.8584,-99.3342,365,177.3669527897,295.276824034335,233.851612903226,"Ellis_KS","KS",1520.97,1141.06,1227.8135,1820.295,144.75,303
"1190","ELDO","1981",38.8584,-99.3342,365,177.3669527897,295.276824034335,233.851612903226,"Ellis_KS","KS",1272.74,1066.14,1153.6485,1708.455,105.03,313
"1191","ELDO","1982",38.8584,-99.3342,365,177.3669527897,295.276824034335,233.851612903226,"Ellis_KS","KS",1328.795,1075.32,1163.46155,1710.935,45.93,293
"1192","ELDO","1983",38.8584,-99.3342,365,177.3669527897,295.276824034335,233.851612903226,"Ellis_KS","KS",1510.485,1138.12,1224.3385,1740.525,75.91,314
"1193","ELDO","1984",38.8584,-99.3342,365,177.3669527897,295.276824034335,233.851612903226,"Ellis_KS","KS",1377.75,1073.225,1158.6635,1751.915,67.3,307
"1194","ELDO","1985",38.8584,-99.3342,365,177.3669527897,295.276824034335,233.851612903226,"Ellis_KS","KS",1273.74,1031.825,1120.6885,1713.35,137.69,304
"1195","ELDO","1986",38.8584,-99.3342,365,177.3669527897,295.276824034335,233.851612903226,"Ellis_KS","KS",1316.485,1079.27,1170.2496,1786.425,118.23,313
"1196","ELDO","1987",38.8584,-99.3342,365,188,292,243.684210526316,"Ellis_KS","KS",1258.125,1053.685,1149.6082,1785.32,142.82,313
"1197","ELDO","1988",38.8584,-99.3342,365,189,308,243,"Ellis_KS","KS",1306.28,1052.025,1147.1882,1814.525,56.63,302
"1198","ELDO","1989",38.8584,-99.3342,365,177.3669527897,295.276824034335,233.851612903226,"Ellis_KS","KS",1263.975,1067.775,1155.2935,1734.3,138.42,292
"1199","ELDO","1990",38.8584,-99.3342,365,177.3669527897,295.276824034335,233.851612903226,"Ellis_KS","KS",1340.045,1082.955,1169.4435,1770.375,98.75,309
"1200","ELDO","1991",38.8584,-99.3342,365,177.3669527897,295.276824034335,233.851612903226,"Ellis_KS","KS",1381.245,1094.935,1181.9585,1868.815,110.95,302
"1201","ELDO","1992",38.8584,-99.3342,365,175,288,230.974358974359,"Ellis_KS","KS",1129.295,1000.675,1097.4482,1611.44,137.56,309
"1202","ELDO","1993",38.8584,-99.3342,365,179,300,233.666666666667,"Ellis_KS","KS",1254.845,1064.505,1159.9743,1705.06,216.12,303
"1203","ELDO","1994",38.8584,-99.3342,365,182,287,236.205128205128,"Ellis_KS","KS",1263.76,1042.37,1132.0271,1786.965,22.08,314
"1204","ELDO","1995",38.8584,-99.3342,365,181,297,235.487804878049,"Ellis_KS","KS",1394.455,1094.155,1187.00015,1667.555,100.18,306
"1205","ELDO","1996",38.8584,-99.3342,365,179,295,233.975,"Ellis_KS","KS",1251.54,1071.28,1160.90405,1733.46,203.06,316
"1206","ELDO","1997",38.8584,-99.3342,365,183,296,240.142857142857,"Ellis_KS","KS",1277.965,1068.165,1160.4782,1727.19,133.61,299
"1207","ELDO","1998",38.8584,-99.3342,365,177.3669527897,295.276824034335,233.851612903226,"Ellis_KS","KS",1372.605,1110.665,1198.8985,1809.09,62.46,341
"1208","ELDO","1999",38.8584,-99.3342,365,177.3669527897,295.276824034335,233.851612903226,"Ellis_KS","KS",1351.28,1098.605,1186.20655,1772.87,113.68,306
"1209","ELDO","2000",38.8584,-99.3342,365,177.3669527897,295.276824034335,233.851612903226,"Ellis_KS","KS",1406.48,1103.415,1191.0435,1827.6,9.6,281
"1210","ELDO","2001",38.8584,-99.3342,365,177.3669527897,295.276824034335,233.851612903226,"Ellis_KS","KS",1441.86,1120.995,1206.4335,1798.235,168.92,313
"1211","ELDO","2002",38.8584,-99.3342,365,177.3669527897,295.276824034335,233.851612903226,"Ellis_KS","KS",1396.285,1107.985,1193.4235,1820.045,108.48,305
"1212","ELDO","2003",38.8584,-99.3342,365,177.3669527897,295.276824034335,233.851612903226,"Ellis_KS","KS",1403.64,1081.975,1170.3596,1726.555,185.67,299
"1213","ELDO","2004",38.8584,-99.3342,365,176,296,235.545454545455,"Ellis_KS","KS",1161.895,1005.055,1103.0293,1706.37,96.28,308
"1214","ELDO","2005",38.8584,-99.3342,365,175,280,233.055555555556,"Ellis_KS","KS",1369.23,1101.105,1190.3421,1803.88,102.34,297
"1215","ELDO","2006",38.8584,-99.3342,365,177.3669527897,295.276824034335,233.851612903226,"Ellis_KS","KS",1360.435,1085.235,1175.88655,1796.025,171.99,295
"1216","ELDO","2007",38.8584,-99.3342,365,159,289,217,"Ellis_KS","KS",1340.175,1113.775,1201.85405,1842.19,146.73,310
"1217","ELDO","2008",38.8584,-99.3342,365,177.3669527897,295.276824034335,233.851612903226,"Ellis_KS","KS",1263.145,1054.12,1145.0896,1719.16,116.63,326
"1218","ELDO","2009",38.8584,-99.3342,365,170,314,223.666666666667,"Ellis_KS","KS",1280.635,1064.39,1151.62905,1699.02,152.35,322
"1219","ELDO","2010",38.8584,-99.3342,365,168,286,223.2,"Ellis_KS","KS",1431.22,1128.305,1215.09405,1786.9,123.08,309
"1220","ELDO","2011",38.8584,-99.3342,365,177.3669527897,295.276824034335,233.851612903226,"Ellis_KS","KS",1504.65,1141.94,1227.8185,1820.75,121.07,308
"1221","ELDO","2012",38.8584,-99.3342,365,177.3669527897,295.276824034335,233.851612903226,"Ellis_KS","KS",1458.34,1098.4,1184.2885,1827.535,111.05,301
"1222","ELDO","2013",38.8584,-99.3342,365,168,301,239.913043478261,"Ellis_KS","KS",1337.305,1098.16,1187.95015,1800.905,74.49,316
"1223","ELDO","2014",38.8584,-99.3342,365,177.3669527897,295.276824034335,233.851612903226,"Ellis_KS","KS",1291.715,1047.22,1136.8396,1740.01,117.18,315
"1224","ELDO","2015",38.8584,-99.3342,365,177.3669527897,295.276824034335,233.851612903226,"Ellis_KS","KS",1328.91,1066.45,1152.3835,1748.32,16.53,325
"1225","ELDO","2016",38.8584,-99.3342,365,177.3669527897,295.276824034335,233.851612903226,"Ellis_KS","KS",1301.175,1083.9,1173.8485,1786.71,130.95,317
"1226","ELDO","2017",38.8584,-99.3342,365,171,292,229.333333333333,"Ellis_KS","KS",1303.305,1067.13,1157.0221,1733.905,87.33,301
"1227","ELDO","2018",38.8584,-99.3342,365,177.3669527897,295.276824034335,233.851612903226,"Ellis_KS","KS",1290.82,1077.275,1165.82155,1854.245,222.09,288
"1228","ELDO","2019",38.8584,-99.3342,365,177.3669527897,295.276824034335,233.851612903226,"Ellis_KS","KS",1336.77,1090.105,1176.6685,1722.675,310.27,298
"1229","ELDO","2020",38.8584,-99.3342,365,177.3669527897,295.276824034335,233.851612903226,"Ellis_KS","KS",1310.175,1085.03,1172.3385,1759.04,106.96,298
"1230","ELDO","2021",38.8584,-99.3342,365,177.3669527897,295.276824034335,233.851612903226,"Ellis_KS","KS",1347.955,1090.815,1176.2535,1781.015,124.33,317
"1231","ELDO","2022",38.8584,-99.3342,365,177.3669527897,295.276824034335,233.851612903226,"Ellis_KS","KS",1401.5,1078.285,1166.22155,1790.52,59.45,315
"1232","ELDO","2023",38.8584,-99.3342,365,177.3669527897,295.276824034335,233.851612903226,"Ellis_KS","KS",1373.97,1087.16,1172.9785,1822.305,122.9,302
"1233","Ellis","1980",32.269,-96.6961,365,70.6034482758621,210.379310344828,154.862068965517,"Ellis_TX","TX",753.585,741.73,861.7809,2181.28,84.6,356
"1234","Ellis","1981",32.269,-96.6961,365,70.6034482758621,210.379310344828,154.862068965517,"Ellis_TX","TX",871.605,836.09,957.0337,2076.02,422.64,352
"1235","Ellis","1982",32.269,-96.6961,365,70.6034482758621,210.379310344828,154.862068965517,"Ellis_TX","TX",835.58,812.91,934.4395,2114.775,201.61,346
"1236","Ellis","1983",32.269,-96.6961,365,70.6034482758621,210.379310344828,154.862068965517,"Ellis_TX","TX",660.02,669.84,790.677,2041.905,229.74,353
"1237","Ellis","1984",32.269,-96.6961,365,70.6034482758621,210.379310344828,154.862068965517,"Ellis_TX","TX",853.055,798.705,913.57535,2094.155,108.83,366
"1238","Ellis","1985",32.269,-96.6961,365,70.6034482758621,210.379310344828,154.862068965517,"Ellis_TX","TX",875.53,837.32,952.76895,2101.23,91.23,336
"1239","Ellis","1986",32.269,-96.6961,365,70.6034482758621,210.379310344828,154.862068965517,"Ellis_TX","TX",854.01,836.435,957.26065,2102.52,294.42,317
"1240","Ellis","1987",32.269,-96.6961,365,70.6034482758621,210.379310344828,154.862068965517,"Ellis_TX","TX",786.86,751.38,859.09065,2098.94,269.79,350
"1241","Ellis","1988",32.269,-96.6961,365,70.6034482758621,210.379310344828,154.862068965517,"Ellis_TX","TX",764.625,745.925,854.48095,2033.425,111.01,366
"1242","Ellis","1989",32.269,-96.6961,365,70.6034482758621,210.379310344828,154.862068965517,"Ellis_TX","TX",844.76,816.93,931.1426,2031.76,285.33,343
"1243","Ellis","1990",32.269,-96.6961,365,70.6034482758621,210.379310344828,154.862068965517,"Ellis_TX","TX",770.06,750.955,885.41195,2106.11,118.27,356
"1244","Ellis","1991",32.269,-96.6961,365,70.6034482758621,210.379310344828,154.862068965517,"Ellis_TX","TX",861.47,835.635,950.6462,2087.04,105.8,307
"1245","Ellis","1992",32.269,-96.6961,365,70.6034482758621,210.379310344828,154.862068965517,"Ellis_TX","TX",777.81,766.465,884.4948,1979.055,312.3,332
"1246","Ellis","1993",32.269,-96.6961,365,70.6034482758621,210.379310344828,154.862068965517,"Ellis_TX","TX",705.475,700.335,833.4892,2116.94,101.38,304
"1247","Ellis","1994",32.269,-96.6961,365,70.6034482758621,210.379310344828,154.862068965517,"Ellis_TX","TX",804.83,793.51,911.1548,2092.9,105.42,366
"1248","Ellis","1995",32.269,-96.6961,365,70.6034482758621,210.379310344828,154.862068965517,"Ellis_TX","TX",809.53,786.185,914.67615,2082.535,136.18,333
"1249","Ellis","1996",32.269,-96.6961,365,70.6034482758621,210.379310344828,154.862068965517,"Ellis_TX","TX",802.85,770.295,868.51875,2160.715,58.91,353
"1250","Ellis","1997",32.269,-96.6961,365,70.6034482758621,210.379310344828,154.862068965517,"Ellis_TX","TX",711.16,706.85,842.50835,2049.69,158.81,347
"1251","Ellis","1998",32.269,-96.6961,365,70.6034482758621,210.379310344828,154.862068965517,"Ellis_TX","TX",865.69,807.96,923.91925,2249.515,30.6,356
"1252","Ellis","1999",32.269,-96.6961,365,70.6034482758621,210.379310344828,154.862068965517,"Ellis_TX","TX",828.195,801.95,919.23145,2158.445,157.69,366
"1253","Ellis","2000",32.269,-96.6961,365,70.6034482758621,210.379310344828,154.862068965517,"Ellis_TX","TX",838.025,808.255,924.0398,2186.345,313.39,347
"1254","Ellis","2001",32.269,-96.6961,365,70.6034482758621,210.379310344828,154.862068965517,"Ellis_TX","TX",844.755,809.03,926.6159,2154.82,151.31,366
"1255","Ellis","2002",32.269,-96.6961,365,70.6034482758621,210.379310344828,154.862068965517,"Ellis_TX","TX",866.63,823.18,943.8509,2068.99,167.94,359
"1256","Ellis","2003",32.269,-96.6961,365,70.6034482758621,210.379310344828,154.862068965517,"Ellis_TX","TX",880.57,840.04,950.1715,2087.365,190.96,366
"1257","Ellis","2004",32.269,-96.6961,365,70.6034482758621,210.379310344828,154.862068965517,"Ellis_TX","TX",867.985,843.805,963.6348,2101.63,263.88,350
"1258","Ellis","2005",32.269,-96.6961,365,70.6034482758621,210.379310344828,154.862068965517,"Ellis_TX","TX",774.405,758.01,882.7248,2131.655,85.11,340
"1259","Ellis","2006",32.269,-96.6961,365,70.6034482758621,210.379310344828,154.862068965517,"Ellis_TX","TX",921.655,861.33,967.829,2147.725,61.43,335
"1260","Ellis","2007",32.269,-96.6961,365,70.6034482758621,210.379310344828,154.862068965517,"Ellis_TX","TX",864.38,836.835,959.0823,2135.42,455.64,357
"1261","Ellis","2008",32.269,-96.6961,365,70.6034482758621,210.379310344828,154.862068965517,"Ellis_TX","TX",822.505,795.325,912.76425,2140.79,87.6,351
"1262","Ellis","2009",32.269,-96.6961,365,70.6034482758621,210.379310344828,154.862068965517,"Ellis_TX","TX",783.24,769.735,886.42535,2139.815,96.64,339
"1263","Ellis","2010",32.269,-96.6961,365,91,221,165.846153846154,"Ellis_TX","TX",1116.625,1003.74,1106.98735,2222.425,93.21,347
"1264","Ellis","2011",32.269,-96.6961,365,70,199,153.909090909091,"Ellis_TX","TX",926.615,861.295,969.1479,2249.47,92.19,341
"1265","Ellis","2012",32.269,-96.6961,365,60,188,143.235294117647,"Ellis_TX","TX",945.575,900.2,1012.92205,2179.585,145.75,346
"1266","Ellis","2013",32.269,-96.6961,365,66,232,158.705882352941,"Ellis_TX","TX",658.92,676.71,804.1745,2135.42,80.08,341
"1267","Ellis","2014",32.269,-96.6961,365,70.6034482758621,210.379310344828,154.862068965517,"Ellis_TX","TX",761.01,740.625,855.6298,2128.465,163.25,321
"1268","Ellis","2015",32.269,-96.6961,365,70.6034482758621,210.379310344828,154.862068965517,"Ellis_TX","TX",906.015,875.455,999.5745,2177.41,335.99,366
"1269","Ellis","2016",32.269,-96.6961,365,70.6034482758621,210.379310344828,154.862068965517,"Ellis_TX","TX",823.95,803.81,928.67175,2174.965,246.82,353
"1270","Ellis","2017",32.269,-96.6961,365,70.6034482758621,210.379310344828,154.862068965517,"Ellis_TX","TX",929.125,883.825,988.7029,2139.67,231.23,342
"1271","Ellis","2018",32.269,-96.6961,365,70.6034482758621,210.379310344828,154.862068965517,"Ellis_TX","TX",828.02,791.635,908.08035,2233.245,49.58,318
"1272","Ellis","2019",32.269,-96.6961,365,70.6034482758621,210.379310344828,154.862068965517,"Ellis_TX","TX",786,772.865,900.98505,2155.585,304.4,316
"1273","Ellis","2020",32.269,-96.6961,365,70.6034482758621,210.379310344828,154.862068965517,"Ellis_TX","TX",878.81,828.74,951.9931,2148.165,233.3,366
"1274","Ellis","2021",32.269,-96.6961,365,70.6034482758621,210.379310344828,154.862068965517,"Ellis_TX","TX",787.08,775.74,904.0206,2144.91,314.16,366
"1275","Ellis","2022",32.269,-96.6961,365,70.6034482758621,210.379310344828,154.862068965517,"Ellis_TX","TX",944.09,874.855,979.99455,2248.255,73.52,356
"1276","Ellis","2023",32.269,-96.6961,365,70.6034482758621,210.379310344828,154.862068965517,"Ellis_TX","TX",816.46,788.505,917.31115,2235.07,128.59,366
"1277","Fargo","1980",46.9205,-96.6707,365,147.024647887324,301.584507042254,212.714285714286,"Clay_MN","MN",964.55,869.25,976.0118,1465.915,140.95,286
"1278","Fargo","1981",46.9205,-96.6707,365,147.024647887324,301.584507042254,212.714285714286,"Clay_MN","MN",903.72,852.25,972.99925,1433.435,171.38,294
"1279","Fargo","1982",46.9205,-96.6707,365,147.024647887324,301.584507042254,212.714285714286,"Clay_MN","MN",860,801.515,916.3712,1364.855,125.46,294
"1280","Fargo","1983",46.9205,-96.6707,365,147.024647887324,301.584507042254,212.714285714286,"Clay_MN","MN",1011.665,909.325,1019.97315,1514.215,118.67,287
"1281","Fargo","1984",46.9205,-96.6707,365,147.024647887324,301.584507042254,212.714285714286,"Clay_MN","MN",935.735,872.545,977.409,1461.385,23.42,270
"1282","Fargo","1985",46.9205,-96.6707,365,147.024647887324,301.584507042254,212.714285714286,"Clay_MN","MN",830.27,789.915,908.95895,1348.54,119.23,282
"1283","Fargo","1986",46.9205,-96.6707,365,147.024647887324,301.584507042254,212.714285714286,"Clay_MN","MN",991.965,921.535,1025.5618,1451.425,107.54,282
"1284","Fargo","1987",46.9205,-96.6707,365,147.024647887324,301.584507042254,212.714285714286,"Clay_MN","MN",1076.84,951.315,1052.20875,1529.075,194.81,280
"1285","Fargo","1988",46.9205,-96.6707,365,147.024647887324,301.584507042254,212.714285714286,"Clay_MN","MN",1189.04,992.245,1080.0335,1633.315,92.36,278
"1286","Fargo","1989",46.9205,-96.6707,365,147.024647887324,301.584507042254,212.714285714286,"Clay_MN","MN",1004.42,882.795,990.05565,1494.88,172.1,276
"1287","Fargo","1990",46.9205,-96.6707,365,147.024647887324,301.584507042254,212.714285714286,"Clay_MN","MN",939.345,876.1,981.50735,1471.645,51.26,280
"1288","Fargo","1991",46.9205,-96.6707,365,147.024647887324,301.584507042254,212.714285714286,"Clay_MN","MN",1009.95,944.58,1050.0718,1643.51,92.48,288
"1289","Fargo","1992",46.9205,-96.6707,365,147.024647887324,301.584507042254,212.714285714286,"Clay_MN","MN",746.575,730.66,872.2753,1291.72,109.77,288
"1290","Fargo","1993",46.9205,-96.6707,365,147.024647887324,301.584507042254,212.714285714286,"Clay_MN","MN",764.015,754.015,903.55775,1340.27,210.48,275
"1291","Fargo","1994",46.9205,-96.6707,365,147.024647887324,301.584507042254,212.714285714286,"Clay_MN","MN",917.305,878.13,997.359,1454.51,100.33,304
"1292","Fargo","1995",46.9205,-96.6707,365,147.024647887324,301.584507042254,212.714285714286,"Clay_MN","MN",1005.965,923.805,1032.889,1518.545,148.37,265
"1293","Fargo","1996",46.9205,-96.6707,365,147.024647887324,301.584507042254,212.714285714286,"Clay_MN","MN",932.845,869.825,978.7854,1465.895,85.3,304
"1294","Fargo","1997",46.9205,-96.6707,365,147.024647887324,301.584507042254,212.714285714286,"Clay_MN","MN",980.56,908.03,1015.2329,1418.56,97.08,295
"1295","Fargo","1998",46.9205,-96.6707,365,147.024647887324,301.584507042254,212.714285714286,"Clay_MN","MN",907.42,860.505,974.68285,1533.26,53.27,307
"1296","Fargo","1999",46.9205,-96.6707,365,147.024647887324,301.584507042254,212.714285714286,"Clay_MN","MN",970.775,897.435,1010.57815,1459.22,138.95,275
"1297","Fargo","2000",46.9205,-96.6707,365,147.024647887324,301.584507042254,212.714285714286,"Clay_MN","MN",884.355,828.29,953.4178,1415.32,60.62,282
"1298","Fargo","2001",46.9205,-96.6707,365,147.024647887324,301.584507042254,212.714285714286,"Clay_MN","MN",999.735,909.39,1027.6784,1518.67,158.48,279
"1299","Fargo","2002",46.9205,-96.6707,365,147.024647887324,301.584507042254,212.714285714286,"Clay_MN","MN",1039.34,947.695,1054.36485,1497.745,130.49,289
"1300","Fargo","2003",46.9205,-96.6707,365,147.024647887324,301.584507042254,212.714285714286,"Clay_MN","MN",918.68,867.06,982.92675,1474.705,22.46,273
"1301","Fargo","2004",46.9205,-96.6707,365,147.024647887324,301.584507042254,212.714285714286,"Clay_MN","MN",814.475,782.7,914.98585,1255.3,98.81,316
"1302","Fargo","2005",46.9205,-96.6707,365,147.024647887324,301.584507042254,212.714285714286,"Clay_MN","MN",999.615,924.465,1045.0823,1489.95,213.8,320
"1303","Fargo","2006",46.9205,-96.6707,365,147.024647887324,301.584507042254,212.714285714286,"Clay_MN","MN",1065.69,953.315,1049.87875,1558.325,102.91,284
"1304","Fargo","2007",46.9205,-96.6707,365,147.024647887324,301.584507042254,212.714285714286,"Clay_MN","MN",1051.63,959.845,1064.45485,1562.815,76.64,310
"1305","Fargo","2008",46.9205,-96.6707,365,147.024647887324,301.584507042254,212.714285714286,"Clay_MN","MN",883.77,841.78,960.6309,1399.475,136.85,302
"1306","Fargo","2009",46.9205,-96.6707,365,147.024647887324,301.584507042254,212.714285714286,"Clay_MN","MN",805.465,788.01,914.6345,1338.425,73.33,282
"1307","Fargo","2010",46.9205,-96.6707,365,147.024647887324,301.584507042254,212.714285714286,"Clay_MN","MN",984.045,933.12,1040.95095,1534.13,189.36,309
"1308","Fargo","2011",46.9205,-96.6707,365,147.024647887324,301.584507042254,212.714285714286,"Clay_MN","MN",1001.045,926.25,1041.60925,1521.69,211.96,293
"1309","Fargo","2012",46.9205,-96.6707,365,147.024647887324,301.584507042254,212.714285714286,"Clay_MN","MN",1066.8,951.22,1050.01235,1566.58,58.64,286
"1310","Fargo","2013",46.9205,-96.6707,365,147.024647887324,301.584507042254,212.714285714286,"Clay_MN","MN",951.18,891.65,1005.6451,1522.495,32.03,301
"1311","Fargo","2014",46.9205,-96.6707,365,147.024647887324,301.584507042254,212.714285714286,"Clay_MN","MN",936.86,893.525,1011.46315,1476.74,59.48,283
"1312","Fargo","2015",46.9205,-96.6707,365,147.024647887324,301.584507042254,212.714285714286,"Clay_MN","MN",947.3,895.81,1001.3329,1465.575,127.73,289
"1313","Fargo","2016",46.9205,-96.6707,365,147.024647887324,301.584507042254,212.714285714286,"Clay_MN","MN",983.405,922.78,1029.149,1559.44,137.32,324
"1314","Fargo","2017",46.9205,-96.6707,365,147.024647887324,301.584507042254,212.714285714286,"Clay_MN","MN",925.47,853.835,966.35315,1395.32,69.41,300
"1315","Fargo","2018",46.9205,-96.6707,365,145,297,207.454545454545,"Clay_MN","MN",1025.065,950.68,1052.8143,1557.46,124.63,285
"1316","Fargo","2019",46.9205,-96.6707,365,149,323,218.341463414634,"Clay_MN","MN",994.015,925.205,1037.5565,1379.59,143.1,297
"1317","Fargo","2020",46.9205,-96.6707,365,150,288,214.608695652174,"Clay_MN","MN",1061.9,968.515,1070.8643,1527.195,263.95,289
"1318","Fargo","2021",46.9205,-96.6707,365,139,295,206.354166666667,"Clay_MN","MN",1049.59,921.745,1020.19985,1564.655,79.03,296
"1319","Fargo","2022",46.9205,-96.6707,365,144,291,212.390243902439,"Clay_MN","MN",997.84,925.585,1029.9754,1517.995,169.22,290
"1320","Fargo","2023",46.9205,-96.6707,365,156,318,219.619047619048,"Clay_MN","MN",1003.405,933.725,1042.63345,1597,109.23,300
"1321","Fargo","1980",46.9774,-96.6341,365,147.024647887324,301.584507042254,212.714285714286,"Clay_MN","MN",959.605,866.035,972.5368,1460.66,134.23,286
"1322","Fargo","1981",46.9774,-96.6341,365,147.024647887324,301.584507042254,212.714285714286,"Clay_MN","MN",900.285,849.725,970.8273,1429.07,171.64,294
"1323","Fargo","1982",46.9774,-96.6341,365,147.024647887324,301.584507042254,212.714285714286,"Clay_MN","MN",853.905,797.845,912.76815,1359.305,97.71,294
"1324","Fargo","1983",46.9774,-96.6341,365,147.024647887324,301.584507042254,212.714285714286,"Clay_MN","MN",1009.08,908.01,1018.7162,1512.58,123.24,287
"1325","Fargo","1984",46.9774,-96.6341,365,147.024647887324,301.584507042254,212.714285714286,"Clay_MN","MN",933.315,871.255,976.444,1459.58,18.98,270
"1326","Fargo","1985",46.9774,-96.6341,365,147.024647887324,301.584507042254,212.714285714286,"Clay_MN","MN",824.575,787.51,906.94395,1343.05,120.43,282
"1327","Fargo","1986",46.9774,-96.6341,365,147.024647887324,301.584507042254,212.714285714286,"Clay_MN","MN",988.85,920.095,1024.6818,1449.4,99.31,282
"1328","Fargo","1987",46.9774,-96.6341,365,147.024647887324,301.584507042254,212.714285714286,"Clay_MN","MN",1074.04,951.025,1051.9968,1528.21,219.44,280
"1329","Fargo","1988",46.9774,-96.6341,365,147.024647887324,301.584507042254,212.714285714286,"Clay_MN","MN",1185.575,991.78,1079.7385,1633.19,101.53,278
"1330","Fargo","1989",46.9774,-96.6341,365,147.024647887324,301.584507042254,212.714285714286,"Clay_MN","MN",1001.09,880.565,987.5476,1492.1,190.54,276
"1331","Fargo","1990",46.9774,-96.6341,365,147.024647887324,301.584507042254,212.714285714286,"Clay_MN","MN",936.33,874.445,980.24235,1470.135,49.28,280
"1332","Fargo","1991",46.9774,-96.6341,365,147.024647887324,301.584507042254,212.714285714286,"Clay_MN","MN",1008.695,943.975,1049.5118,1643.125,102.37,288
"1333","Fargo","1992",46.9774,-96.6341,365,147.024647887324,301.584507042254,212.714285714286,"Clay_MN","MN",745.405,729.955,872.2453,1291.395,116.48,288
"1334","Fargo","1993",46.9774,-96.6341,365,147.024647887324,301.584507042254,212.714285714286,"Clay_MN","MN",761.695,752.565,902.1908,1337.25,208.98,275
"1335","Fargo","1994",46.9774,-96.6341,365,147.024647887324,301.584507042254,212.714285714286,"Clay_MN","MN",912.775,874.985,995.574,1447.79,102.57,304
"1336","Fargo","1995",46.9774,-96.6341,365,147.024647887324,301.584507042254,212.714285714286,"Clay_MN","MN",1002.915,921.445,1031.1715,1514,145.91,265
"1337","Fargo","1996",46.9774,-96.6341,365,147.024647887324,301.584507042254,212.714285714286,"Clay_MN","MN",929.75,867.58,977.4704,1463.685,87.48,304
"1338","Fargo","1997",46.9774,-96.6341,365,147.024647887324,301.584507042254,212.714285714286,"Clay_MN","MN",976.02,904.46,1012.3029,1410.805,113.68,295
"1339","Fargo","1998",46.9774,-96.6341,365,147.024647887324,301.584507042254,212.714285714286,"Clay_MN","MN",902.25,856.47,971.22785,1526.31,52.72,307
"1340","Fargo","1999",46.9774,-96.6341,365,147.024647887324,301.584507042254,212.714285714286,"Clay_MN","MN",965.92,894.2,1007.5212,1452.225,139.23,275
"1341","Fargo","2000",46.9774,-96.6341,365,147.024647887324,301.584507042254,212.714285714286,"Clay_MN","MN",880.34,825.27,950.2878,1409.815,62.06,282
"1342","Fargo","2001",46.9774,-96.6341,365,147.024647887324,301.584507042254,212.714285714286,"Clay_MN","MN",996.36,906.595,1025.12035,1513.645,155.43,279
"1343","Fargo","2002",46.9774,-96.6341,365,147.024647887324,301.584507042254,212.714285714286,"Clay_MN","MN",1035.285,945.625,1052.9779,1493.525,131.91,289
"1344","Fargo","2003",46.9774,-96.6341,365,147.024647887324,301.584507042254,212.714285714286,"Clay_MN","MN",912.805,863.74,979.91675,1470.73,25.24,273
"1345","Fargo","2004",46.9774,-96.6341,365,147.024647887324,301.584507042254,212.714285714286,"Clay_MN","MN",809.96,780.105,912.2628,1249.23,99.89,316
"1346","Fargo","2005",46.9774,-96.6341,365,147.024647887324,301.584507042254,212.714285714286,"Clay_MN","MN",995.755,920.88,1042.0373,1482.97,211.62,320
"1347","Fargo","2006",46.9774,-96.6341,365,147.024647887324,301.584507042254,212.714285714286,"Clay_MN","MN",1062.525,951.49,1048.40375,1555.295,98.52,284
"1348","Fargo","2007",46.9774,-96.6341,365,147.024647887324,301.584507042254,212.714285714286,"Clay_MN","MN",1049.3,958.025,1062.37485,1558.67,75.87,310
"1349","Fargo","2008",46.9774,-96.6341,365,147.024647887324,301.584507042254,212.714285714286,"Clay_MN","MN",880.08,839.71,959.0409,1395.535,141.62,302
"1350","Fargo","2009",46.9774,-96.6341,365,147.024647887324,301.584507042254,212.714285714286,"Clay_MN","MN",801.245,784.54,911.2645,1332.73,77,282
"1351","Fargo","2010",46.9774,-96.6341,365,147.024647887324,301.584507042254,212.714285714286,"Clay_MN","MN",979.43,929.345,1037.829,1529.19,186.1,309
"1352","Fargo","2011",46.9774,-96.6341,365,147.024647887324,301.584507042254,212.714285714286,"Clay_MN","MN",997.685,923.825,1039.6573,1518.585,200.63,293
"1353","Fargo","2012",46.9774,-96.6341,365,147.024647887324,301.584507042254,212.714285714286,"Clay_MN","MN",1063.655,949.285,1047.88235,1564.39,53.34,286
"1354","Fargo","2013",46.9774,-96.6341,365,147.024647887324,301.584507042254,212.714285714286,"Clay_MN","MN",946.765,888.51,1003.00815,1516.565,36.35,301
"1355","Fargo","2014",46.9774,-96.6341,365,147.024647887324,301.584507042254,212.714285714286,"Clay_MN","MN",934.03,891.025,1009.47815,1472.455,71.6,283
"1356","Fargo","2015",46.9774,-96.6341,365,147.024647887324,301.584507042254,212.714285714286,"Clay_MN","MN",944.11,893.66,999.2879,1461.885,126.92,289
"1357","Fargo","2016",46.9774,-96.6341,365,147.024647887324,301.584507042254,212.714285714286,"Clay_MN","MN",978.5,919.805,1026.999,1554.545,157.31,324
"1358","Fargo","2017",46.9774,-96.6341,365,147.024647887324,301.584507042254,212.714285714286,"Clay_MN","MN",920.41,850.455,963.26815,1389.205,72.47,301
"1359","Fargo","2018",46.9774,-96.6341,365,145,297,207.454545454545,"Clay_MN","MN",1021.705,947.535,1049.9743,1552.325,130.3,285
"1360","Fargo","2019",46.9774,-96.6341,365,149,323,218.341463414634,"Clay_MN","MN",989.22,921.165,1033.52955,1373.05,132.96,297
"1361","Fargo","2020",46.9774,-96.6341,365,150,288,214.608695652174,"Clay_MN","MN",1057.235,964.555,1067.2593,1520.13,306.02,289
"1362","Fargo","2021",46.9774,-96.6341,365,139,295,206.354166666667,"Clay_MN","MN",1043.605,917.195,1015.84485,1558.865,78.28,296
"1363","Fargo","2022",46.9774,-96.6341,365,144,291,212.390243902439,"Clay_MN","MN",992.94,922.655,1027.0454,1512.825,180.66,290
"1364","Fargo","2023",46.9774,-96.6341,365,156,318,219.619047619048,"Clay_MN","MN",994.19,926.94,1036.77345,1587.795,90.56,300
"1365","Frankfort","1980",44.8766,-98.3054,365,140,281,209.223880597015,"Spink_SD","SD",1036.87,909.655,1008.2443,1514.395,114.93,286
"1366","Frankfort","1981",44.8766,-98.3054,365,140,281,209.223880597015,"Spink_SD","SD",991.76,878.58,990.54065,1518.97,106.84,295
"1367","Frankfort","1982",44.8766,-98.3054,365,140,281,209.223880597015,"Spink_SD","SD",906.875,828.225,953.0281,1475.375,76.33,294
"1368","Frankfort","1983",44.8766,-98.3054,365,140,281,209.223880597015,"Spink_SD","SD",976.97,885.5,999.9848,1561.88,134.21,314
"1369","Frankfort","1984",44.8766,-98.3054,365,140,281,209.223880597015,"Spink_SD","SD",915.75,864.765,973.6301,1514.235,156.07,270
"1370","Frankfort","1985",44.8766,-98.3054,365,140,281,209.223880597015,"Spink_SD","SD",917.96,825.105,937.7237,1443.775,202.16,283
"1371","Frankfort","1986",44.8766,-98.3054,365,140,281,209.223880597015,"Spink_SD","SD",1011.175,916.05,1027.03065,1479.205,164.22,285
"1372","Frankfort","1987",44.8766,-98.3054,365,140,281,209.223880597015,"Spink_SD","SD",1066.67,917.9,1019.3004,1569.985,84.48,280
"1373","Frankfort","1988",44.8766,-98.3054,365,140,281,209.223880597015,"Spink_SD","SD",1187.28,980.93,1078.56735,1661.25,92.56,279
"1374","Frankfort","1989",44.8766,-98.3054,365,140,281,209.223880597015,"Spink_SD","SD",976.93,865.645,972.58095,1537.74,81.93,276
"1375","Frankfort","1990",44.8766,-98.3054,365,140,281,209.223880597015,"Spink_SD","SD",940.02,871.035,986.3212,1494.06,215.29,282
"1376","Frankfort","1991",44.8766,-98.3054,365,140,281,209.223880597015,"Spink_SD","SD",1077.975,984.07,1090.82735,1658.115,106.96,279
"1377","Frankfort","1992",44.8766,-98.3054,365,140,281,209.223880597015,"Spink_SD","SD",752.28,741.015,873.30725,1322.405,131.08,272
"1378","Frankfort","1993",44.8766,-98.3054,365,140,281,209.223880597015,"Spink_SD","SD",777.585,770.27,909.17835,1394.125,192.32,282
"1379","Frankfort","1994",44.8766,-98.3054,365,140,281,209.223880597015,"Spink_SD","SD",940.265,880.8,989.3865,1486.175,142.28,298
"1380","Frankfort","1995",44.8766,-98.3054,365,140,281,209.223880597015,"Spink_SD","SD",933.515,861.085,979.00645,1512.63,86.22,265
"1381","Frankfort","1996",44.8766,-98.3054,365,140,281,209.223880597015,"Spink_SD","SD",887.74,830.57,949.65285,1454.795,31.93,297
"1382","Frankfort","1997",44.8766,-98.3054,365,140,281,209.223880597015,"Spink_SD","SD",955.37,889.21,999.62315,1489.65,182.98,294
"1383","Frankfort","1998",44.8766,-98.3054,365,140,281,209.223880597015,"Spink_SD","SD",937.925,867.98,982.5673,1560.25,97.74,309
"1384","Frankfort","1999",44.8766,-98.3054,365,140,281,209.223880597015,"Spink_SD","SD",986.04,900.65,1019.9987,1513.865,65.04,275
"1385","Frankfort","2000",44.8766,-98.3054,365,140,281,209.223880597015,"Spink_SD","SD",929.185,847.945,969.0306,1509.665,106.02,268
"1386","Frankfort","2001",44.8766,-98.3054,365,140,281,209.223880597015,"Spink_SD","SD",976.575,882.835,1003.9095,1586.035,105.44,279
"1387","Frankfort","2002",44.8766,-98.3054,365,140,281,209.223880597015,"Spink_SD","SD",1110.285,957.615,1055.1557,1576.13,102.66,286
"1388","Frankfort","2003",44.8766,-98.3054,365,140,281,209.223880597015,"Spink_SD","SD",943.55,865.54,979.2484,1497.325,80.63,274
"1389","Frankfort","2004",44.8766,-98.3054,365,140,281,209.223880597015,"Spink_SD","SD",823.595,780.99,911.62335,1345.175,77.26,290
"1390","Frankfort","2005",44.8766,-98.3054,365,140,281,209.223880597015,"Spink_SD","SD",1031.7,928.03,1041.0737,1561.33,74.95,297
"1391","Frankfort","2006",44.8766,-98.3054,365,140,281,209.223880597015,"Spink_SD","SD",1084.045,929.155,1023.1932,1559.675,95.87,285
"1392","Frankfort","2007",44.8766,-98.3054,365,140,281,209.223880597015,"Spink_SD","SD",1020.245,925.41,1036.2901,1616.885,119.15,301
"1393","Frankfort","2008",44.8766,-98.3054,365,140,281,209.223880597015,"Spink_SD","SD",887.5,829.07,948.40675,1437.57,147.73,301
"1394","Frankfort","2009",44.8766,-98.3054,365,140,281,209.223880597015,"Spink_SD","SD",827.195,790.05,916.09005,1363.09,120.31,282
"1395","Frankfort","2010",44.8766,-98.3054,365,140,281,209.223880597015,"Spink_SD","SD",1017.27,945.865,1054.0854,1559.025,51.91,301
"1396","Frankfort","2011",44.8766,-98.3054,365,140,281,209.223880597015,"Spink_SD","SD",988.775,898.39,1020.62755,1541.62,97.37,292
"1397","Frankfort","2012",44.8766,-98.3054,365,140,281,209.223880597015,"Spink_SD","SD",1103.995,952.93,1056.2001,1596.175,83.32,279
"1398","Frankfort","2013",44.8766,-98.3054,365,140,281,209.223880597015,"Spink_SD","SD",910.24,849.55,970.0806,1521.15,77.81,298
"1399","Frankfort","2014",44.8766,-98.3054,365,140,281,209.223880597015,"Spink_SD","SD",926.025,871.98,987.3887,1459.435,70.12,304
"1400","Frankfort","2015",44.8766,-98.3054,365,140,281,209.223880597015,"Spink_SD","SD",969.21,889.305,995.4265,1500.465,170.33,289
"1401","Frankfort","2016",44.8766,-98.3054,365,140,281,209.223880597015,"Spink_SD","SD",1035.915,924.56,1025.73735,1574.765,125.68,324
"1402","Frankfort","2017",44.8766,-98.3054,365,140,281,209.223880597015,"Spink_SD","SD",968.905,848.98,952.8626,1475.18,124.36,300
"1403","Frankfort","2018",44.8766,-98.3054,365,140,281,209.223880597015,"Spink_SD","SD",1115.165,992.88,1090.7807,1655.085,93.33,277
"1404","Frankfort","2019",44.8766,-98.3054,365,140,281,209.223880597015,"Spink_SD","SD",974.735,898.92,1013.9862,1486.75,264.66,301
"1405","Frankfort","2020",44.8766,-98.3054,365,140,281,209.223880597015,"Spink_SD","SD",1083.545,977.485,1085.8815,1589.095,87.07,292
"1406","Frankfort","2021",44.8766,-98.3054,365,140,281,209.223880597015,"Spink_SD","SD",1114.67,954.17,1052.15875,1611.45,125.71,305
"1407","Frankfort","2022",44.8766,-98.3054,365,140,281,209.223880597015,"Spink_SD","SD",1009.96,917.29,1024.04315,1610.995,52.05,280
"1408","Frankfort","2023",44.8766,-98.3054,365,140,281,209.223880597015,"Spink_SD","SD",1090.86,967.185,1063.4046,1659.67,141.2,300
"1409","GRDO","1980",38.4721,-101.7724,365,152.789308176101,279.645833333333,212.135220125786,"Greeley_KS","KS",1314.66,1001.13,1089.64655,1619.29,120.89,298
"1410","GRDO","1981",38.4721,-101.7724,365,152.789308176101,279.645833333333,212.135220125786,"Greeley_KS","KS",1250.395,1004.58,1091.3885,1600.665,71.14,313
"1411","GRDO","1982",38.4721,-101.7724,365,152.789308176101,279.645833333333,212.135220125786,"Greeley_KS","KS",1113.805,931.33,1026.3357,1583.505,99.17,293
"1412","GRDO","1983",38.4721,-101.7724,365,152.789308176101,279.645833333333,212.135220125786,"Greeley_KS","KS",1198.66,958.975,1053.5807,1604.435,9.88,264
"1413","GRDO","1984",38.4721,-101.7724,365,152.789308176101,279.645833333333,212.135220125786,"Greeley_KS","KS",1193.225,960.985,1046.7635,1632.81,75.68,316
"1414","GRDO","1985",38.4721,-101.7724,365,152.789308176101,279.645833333333,212.135220125786,"Greeley_KS","KS",1172.44,933.94,1023.09765,1593.82,131.3,272
"1415","GRDO","1986",38.4721,-101.7724,365,152.789308176101,279.645833333333,212.135220125786,"Greeley_KS","KS",1219.68,990.86,1079.2946,1621.56,95.36,286
"1416","GRDO","1987",38.4721,-101.7724,365,152.789308176101,279.645833333333,212.135220125786,"Greeley_KS","KS",1205.63,976.29,1064.4035,1630.995,77.33,313
"1417","GRDO","1988",38.4721,-101.7724,365,152.789308176101,279.645833333333,212.135220125786,"Greeley_KS","KS",1247.895,996.445,1084.90155,1645.8,124.88,315
"1418","GRDO","1989",38.4721,-101.7724,365,152.789308176101,279.645833333333,212.135220125786,"Greeley_KS","KS",1081.905,919.165,1019.03595,1596.855,151.77,292
"1419","GRDO","1990",38.4721,-101.7724,365,152.789308176101,279.645833333333,212.135220125786,"Greeley_KS","KS",1196.095,972.775,1063.4535,1625.3,104.33,291
"1420","GRDO","1991",38.4721,-101.7724,365,152.789308176101,279.645833333333,212.135220125786,"Greeley_KS","KS",1191.615,984.89,1076.5296,1694.315,131.87,302
"1421","GRDO","1992",38.4721,-101.7724,365,152.789308176101,279.645833333333,212.135220125786,"Greeley_KS","KS",1031.725,898.18,999.86985,1475.63,188.45,290
"1422","GRDO","1993",38.4721,-101.7724,365,152.789308176101,279.645833333333,212.135220125786,"Greeley_KS","KS",1091.935,922.62,1018.46875,1537.84,191.66,300
"1423","GRDO","1994",38.4721,-101.7724,365,144,259,209.484848484848,"Greeley_KS","KS",1170.33,951.51,1041.7921,1641.99,128.27,309
"1424","GRDO","1995",38.4721,-101.7724,365,152.789308176101,279.645833333333,212.135220125786,"Greeley_KS","KS",1092.85,902.96,1003.52095,1497.72,67.67,294
"1425","GRDO","1996",38.4721,-101.7724,365,152.789308176101,279.645833333333,212.135220125786,"Greeley_KS","KS",1139.715,955.07,1045.8546,1597.595,214.32,292
"1426","GRDO","1997",38.4721,-101.7724,365,156,273,215.767441860465,"Greeley_KS","KS",1146.23,959.71,1057.8593,1578.195,221.94,298
"1427","GRDO","1998",38.4721,-101.7724,365,149,279.645833333333,209.621621621622,"Greeley_KS","KS",1117.61,922.79,1016.6932,1583.395,183.77,314
"1428","GRDO","1999",38.4721,-101.7724,365,153,279.645833333333,212.219512195122,"Greeley_KS","KS",1160.045,973.225,1069.4043,1596.915,120.59,306
"1429","GRDO","2000",38.4721,-101.7724,365,152.789308176101,279.645833333333,212.135220125786,"Greeley_KS","KS",1196.215,948.625,1041.4796,1646.67,118.87,281
"1430","GRDO","2001",38.4721,-101.7724,365,144,253,201.967741935484,"Greeley_KS","KS",1207.56,969.86,1066.3882,1641.015,123.35,298
"1431","GRDO","2002",38.4721,-101.7724,365,142,273,207.115384615385,"Greeley_KS","KS",1260.61,988.395,1078.68015,1680.305,0,297
"1432","GRDO","2003",38.4721,-101.7724,365,169,290,226.941176470588,"Greeley_KS","KS",1338.97,1034.07,1121.97405,1619.815,82.79,299
"1433","GRDO","2004",38.4721,-101.7724,365,138,300,197.681818181818,"Greeley_KS","KS",1007.36,858.65,964.9779,1518.525,157.66,307
"1434","GRDO","2005",38.4721,-101.7724,365,158,291,214.7,"Greeley_KS","KS",1222.675,974.93,1069.1671,1605.705,99.78,297
"1435","GRDO","2006",38.4721,-101.7724,365,152.789308176101,279.645833333333,212.135220125786,"Greeley_KS","KS",1295.125,1014.06,1100.6835,1657.34,85.66,304
"1436","GRDO","2007",38.4721,-101.7724,365,172,306,224.131578947368,"Greeley_KS","KS",1300.395,1037.72,1125.8221,1650.78,78.18,307
"1437","GRDO","2008",38.4721,-101.7724,365,152.789308176101,279.645833333333,212.135220125786,"Greeley_KS","KS",1204.545,954.87,1043.08155,1570.955,178.87,301
"1438","GRDO","2009",38.4721,-101.7724,365,152.789308176101,279.645833333333,212.135220125786,"Greeley_KS","KS",1140.35,942.315,1040.1518,1574.785,141.54,283
"1439","GRDO","2010",38.4721,-101.7724,365,152.789308176101,279.645833333333,212.135220125786,"Greeley_KS","KS",1267.665,1010.885,1100.8246,1634.13,116.04,301
"1440","GRDO","2011",38.4721,-101.7724,365,152.789308176101,279.645833333333,212.135220125786,"Greeley_KS","KS",1297.01,1009.665,1096.54655,1656.78,162.09,300
"1441","GRDO","2012",38.4721,-101.7724,365,152.789308176101,279.645833333333,212.135220125786,"Greeley_KS","KS",1370.825,1023.815,1109.2535,1660.975,33.54,301
"1442","GRDO","2013",38.4721,-101.7724,365,152.789308176101,279.645833333333,212.135220125786,"Greeley_KS","KS",1213.71,968.685,1059.69265,1659.45,160.82,306
"1443","GRDO","2014",38.4721,-101.7724,365,152.789308176101,279.645833333333,212.135220125786,"Greeley_KS","KS",1146.635,936.26,1033.0829,1589.405,126.3,315
"1444","GRDO","2015",38.4721,-101.7724,365,152.789308176101,279.645833333333,212.135220125786,"Greeley_KS","KS",1254.555,1016.36,1105.26655,1630.51,144.33,317
"1445","GRDO","2016",38.4721,-101.7724,365,152.789308176101,279.645833333333,212.135220125786,"Greeley_KS","KS",1287.455,1020.68,1108.1285,1652.87,107.51,314
"1446","GRDO","2017",38.4721,-101.7724,365,152.789308176101,279.645833333333,212.135220125786,"Greeley_KS","KS",1178.565,968.765,1060.47155,1585.78,145.27,300
"1447","GRDO","2018",38.4721,-101.7724,365,152.789308176101,279.645833333333,212.135220125786,"Greeley_KS","KS",1244.8,986.425,1071.8635,1676.47,144.05,288
"1448","GRDO","2019",38.4721,-101.7724,365,152.789308176101,279.645833333333,212.135220125786,"Greeley_KS","KS",1178.525,952.735,1042.57155,1562.74,114.77,284
"1449","GRDO","2020",38.4721,-101.7724,365,152.789308176101,279.645833333333,212.135220125786,"Greeley_KS","KS",1236.735,980.715,1067.52655,1624.485,127.26,298
"1450","GRDO","2021",38.4721,-101.7724,365,152.789308176101,279.645833333333,212.135220125786,"Greeley_KS","KS",1179.36,976.755,1064.0735,1625.395,36.44,322
"1451","GRDO","2022",38.4721,-101.7724,365,152.789308176101,279.645833333333,212.135220125786,"Greeley_KS","KS",1276.71,1002.415,1094.78765,1636.32,145.07,298
"1452","GRDO","2023",38.4721,-101.7724,365,152.789308176101,279.645833333333,212.135220125786,"Greeley_KS","KS",1092.95,934.61,1034.2407,1589.335,92.64,301
"1453","Galchutt","1980",46.3875,-96.8095,365,144.834862385321,291.348623853211,211.614678899083,"Richland_ND","ND",1000.865,890.215,997.63985,1493.465,172.38,286
"1454","Galchutt","1981",46.3875,-96.8095,365,144.834862385321,291.348623853211,211.614678899083,"Richland_ND","ND",905.21,848.655,971.2884,1464.145,159.78,295
"1455","Galchutt","1982",46.3875,-96.8095,365,144.834862385321,291.348623853211,211.614678899083,"Richland_ND","ND",885.465,819.085,934.90705,1408.64,91.02,294
"1456","Galchutt","1983",46.3875,-96.8095,365,144.834862385321,291.348623853211,211.614678899083,"Richland_ND","ND",1001.54,898.155,1009.7726,1533.27,124.69,287
"1457","Galchutt","1984",46.3875,-96.8095,365,144.834862385321,291.348623853211,211.614678899083,"Richland_ND","ND",925.44,860.86,965.84345,1475.63,41.79,270
"1458","Galchutt","1985",46.3875,-96.8095,365,144.834862385321,291.348623853211,211.614678899083,"Richland_ND","ND",850.585,791.095,908.7473,1384.72,155.49,282
"1459","Galchutt","1986",46.3875,-96.8095,365,144.834862385321,291.348623853211,211.614678899083,"Richland_ND","ND",1007.215,923.985,1025.9518,1469.515,243.87,282
"1460","Galchutt","1987",46.3875,-96.8095,365,144.834862385321,291.348623853211,211.614678899083,"Richland_ND","ND",1088.88,950.34,1050.5018,1547.94,121.47,284
"1461","Galchutt","1988",46.3875,-96.8095,365,144.834862385321,291.348623853211,211.614678899083,"Richland_ND","ND",1205.24,988.215,1075.4135,1646.66,134.64,278
"1462","Galchutt","1989",46.3875,-96.8095,365,144.834862385321,291.348623853211,211.614678899083,"Richland_ND","ND",989.155,872.615,980.7726,1518.175,166.83,276
"1463","Galchutt","1990",46.3875,-96.8095,365,144.834862385321,291.348623853211,211.614678899083,"Richland_ND","ND",938.615,867.84,976.01485,1470.185,104.11,291
"1464","Galchutt","1991",46.3875,-96.8095,365,144.834862385321,291.348623853211,211.614678899083,"Richland_ND","ND",1021.875,950.09,1052.78485,1638.44,60.92,288
"1465","Galchutt","1992",46.3875,-96.8095,365,144.834862385321,291.348623853211,211.614678899083,"Richland_ND","ND",734.48,722.895,858.60225,1305.2,171.9,289
"1466","Galchutt","1993",46.3875,-96.8095,365,144.834862385321,291.348623853211,211.614678899083,"Richland_ND","ND",769.32,756.385,900.50665,1365.835,160.13,275
"1467","Galchutt","1994",46.3875,-96.8095,365,144.834862385321,291.348623853211,211.614678899083,"Richland_ND","ND",931.22,886.685,997.914,1487.095,89.82,304
"1468","Galchutt","1995",46.3875,-96.8095,365,144.834862385321,291.348623853211,211.614678899083,"Richland_ND","ND",989.925,910.19,1020.1401,1540.99,83.69,265
"1469","Galchutt","1996",46.3875,-96.8095,365,144.834862385321,291.348623853211,211.614678899083,"Richland_ND","ND",931.45,866.275,976.344,1490.005,54.8,304
"1470","Galchutt","1997",46.3875,-96.8095,365,144.834862385321,291.348623853211,211.614678899083,"Richland_ND","ND",984.24,908.35,1015.26705,1469.385,93.39,295
"1471","Galchutt","1998",46.3875,-96.8095,365,144.834862385321,291.348623853211,211.614678899083,"Richland_ND","ND",930.87,879.65,989.50065,1574.37,55.14,307
"1472","Galchutt","1999",46.3875,-96.8095,365,144.834862385321,291.348623853211,211.614678899083,"Richland_ND","ND",989.45,907.98,1021.4912,1508.605,130.55,296
"1473","Galchutt","2000",46.3875,-96.8095,365,144.834862385321,291.348623853211,211.614678899083,"Richland_ND","ND",891.86,832.335,959.90975,1446.03,56.64,282
"1474","Galchutt","2001",46.3875,-96.8095,365,144.834862385321,291.348623853211,211.614678899083,"Richland_ND","ND",983.2,901.71,1022.24035,1543.5,146.53,279
"1475","Galchutt","2002",46.3875,-96.8095,365,144.834862385321,291.348623853211,211.614678899083,"Richland_ND","ND",1058.56,951.555,1053.5104,1524.815,143.3,294
"1476","Galchutt","2003",46.3875,-96.8095,365,144.834862385321,291.348623853211,211.614678899083,"Richland_ND","ND",936.9,872.49,987.60035,1495.575,14.19,274
"1477","Galchutt","2004",46.3875,-96.8095,365,144.834862385321,291.348623853211,211.614678899083,"Richland_ND","ND",803.01,765.525,897.71,1278.65,124.13,278
"1478","Galchutt","2005",46.3875,-96.8095,365,144.834862385321,291.348623853211,211.614678899083,"Richland_ND","ND",999.14,924.11,1044.82925,1529.915,177.45,320
"1479","Galchutt","2006",46.3875,-96.8095,365,144.834862385321,291.348623853211,211.614678899083,"Richland_ND","ND",1081.79,962.95,1058.86375,1579.76,83.17,285
"1480","Galchutt","2007",46.3875,-96.8095,365,144.834862385321,291.348623853211,211.614678899083,"Richland_ND","ND",1034.775,948.49,1053.75875,1584.945,96.19,310
"1481","Galchutt","2008",46.3875,-96.8095,365,144.834862385321,291.348623853211,211.614678899083,"Richland_ND","ND",888.88,842.12,959.2609,1422.73,170.75,302
"1482","Galchutt","2009",46.3875,-96.8095,365,144.834862385321,291.348623853211,211.614678899083,"Richland_ND","ND",815.525,795.87,923.2623,1362.825,119.01,283
"1483","Galchutt","2010",46.3875,-96.8095,365,144.834862385321,291.348623853211,211.614678899083,"Richland_ND","ND",993.78,936.26,1043.47095,1545.735,143.38,309
"1484","Galchutt","2011",46.3875,-96.8095,365,144.834862385321,291.348623853211,211.614678899083,"Richland_ND","ND",978.015,903.98,1021.51675,1525.145,177.57,293
"1485","Galchutt","2012",46.3875,-96.8095,365,144.834862385321,291.348623853211,211.614678899083,"Richland_ND","ND",1045.555,933.22,1037.22955,1561.48,119.22,286
"1486","Galchutt","2013",46.3875,-96.8095,365,144.834862385321,291.348623853211,211.614678899083,"Richland_ND","ND",945.18,886.2,1003.29535,1526.455,61.82,301
"1487","Galchutt","2014",46.3875,-96.8095,365,148,289,215.2,"Richland_ND","ND",955.985,911.48,1030.18065,1483.645,110.07,304
"1488","Galchutt","2015",46.3875,-96.8095,365,142,288,209.585365853659,"Richland_ND","ND",949.09,894.06,1007.3987,1471.44,139.22,289
"1489","Galchutt","2016",46.3875,-96.8095,365,145,298,210.333333333333,"Richland_ND","ND",1005.505,932.46,1039.63845,1561.13,262.78,324
"1490","Galchutt","2017",46.3875,-96.8095,365,144.834862385321,291.348623853211,211.614678899083,"Richland_ND","ND",946.435,864.93,978.5301,1426.635,161.63,301
"1491","Galchutt","2018",46.3875,-96.8095,365,144.834862385321,291.348623853211,211.614678899083,"Richland_ND","ND",1033.495,958.055,1059.48375,1590.675,175.44,285
"1492","Galchutt","2019",46.3875,-96.8095,365,144.834862385321,291.348623853211,211.614678899083,"Richland_ND","ND",957.1,894.27,1009.14425,1408.47,129.19,301
"1493","Galchutt","2020",46.3875,-96.8095,365,144.834862385321,291.348623853211,211.614678899083,"Richland_ND","ND",1048.965,956.75,1061.4529,1545.155,217.43,292
"1494","Galchutt","2021",46.3875,-96.8095,365,144.834862385321,291.348623853211,211.614678899083,"Richland_ND","ND",1049.34,919.16,1014.97735,1574.22,110.12,307
"1495","Galchutt","2022",46.3875,-96.8095,365,144.834862385321,291.348623853211,211.614678899083,"Richland_ND","ND",1024.665,936.745,1039.35735,1554.125,86.09,290
"1496","Galchutt","2023",46.3875,-96.8095,365,144.834862385321,291.348623853211,211.614678899083,"Richland_ND","ND",1045.905,944.95,1046.32375,1620.035,93.51,300
"1497","Greeley","1980",38.8667,-101.9643,365,155,285,215.416666666667,"Greeley_KS","KS",1318.55,1016.445,1106.1171,1607.355,106.19,298
"1498","Greeley","1981",38.8667,-101.9643,365,155,285,215.416666666667,"Greeley_KS","KS",1225.79,1001.315,1093.0071,1572.03,66.56,313
"1499","Greeley","1982",38.8667,-101.9643,365,155,285,215.416666666667,"Greeley_KS","KS",1115.365,942.91,1041.03625,1553.12,59.78,293
"1500","Greeley","1983",38.8667,-101.9643,365,155,285,215.416666666667,"Greeley_KS","KS",1203.695,963.935,1059.3943,1565.175,61.76,314
"1501","Greeley","1984",38.8667,-101.9643,365,155,285,215.416666666667,"Greeley_KS","KS",1176.51,962.64,1050.47905,1604.78,62.52,306
"1502","Greeley","1985",38.8667,-101.9643,365,155,285,215.416666666667,"Greeley_KS","KS",1170.535,947.545,1038.11015,1572.37,153.04,272
"1503","Greeley","1986",38.8667,-101.9643,365,155,285,215.416666666667,"Greeley_KS","KS",1224.55,998.485,1086.9971,1594.42,147.22,285
"1504","Greeley","1987",38.8667,-101.9643,365,155,285,215.416666666667,"Greeley_KS","KS",1209.055,984.215,1073.43905,1600.26,24.26,313
"1505","Greeley","1988",38.8667,-101.9643,365,155,285,215.416666666667,"Greeley_KS","KS",1262.145,1012.88,1100.74905,1631.945,98.4,302
"1506","Greeley","1989",38.8667,-101.9643,365,155,285,215.416666666667,"Greeley_KS","KS",1082.145,929.01,1028.34845,1563.375,91.41,292
"1507","Greeley","1990",38.8667,-101.9643,365,155,285,215.416666666667,"Greeley_KS","KS",1192.575,980.15,1072.01905,1604.95,76.73,308
"1508","Greeley","1991",38.8667,-101.9643,365,155,285,215.416666666667,"Greeley_KS","KS",1172.365,982.84,1077.67625,1663.715,146.78,302
"1509","Greeley","1992",38.8667,-101.9643,365,155,285,215.416666666667,"Greeley_KS","KS",1035.555,910.26,1012.2204,1448.14,183.07,290
"1510","Greeley","1993",38.8667,-101.9643,365,155,285,215.416666666667,"Greeley_KS","KS",1085.115,922.625,1019.0293,1492.32,208.32,300
"1511","Greeley","1994",38.8667,-101.9643,365,155,285,215.416666666667,"Greeley_KS","KS",1199.56,967.685,1055.63905,1617.03,74.19,309
"1512","Greeley","1995",38.8667,-101.9643,365,155,285,215.416666666667,"Greeley_KS","KS",1104.12,912.61,1013.0165,1461.905,43.05,297
"1513","Greeley","1996",38.8667,-101.9643,365,155,285,215.416666666667,"Greeley_KS","KS",1144.74,967.64,1060.0432,1577.275,162.02,292
"1514","Greeley","1997",38.8667,-101.9643,365,155,285,215.416666666667,"Greeley_KS","KS",1117.64,946.57,1046.88235,1556.305,172.22,298
"1515","Greeley","1998",38.8667,-101.9643,365,155,285,215.416666666667,"Greeley_KS","KS",1101.035,929.8,1025.31515,1560.735,185.97,314
"1516","Greeley","1999",38.8667,-101.9643,365,155,285,215.416666666667,"Greeley_KS","KS",1142.55,963.7,1062.33735,1575.03,137.82,290
"1517","Greeley","2000",38.8667,-101.9643,365,155,285,215.416666666667,"Greeley_KS","KS",1204.575,952.14,1044.93625,1610.77,116.18,281
"1518","Greeley","2001",38.8667,-101.9643,365,155,285,215.416666666667,"Greeley_KS","KS",1275.545,1000.385,1091.53015,1601.375,65.78,298
"1519","Greeley","2002",38.8667,-101.9643,365,155,285,215.416666666667,"Greeley_KS","KS",1281.365,1001.92,1091.3771,1623.455,69.01,296
"1520","Greeley","2003",38.8667,-101.9643,365,155,285,215.416666666667,"Greeley_KS","KS",1208.52,967.74,1062.83625,1581.865,47.19,299
"1521","Greeley","2004",38.8667,-101.9643,365,155,285,215.416666666667,"Greeley_KS","KS",1027.73,882.055,990.74955,1486.24,143.66,307
"1522","Greeley","2005",38.8667,-101.9643,365,155,285,215.416666666667,"Greeley_KS","KS",1196.2,958.77,1056.32125,1575.37,110.3,297
"1523","Greeley","2006",38.8667,-101.9643,365,155,285,215.416666666667,"Greeley_KS","KS",1283.185,1024.17,1112.45905,1632.505,101.41,295
"1524","Greeley","2007",38.8667,-101.9643,365,155,285,215.416666666667,"Greeley_KS","KS",1201.495,985.865,1075.1096,1636.59,105.36,310
"1525","Greeley","2008",38.8667,-101.9643,365,155,285,215.416666666667,"Greeley_KS","KS",1194.31,964.345,1053.83015,1552.15,192.06,301
"1526","Greeley","2009",38.8667,-101.9643,365,155,285,215.416666666667,"Greeley_KS","KS",1123.07,944.59,1043.61125,1529.09,149.4,283
"1527","Greeley","2010",38.8667,-101.9643,365,155,285,215.416666666667,"Greeley_KS","KS",1250.22,1014.135,1106.5182,1596.16,117.71,301
"1528","Greeley","2011",38.8667,-101.9643,365,155,285,215.416666666667,"Greeley_KS","KS",1268.375,1010.685,1100.0921,1620.32,146.73,300
"1529","Greeley","2012",38.8667,-101.9643,365,155,285,215.416666666667,"Greeley_KS","KS",1379.055,1040.89,1127.54905,1653.745,41.23,301
"1530","Greeley","2013",38.8667,-101.9643,365,155,285,215.416666666667,"Greeley_KS","KS",1200.725,977.035,1069.9782,1644.46,141.13,310
"1531","Greeley","2014",38.8667,-101.9643,365,155,285,215.416666666667,"Greeley_KS","KS",1134.15,938.21,1036.1504,1561.745,104.19,315
"1532","Greeley","2015",38.8667,-101.9643,365,155,285,215.416666666667,"Greeley_KS","KS",1237.38,1015.74,1105.6371,1587.225,171.95,317
"1533","Greeley","2016",38.8667,-101.9643,365,155,285,215.416666666667,"Greeley_KS","KS",1287.06,1026.255,1114.46405,1621.19,73.16,317
"1534","Greeley","2017",38.8667,-101.9643,365,155,285,215.416666666667,"Greeley_KS","KS",1171.165,978.06,1073.54125,1572.355,149.87,300
"1535","Greeley","2018",38.8667,-101.9643,365,155,285,215.416666666667,"Greeley_KS","KS",1236.16,994.275,1080.98405,1648.91,144.12,288
"1536","Greeley","2019",38.8667,-101.9643,365,155,285,215.416666666667,"Greeley_KS","KS",1184.2,972.085,1064.8882,1548.195,139.82,284
"1537","Greeley","2020",38.8667,-101.9643,365,155,285,215.416666666667,"Greeley_KS","KS",1238.335,993.28,1081.9621,1614.315,70.25,298
"1538","Greeley","2021",38.8667,-101.9643,365,155,285,215.416666666667,"Greeley_KS","KS",1204.65,996.68,1085.03905,1610.19,59.05,322
"1539","Greeley","2022",38.8667,-101.9643,365,155,285,215.416666666667,"Greeley_KS","KS",1306.995,1026.675,1119.13015,1634.195,106.19,309
"1540","Greeley","2023",38.8667,-101.9643,365,155,285,215.416666666667,"Greeley_KS","KS",1120.36,959.33,1057.61125,1599.485,114.97,300
"1541","HVDO","1980",38.1324,-97.4417,365,164.701492537313,279.898305084746,219.34328358209,"Harvey_KS","KS",1614.735,1210.1,1295.5385,1968.52,141.95,303
"1542","HVDO","1981",38.1324,-97.4417,365,164.701492537313,279.898305084746,219.34328358209,"Harvey_KS","KS",1345.505,1128.65,1214.4735,1829.75,180.68,324
"1543","HVDO","1982",38.1324,-97.4417,365,164.701492537313,279.898305084746,219.34328358209,"Harvey_KS","KS",1356.685,1120.045,1206.1285,1843.075,82.73,308
"1544","HVDO","1983",38.1324,-97.4417,365,164.701492537313,279.898305084746,219.34328358209,"Harvey_KS","KS",1453.575,1146.55,1231.9885,1828.01,43.17,328
"1545","HVDO","1984",38.1324,-97.4417,365,164.701492537313,279.898305084746,219.34328358209,"Harvey_KS","KS",1402.77,1116.46,1201.8985,1842.89,5.9,316
"1546","HVDO","1985",38.1324,-97.4417,365,164.701492537313,279.898305084746,219.34328358209,"Harvey_KS","KS",1317.52,1093.775,1179.5985,1848.26,178.14,323
"1547","HVDO","1986",38.1324,-97.4417,365,164.701492537313,279.898305084746,219.34328358209,"Harvey_KS","KS",1398.115,1157.595,1243.0335,1892.775,181.65,314
"1548","HVDO","1987",38.1324,-97.4417,365,164.701492537313,279.898305084746,219.34328358209,"Harvey_KS","KS",1377.555,1137.39,1224.57655,1892.21,211.28,314
"1549","HVDO","1988",38.1324,-97.4417,365,164.701492537313,279.898305084746,219.34328358209,"Harvey_KS","KS",1449.23,1164.04,1252.01155,1898.81,119.9,325
"1550","HVDO","1989",38.1324,-97.4417,365,164.701492537313,279.898305084746,219.34328358209,"Harvey_KS","KS",1237.515,1072.735,1164.6307,1836.145,226.41,293
"1551","HVDO","1990",38.1324,-97.4417,365,164.701492537313,279.898305084746,219.34328358209,"Harvey_KS","KS",1357.545,1122.56,1209.0835,1891.38,141.43,311
"1552","HVDO","1991",38.1324,-97.4417,365,164.701492537313,279.898305084746,219.34328358209,"Harvey_KS","KS",1419.45,1137.535,1222.9935,1952.795,153.11,303
"1553","HVDO","1992",38.1324,-97.4417,365,164.701492537313,279.898305084746,219.34328358209,"Harvey_KS","KS",1204.585,1059.81,1150.3185,1716.67,178.22,310
"1554","HVDO","1993",38.1324,-97.4417,365,164.701492537313,279.898305084746,219.34328358209,"Harvey_KS","KS",1348.57,1142.475,1231.10155,1834.38,123.48,303
"1555","HVDO","1994",38.1324,-97.4417,365,164.701492537313,279.898305084746,219.34328358209,"Harvey_KS","KS",1318.78,1097.34,1182.7785,1873.595,90.33,333
"1556","HVDO","1995",38.1324,-97.4417,365,164.701492537313,279.898305084746,219.34328358209,"Harvey_KS","KS",1335.065,1115.495,1205.9285,1793.445,188.23,306
"1557","HVDO","1996",38.1324,-97.4417,365,164.701492537313,279.898305084746,219.34328358209,"Harvey_KS","KS",1334.335,1117.86,1209.4746,1851.605,207.64,322
"1558","HVDO","1997",38.1324,-97.4417,365,164.701492537313,279.898305084746,219.34328358209,"Harvey_KS","KS",1274.31,1097.85,1185.0835,1788.335,153.2,314
"1559","HVDO","1998",38.1324,-97.4417,365,164.701492537313,279.898305084746,219.34328358209,"Harvey_KS","KS",1390.455,1148.76,1234.1985,1933.095,82.97,342
"1560","HVDO","1999",38.1324,-97.4417,365,164.701492537313,279.898305084746,219.34328358209,"Harvey_KS","KS",1305.315,1108.395,1201.4557,1860.64,109.93,339
"1561","HVDO","2000",38.1324,-97.4417,365,153,279.898305084746,207.875,"Harvey_KS","KS",1310.655,1108.46,1199.8271,1922.855,140.87,282
"1562","HVDO","2001",38.1324,-97.4417,365,130,257,188.25,"Harvey_KS","KS",1196.845,1024.75,1125.6604,1895.495,93.85,324
"1563","HVDO","2002",38.1324,-97.4417,365,177,294,233.571428571429,"Harvey_KS","KS",1439.005,1166.215,1252.87405,1876.185,113.52,328
"1564","HVDO","2003",38.1324,-97.4417,365,168,294,221,"Harvey_KS","KS",1468.78,1162.99,1249.64905,1805.915,148.91,311
"1565","HVDO","2004",38.1324,-97.4417,365,180,278,233.285714285714,"Harvey_KS","KS",1194.365,1041.96,1139.5432,1781.585,112.61,335
"1566","HVDO","2005",38.1324,-97.4417,365,173,280,224.444444444444,"Harvey_KS","KS",1380.95,1141.34,1231.0671,1886.035,182.67,320
"1567","HVDO","2006",38.1324,-97.4417,365,178,279,230.4,"Harvey_KS","KS",1407.37,1135.395,1223.6221,1853.605,157.99,306
"1568","HVDO","2007",38.1324,-97.4417,365,164.701492537313,279.898305084746,219.34328358209,"Harvey_KS","KS",1368.435,1145.93,1236.82265,1904.53,125.27,326
"1569","HVDO","2008",38.1324,-97.4417,365,164.701492537313,279.898305084746,219.34328358209,"Harvey_KS","KS",1273.72,1088.12,1177.9896,1806.785,162.15,302
"1570","HVDO","2009",38.1324,-97.4417,365,164.701492537313,279.898305084746,219.34328358209,"Harvey_KS","KS",1280.535,1087.655,1173.7635,1765.265,199.92,330
"1571","HVDO","2010",38.1324,-97.4417,365,164.701492537313,279.898305084746,219.34328358209,"Harvey_KS","KS",1452.59,1178.21,1266.42655,1897.395,118.59,329
"1572","HVDO","2011",38.1324,-97.4417,365,164.701492537313,279.898305084746,219.34328358209,"Harvey_KS","KS",1546.035,1181.42,1266.8585,1935.415,69.47,308
"1573","HVDO","2012",38.1324,-97.4417,365,164.701492537313,279.898305084746,219.34328358209,"Harvey_KS","KS",1479.785,1137.695,1224.0435,1898.68,88.01,301
"1574","HVDO","2013",38.1324,-97.4417,365,164.701492537313,279.898305084746,219.34328358209,"Harvey_KS","KS",1279.4,1088.025,1178.8546,1815.995,480.61,316
"1575","HVDO","2014",38.1324,-97.4417,365,164.701492537313,279.898305084746,219.34328358209,"Harvey_KS","KS",1266.95,1067.96,1158.34765,1820.9,172.65,315
"1576","HVDO","2015",38.1324,-97.4417,365,164.701492537313,279.898305084746,219.34328358209,"Harvey_KS","KS",1346.635,1129.51,1217.86655,1843.155,156.4,326
"1577","HVDO","2016",38.1324,-97.4417,365,164.701492537313,279.898305084746,219.34328358209,"Harvey_KS","KS",1415.98,1169.23,1256.0035,1886.07,251.28,324
"1578","HVDO","2017",38.1324,-97.4417,365,164.701492537313,279.898305084746,219.34328358209,"Harvey_KS","KS",1323.825,1101.14,1188.43655,1812.145,104.22,301
"1579","HVDO","2018",38.1324,-97.4417,365,164.701492537313,279.898305084746,219.34328358209,"Harvey_KS","KS",1354.82,1126.02,1214.57155,1974.815,261.18,313
"1580","HVDO","2019",38.1324,-97.4417,365,164.701492537313,279.898305084746,219.34328358209,"Harvey_KS","KS",1366.275,1132.915,1218.3535,1854.51,173.61,302
"1581","HVDO","2020",38.1324,-97.4417,365,164.701492537313,279.898305084746,219.34328358209,"Harvey_KS","KS",1361.865,1132.86,1219.74155,1832.185,60.41,300
"1582","HVDO","2021",38.1324,-97.4417,365,164.701492537313,279.898305084746,219.34328358209,"Harvey_KS","KS",1369.89,1123.845,1209.2835,1855.68,200.44,317
"1583","HVDO","2022",38.1324,-97.4417,365,164.701492537313,279.898305084746,219.34328358209,"Harvey_KS","KS",1470.755,1159.49,1245.7435,1904.75,63.36,292
"1584","HVDO","2023",38.1324,-97.4417,365,164.701492537313,279.898305084746,219.34328358209,"Harvey_KS","KS",1391.73,1122.74,1208.4085,1895.505,72.65,303
"1585","Hazelton-NuSun","1980",46.4847,-100.2796,365,152,292,220.163265306122,"Emmons_ND","ND",979.965,861.6,968.2154,1406.73,136.43,300
"1586","Hazelton-NuSun","1981",46.4847,-100.2796,365,152,292,220.163265306122,"Emmons_ND","ND",885.71,819.14,941.2209,1333.92,137.32,294
"1587","Hazelton-NuSun","1982",46.4847,-100.2796,365,152,292,220.163265306122,"Emmons_ND","ND",885.61,810.56,929.25535,1299.335,69,294
"1588","Hazelton-NuSun","1983",46.4847,-100.2796,365,152,292,220.163265306122,"Emmons_ND","ND",1015.3,901.34,1002.18485,1434.36,83.82,265
"1589","Hazelton-NuSun","1984",46.4847,-100.2796,365,152,292,220.163265306122,"Emmons_ND","ND",948.395,870.88,986.02955,1385.39,87.17,270
"1590","Hazelton-NuSun","1985",46.4847,-100.2796,365,152,292,220.163265306122,"Emmons_ND","ND",855.54,771.3,886.0437,1293.555,88.16,267
"1591","Hazelton-NuSun","1986",46.4847,-100.2796,365,152,292,220.163265306122,"Emmons_ND","ND",948.36,875.63,987.2815,1350.915,108.61,286
"1592","Hazelton-NuSun","1987",46.4847,-100.2796,365,152,292,220.163265306122,"Emmons_ND","ND",1028.205,912.875,1017.43735,1430.455,105.24,275
"1593","Hazelton-NuSun","1988",46.4847,-100.2796,365,152,292,220.163265306122,"Emmons_ND","ND",1182.645,972.385,1066.0982,1561.56,72.15,278
"1594","Hazelton-NuSun","1989",46.4847,-100.2796,365,152,292,220.163265306122,"Emmons_ND","ND",1003.695,868.61,974.134,1420.27,120.86,266
"1595","Hazelton-NuSun","1990",46.4847,-100.2796,365,152,292,220.163265306122,"Emmons_ND","ND",932.815,852.07,960.57705,1411.075,78.4,280
"1596","Hazelton-NuSun","1991",46.4847,-100.2796,365,152,292,220.163265306122,"Emmons_ND","ND",966.395,902.98,1016.1404,1534.97,16.28,262
"1597","Hazelton-NuSun","1992",46.4847,-100.2796,365,152,292,220.163265306122,"Emmons_ND","ND",729.415,711.63,851.8686,1196.71,90.15,272
"1598","Hazelton-NuSun","1993",46.4847,-100.2796,365,152,292,220.163265306122,"Emmons_ND","ND",703.655,689.85,845.78105,1179.31,178.66,282
"1599","Hazelton-NuSun","1994",46.4847,-100.2796,365,152,292,220.163265306122,"Emmons_ND","ND",848.43,807.405,936.13395,1362.585,58.95,297
"1600","Hazelton-NuSun","1995",46.4847,-100.2796,365,152,292,220.163265306122,"Emmons_ND","ND",923.17,867.21,980.7337,1393.515,71.31,265
"1601","Hazelton-NuSun","1996",46.4847,-100.2796,365,152,292,220.163265306122,"Emmons_ND","ND",874.465,833.285,949.4112,1349.955,104.67,292
"1602","Hazelton-NuSun","1997",46.4847,-100.2796,365,152,292,220.163265306122,"Emmons_ND","ND",979.055,900.43,1004.98235,1394.56,36.72,293
"1603","Hazelton-NuSun","1998",46.4847,-100.2796,365,152,292,220.163265306122,"Emmons_ND","ND",880.715,825.595,942.29425,1412.07,232.26,286
"1604","Hazelton-NuSun","1999",46.4847,-100.2796,365,152,292,220.163265306122,"Emmons_ND","ND",917.595,850.955,973.96005,1326.68,143.08,275
"1605","Hazelton-NuSun","2000",46.4847,-100.2796,365,152,292,220.163265306122,"Emmons_ND","ND",889.335,821.74,941.52365,1351.57,90.88,279
"1606","Hazelton-NuSun","2001",46.4847,-100.2796,365,152,292,220.163265306122,"Emmons_ND","ND",977.39,884.18,999.7059,1434.31,126.11,278
"1607","Hazelton-NuSun","2002",46.4847,-100.2796,365,152,292,220.163265306122,"Emmons_ND","ND",1049.14,920.34,1023.16735,1428.485,86.05,286
"1608","Hazelton-NuSun","2003",46.4847,-100.2796,365,152,292,220.163265306122,"Emmons_ND","ND",919.415,840.88,958.28895,1380.1,11.99,273
"1609","Hazelton-NuSun","2004",46.4847,-100.2796,365,152,292,220.163265306122,"Emmons_ND","ND",800.195,750.72,880.0853,1188.59,72.33,276
"1610","Hazelton-NuSun","2005",46.4847,-100.2796,365,152,292,220.163265306122,"Emmons_ND","ND",1001.46,903.34,1020.0348,1397.11,148.23,297
"1611","Hazelton-NuSun","2006",46.4847,-100.2796,365,152,292,220.163265306122,"Emmons_ND","ND",1089.36,915.32,1010.97625,1479.135,121.79,285
"1612","Hazelton-NuSun","2007",46.4847,-100.2796,365,152,292,220.163265306122,"Emmons_ND","ND",1028.085,916.595,1024.40955,1430.095,136.72,301
"1613","Hazelton-NuSun","2008",46.4847,-100.2796,365,152,292,220.163265306122,"Emmons_ND","ND",875.355,812.455,925.76925,1288.49,117.53,301
"1614","Hazelton-NuSun","2009",46.4847,-100.2796,365,152,292,220.163265306122,"Emmons_ND","ND",734.76,724.22,857.08615,1229.9,51.58,282
"1615","Hazelton-NuSun","2010",46.4847,-100.2796,365,152,292,220.163265306122,"Emmons_ND","ND",928.52,865.43,984.1787,1355.5,142.65,301
"1616","Hazelton-NuSun","2011",46.4847,-100.2796,365,152,292,220.163265306122,"Emmons_ND","ND",930.54,870.74,987.43425,1349.6,145.76,292
"1617","Hazelton-NuSun","2012",46.4847,-100.2796,365,152,292,220.163265306122,"Emmons_ND","ND",1033,918.085,1018.44235,1420.9,64.42,279
"1618","Hazelton-NuSun","2013",46.4847,-100.2796,365,152,292,220.163265306122,"Emmons_ND","ND",866.725,821.845,940.7062,1404.76,59.73,294
"1619","Hazelton-NuSun","2014",46.4847,-100.2796,365,152,292,220.163265306122,"Emmons_ND","ND",830.585,803.015,939.4831,1318.605,174.1,277
"1620","Hazelton-NuSun","2015",46.4847,-100.2796,365,152,292,220.163265306122,"Emmons_ND","ND",948.46,882.475,990.0965,1383.58,58.04,311
"1621","Hazelton-NuSun","2016",46.4847,-100.2796,365,152,292,220.163265306122,"Emmons_ND","ND",978.545,895.18,999.99235,1440.9,118.34,287
"1622","Hazelton-NuSun","2017",46.4847,-100.2796,365,152,292,220.163265306122,"Emmons_ND","ND",988.695,879.315,986.3629,1399.205,141.32,300
"1623","Hazelton-NuSun","2018",46.4847,-100.2796,365,152,292,220.163265306122,"Emmons_ND","ND",1001.7,918.58,1020.48625,1495.725,57.93,277
"1624","Hazelton-NuSun","2019",46.4847,-100.2796,365,152,292,220.163265306122,"Emmons_ND","ND",926.365,878.625,994.8087,1310.205,117.55,287
"1625","Hazelton-NuSun","2020",46.4847,-100.2796,365,152,292,220.163265306122,"Emmons_ND","ND",993.33,908.435,1007.61125,1419.66,54,292
"1626","Hazelton-NuSun","2021",46.4847,-100.2796,365,152,292,220.163265306122,"Emmons_ND","ND",1109.95,947.915,1043.03125,1474.98,102.52,294
"1627","Hazelton-NuSun","2022",46.4847,-100.2796,365,152,292,220.163265306122,"Emmons_ND","ND",966.7,884.625,992.7715,1425.185,26.51,280
"1628","Hazelton-NuSun","2023",46.4847,-100.2796,365,152,292,220.163265306122,"Emmons_ND","ND",968.345,892.04,1005.1737,1491.84,140.03,300
"1629","Hettinger","1980",46.0033,-102.6444,365,139.741166803615,293.619090909091,218.094101123595,"Adams_ND","ND",972.005,834.67,934.7893,1399.88,49.71,292
"1630","Hettinger","1981",46.0033,-102.6444,365,139.741166803615,293.619090909091,218.094101123595,"Adams_ND","ND",825.62,745.875,869.1881,1333.005,127.05,294
"1631","Hettinger","1982",46.0033,-102.6444,365,139.741166803615,293.619090909091,218.094101123595,"Adams_ND","ND",744.33,709.725,834.66505,1270.825,92.66,280
"1632","Hettinger","1983",46.0033,-102.6444,365,139.741166803615,293.619090909091,218.094101123595,"Adams_ND","ND",832.56,775.345,884.014,1400.585,60.69,265
"1633","Hettinger","1984",46.0033,-102.6444,365,139.741166803615,293.619090909091,218.094101123595,"Adams_ND","ND",788.15,741.435,854.2962,1376.555,58.4,270
"1634","Hettinger","1985",46.0033,-102.6444,365,134,293.619090909091,218.094101123595,"Adams_ND","ND",793.8,717.18,827.1087,1298.57,65.38,267
"1635","Hettinger","1986",46.0033,-102.6444,365,136,293.619090909091,204.3,"Adams_ND","ND",858.585,801.39,915.8537,1333.365,71.83,285
"1636","Hettinger","1987",46.0033,-102.6444,365,135,293.619090909091,218.094101123595,"Adams_ND","ND",838.665,767.78,884.1434,1388.995,93.29,283
"1637","Hettinger","1988",46.0033,-102.6444,365,138,293.619090909091,218.094101123595,"Adams_ND","ND",1095.975,912.59,1012.01345,1530.44,20.84,278
"1638","Hettinger","1989",46.0033,-102.6444,365,136,293.619090909091,218.094101123595,"Adams_ND","ND",841.925,760.945,874.90175,1401.215,89.75,280
"1639","Hettinger","1990",46.0033,-102.6444,365,139.741166803615,293.619090909091,218.094101123595,"Adams_ND","ND",879.255,791.185,908.2073,1403.385,49.66,280
"1640","Hettinger","1991",46.0033,-102.6444,365,139.741166803615,293.619090909091,218.094101123595,"Adams_ND","ND",910.52,844.865,960.71095,1498.65,22.76,262
"1641","Hettinger","1992",46.0033,-102.6444,365,129,286,218.094101123595,"Adams_ND","ND",646.125,652.135,781.80975,1215.32,74.57,272
"1642","Hettinger","1993",46.0033,-102.6444,365,131,274,218.094101123595,"Adams_ND","ND",570.945,585.225,741.64245,1147.295,114.23,257
"1643","Hettinger","1994",46.0033,-102.6444,365,132,284,218.094101123595,"Adams_ND","ND",805.615,770.31,889.93785,1354.525,7.28,296
"1644","Hettinger","1995",46.0033,-102.6444,365,143,289,218.094101123595,"Adams_ND","ND",810.26,764.64,881.58785,1341.855,98.55,264
"1645","Hettinger","1996",46.0033,-102.6444,365,139.741166803615,293.619090909091,218.094101123595,"Adams_ND","ND",777.725,734.935,849.50645,1307.57,20.93,292
"1646","Hettinger","1997",46.0033,-102.6444,365,135,289,218.094101123595,"Adams_ND","ND",803.625,762.305,876.4848,1356.08,41.99,286
"1647","Hettinger","1998",46.0033,-102.6444,365,135,295,218.094101123595,"Adams_ND","ND",781.265,732.52,852.902,1381.675,52.02,309
"1648","Hettinger","1999",46.0033,-102.6444,365,139,298,218.094101123595,"Adams_ND","ND",823.22,762.44,894.6856,1293.93,130.78,275
"1649","Hettinger","2000",46.0033,-102.6444,365,111,286,218.094101123595,"Adams_ND","ND",530.75,568.425,696.10585,1379.93,47.29,268
"1650","Hettinger","2001",46.0033,-102.6444,365,159,292,218.094101123595,"Adams_ND","ND",1031.99,899.855,1001.18455,1410.795,108.38,278
"1651","Hettinger","2002",46.0033,-102.6444,365,133,282,212.210526315789,"Adams_ND","ND",901.195,792.125,894.4315,1390.75,72.64,285
"1652","Hettinger","2003",46.0033,-102.6444,365,135,290,215.022222222222,"Adams_ND","ND",793.07,720.74,841.2592,1348.88,14.09,273
"1653","Hettinger","2004",46.0033,-102.6444,365,139,286,218.094101123595,"Adams_ND","ND",751.085,700.44,826.5403,1217.425,35.46,275
"1654","Hettinger","2005",46.0033,-102.6444,365,125,292,208.575757575758,"Adams_ND","ND",715.735,685.655,818.2814,1337.435,105.63,279
"1655","Hettinger","2006",46.0033,-102.6444,365,139.741166803615,293.619090909091,218.094101123595,"Adams_ND","ND",1010.24,847.095,943.75765,1458.865,62.92,284
"1656","Hettinger","2007",46.0033,-102.6444,365,139.741166803615,293.619090909091,218.094101123595,"Adams_ND","ND",920.52,811.34,919.75205,1444.375,103.03,300
"1657","Hettinger","2008",46.0033,-102.6444,365,135,282,218.094101123595,"Adams_ND","ND",709.4,669.015,786.20535,1243.37,52.1,297
"1658","Hettinger","2009",46.0033,-102.6444,365,147,313,228.80487804878,"Adams_ND","ND",723.975,705.295,816.8876,1209.43,91.4,282
"1659","Hettinger","2010",46.0033,-102.6444,365,137,312,212.292682926829,"Adams_ND","ND",774.175,734.885,867.22585,1267.925,160.38,300
"1660","Hettinger","2011",46.0033,-102.6444,365,157,252,228.156862745098,"Adams_ND","ND",923.075,843.215,957.5526,1283.6,74.69,292
"1661","Hettinger","2012",46.0033,-102.6444,365,139.741166803615,293.619090909091,218.094101123595,"Adams_ND","ND",918.26,804.46,904.2604,1400.63,81.62,279
"1662","Hettinger","2013",46.0033,-102.6444,365,135,299,212.636363636364,"Adams_ND","ND",789.005,747.33,875.12115,1388.895,83.24,279
"1663","Hettinger","2014",46.0033,-102.6444,365,142,310,215.823529411765,"Adams_ND","ND",795.705,759.325,887.1506,1273.59,136.79,302
"1664","Hettinger","2015",46.0033,-102.6444,365,139,293,242.782608695652,"Adams_ND","ND",825.67,777.29,894.3323,1325.205,39,289
"1665","Hettinger","2016",46.0033,-102.6444,365,138,300,211.484848484848,"Adams_ND","ND",912.89,814.835,913.7418,1376.48,45.62,281
"1666","Hettinger","2017",46.0033,-102.6444,365,151,300,222.7,"Adams_ND","ND",1000.695,851.435,950.7693,1366.905,50.29,277
"1667","Hettinger","2018",46.0033,-102.6444,365,151,305,217.682926829268,"Adams_ND","ND",964.58,857.485,960.9204,1404.415,58.07,277
"1668","Hettinger","2019",46.0033,-102.6444,365,158,325,226.382978723404,"Adams_ND","ND",902.075,844.395,957.78675,1262.775,138.37,283
"1669","Hettinger","2020",46.0033,-102.6444,365,139,292,207.636363636364,"Adams_ND","ND",876.46,802.56,906.5254,1355.075,75.46,291
"1670","Hettinger","2021",46.0033,-102.6444,365,154,302,215.660377358491,"Adams_ND","ND",1126.965,930.63,1019.99905,1417.91,69.05,294
"1671","Hettinger","2022",46.0033,-102.6444,365,152,294,220.206896551724,"Adams_ND","ND",954.145,843.245,951.01315,1376.78,18.59,280
"1672","Hettinger","2023",46.0033,-102.6444,365,139.741166803615,293.619090909091,218.094101123595,"Adams_ND","ND",900.2,826,930.889,1441.605,151.44,299
"1673","Ipswich","1980",45.4444,-99.0293,365,149.018372703412,292.727106227106,222.239316239316,"Edmunds_SD","SD",1034.875,885.705,983.09015,1481.065,132.31,286
"1674","Ipswich","1981",45.4444,-99.0293,365,149.018372703412,292.727106227106,222.239316239316,"Edmunds_SD","SD",980.05,876.515,985.689,1447.205,85.13,295
"1675","Ipswich","1982",45.4444,-99.0293,365,149.018372703412,292.727106227106,222.239316239316,"Edmunds_SD","SD",942.16,829.99,939.41065,1381.375,68.47,294
"1676","Ipswich","1983",45.4444,-99.0293,365,149.018372703412,292.727106227106,222.239316239316,"Edmunds_SD","SD",1015.36,894.63,999.71455,1487.15,127.27,265
"1677","Ipswich","1984",45.4444,-99.0293,365,149.018372703412,292.727106227106,222.239316239316,"Edmunds_SD","SD",976.86,892.065,996.949,1449.015,29.78,270
"1678","Ipswich","1985",45.4444,-99.0293,365,149.018372703412,292.727106227106,222.239316239316,"Edmunds_SD","SD",893.725,784.425,894.75815,1366.035,143.88,274
"1679","Ipswich","1986",45.4444,-99.0293,365,149.018372703412,292.727106227106,222.239316239316,"Edmunds_SD","SD",992.4,899.835,998.8418,1407.915,104.7,285
"1680","Ipswich","1987",45.4444,-99.0293,365,149.018372703412,292.727106227106,222.239316239316,"Edmunds_SD","SD",1104.49,937.08,1033.34765,1515.47,48.19,280
"1681","Ipswich","1988",45.4444,-99.0293,365,149.018372703412,292.727106227106,222.239316239316,"Edmunds_SD","SD",1220.61,984.68,1074.80765,1619.345,41.43,278
"1682","Ipswich","1989",45.4444,-99.0293,365,149.018372703412,292.727106227106,222.239316239316,"Edmunds_SD","SD",1013.93,875.7,980.92485,1498.755,102.72,276
"1683","Ipswich","1990",45.4444,-99.0293,365,158,292.727106227106,222.709677419355,"Edmunds_SD","SD",987.965,895.54,999.6493,1453.935,74.25,291
"1684","Ipswich","1991",45.4444,-99.0293,365,173,292.727106227106,234.238095238095,"Edmunds_SD","SD",1076.005,953.315,1055.0143,1593.55,46.86,262
"1685","Ipswich","1992",45.4444,-99.0293,365,149.018372703412,292.727106227106,222.239316239316,"Edmunds_SD","SD",742.975,730.195,871.21055,1274.61,116.42,272
"1686","Ipswich","1993",45.4444,-99.0293,365,141,300,222.239316239316,"Edmunds_SD","SD",730.04,724.565,871.31135,1312.33,177.17,282
"1687","Ipswich","1994",45.4444,-99.0293,365,146,298,222.239316239316,"Edmunds_SD","SD",919.225,867.21,979.61345,1445.53,81.6,298
"1688","Ipswich","1995",45.4444,-99.0293,365,157,324,222.239316239316,"Edmunds_SD","SD",1010.615,926.82,1034.87955,1476.135,63.45,265
"1689","Ipswich","1996",45.4444,-99.0293,365,149.018372703412,292.727106227106,222.239316239316,"Edmunds_SD","SD",924.025,864.55,974.32095,1407.56,54.47,296
"1690","Ipswich","1997",45.4444,-99.0293,365,149,288,222.239316239316,"Edmunds_SD","SD",998.84,929.91,1036.3554,1457.925,64.02,294
"1691","Ipswich","1998",45.4444,-99.0293,365,141,292.727106227106,222.239316239316,"Edmunds_SD","SD",899.36,840.8,960.73285,1514.85,113.09,308
"1692","Ipswich","1999",45.4444,-99.0293,365,153,292.727106227106,222.239316239316,"Edmunds_SD","SD",1006.705,922.62,1041.1998,1456.265,193.98,275
"1693","Ipswich","2000",45.4444,-99.0293,365,149.018372703412,292.727106227106,222.239316239316,"Edmunds_SD","SD",945.005,861.205,978.11145,1463.49,91.13,280
"1694","Ipswich","2001",45.4444,-99.0293,365,153,275,222.239316239316,"Edmunds_SD","SD",1079.29,953.105,1064.1826,1533.06,36.84,278
"1695","Ipswich","2002",45.4444,-99.0293,365,138,280,210.454545454545,"Edmunds_SD","SD",1032.43,907.615,1007.6943,1520.395,123.33,286
"1696","Ipswich","2003",45.4444,-99.0293,365,148,275,222.239316239316,"Edmunds_SD","SD",957.9,878.155,989.26065,1449.41,26.99,274
"1697","Ipswich","2004",45.4444,-99.0293,365,149,287,222.239316239316,"Edmunds_SD","SD",839.17,792.68,921.93225,1269.365,78.54,276
"1698","Ipswich","2005",45.4444,-99.0293,365,139,285,222.239316239316,"Edmunds_SD","SD",960.755,878.575,997.42785,1484.705,113.61,296
"1699","Ipswich","2006",45.4444,-99.0293,365,149.018372703412,292.727106227106,222.239316239316,"Edmunds_SD","SD",1108.39,929.605,1022.61765,1533.515,114.04,285
"1700","Ipswich","2007",45.4444,-99.0293,365,149.018372703412,292.727106227106,222.239316239316,"Edmunds_SD","SD",1043.82,937.47,1044.4751,1554.5,61.54,301
"1701","Ipswich","2008",45.4444,-99.0293,365,149.018372703412,292.727106227106,222.239316239316,"Edmunds_SD","SD",935.83,861.685,971.27815,1396.315,136.13,301
"1702","Ipswich","2009",45.4444,-99.0293,365,149.018372703412,292.727106227106,222.239316239316,"Edmunds_SD","SD",817.61,784.695,908.42035,1329.845,152.14,282
"1703","Ipswich","2010",45.4444,-99.0293,365,149.018372703412,292.727106227106,222.239316239316,"Edmunds_SD","SD",1006.67,926.685,1035.4479,1500.17,108.92,301
"1704","Ipswich","2011",45.4444,-99.0293,365,149.018372703412,292.727106227106,222.239316239316,"Edmunds_SD","SD",1030.055,933.17,1045.49815,1488.53,72.48,292
"1705","Ipswich","2012",45.4444,-99.0293,365,149.018372703412,292.727106227106,222.239316239316,"Edmunds_SD","SD",1077.965,937.88,1031.2707,1512.64,70.32,279
"1706","Ipswich","2013",45.4444,-99.0293,365,149.018372703412,292.727106227106,222.239316239316,"Edmunds_SD","SD",912.755,852.725,967.82175,1469.65,55.13,297
"1707","Ipswich","2014",45.4444,-99.0293,365,149.018372703412,292.727106227106,222.239316239316,"Edmunds_SD","SD",885.29,843.875,966.46035,1414.3,162.88,303
"1708","Ipswich","2015",45.4444,-99.0293,365,149.018372703412,292.727106227106,222.239316239316,"Edmunds_SD","SD",989.585,901.835,1006.0079,1456.42,119.72,311
"1709","Ipswich","2016",45.4444,-99.0293,365,149.018372703412,292.727106227106,222.239316239316,"Edmunds_SD","SD",1017.805,919.275,1016.95875,1520.75,73,287
"1710","Ipswich","2017",45.4444,-99.0293,365,149.018372703412,292.727106227106,222.239316239316,"Edmunds_SD","SD",997.68,877.005,977.3204,1438.605,104.51,300
"1711","Ipswich","2018",45.4444,-99.0293,365,149.018372703412,292.727106227106,222.239316239316,"Edmunds_SD","SD",1057.4,952.7,1048.9996,1589.31,59.1,277
"1712","Ipswich","2019",45.4444,-99.0293,365,149.018372703412,292.727106227106,222.239316239316,"Edmunds_SD","SD",1011,935.655,1043.05595,1418.54,170.85,287
"1713","Ipswich","2020",45.4444,-99.0293,365,149.018372703412,292.727106227106,222.239316239316,"Edmunds_SD","SD",1057.935,956.015,1054.4607,1529.78,83.53,292
"1714","Ipswich","2021",45.4444,-99.0293,365,149.018372703412,292.727106227106,222.239316239316,"Edmunds_SD","SD",1135.12,963.995,1059.1346,1558.445,155.78,305
"1715","Ipswich","2022",45.4444,-99.0293,365,149.018372703412,292.727106227106,222.239316239316,"Edmunds_SD","SD",1047.715,936.685,1043.0951,1548.115,72.77,280
"1716","Ipswich","2023",45.4444,-99.0293,365,149.018372703412,292.727106227106,222.239316239316,"Edmunds_SD","SD",1061.09,952.445,1054.84375,1612.4,133.91,300
"1717","Karlsruhe","1980",48.09,-100.6204,365,161,288,213.333333333333,"McHenry_ND","ND",938.465,841.265,957.48065,1361.515,184.11,292
"1718","Karlsruhe","1981",48.09,-100.6204,365,143.888888888889,292.666666666667,213.333333333333,"McHenry_ND","ND",810.59,753.195,879.77755,1331.14,61.72,294
"1719","Karlsruhe","1982",48.09,-100.6204,365,142,292.666666666667,213.333333333333,"McHenry_ND","ND",797.635,765.945,889.11035,1255.825,40.53,294
"1720","Karlsruhe","1983",48.09,-100.6204,365,143,292.666666666667,213.333333333333,"McHenry_ND","ND",907.63,835.335,946.60815,1430.99,57.11,265
"1721","Karlsruhe","1984",48.09,-100.6204,365,143.888888888889,292.666666666667,213.333333333333,"McHenry_ND","ND",864.5,788.925,895.63205,1377.15,24.84,274
"1722","Karlsruhe","1985",48.09,-100.6204,365,141,295,213.333333333333,"McHenry_ND","ND",773.785,729.61,855.27725,1241.495,125.91,267
"1723","Karlsruhe","1986",48.09,-100.6204,365,141,292.666666666667,213.333333333333,"McHenry_ND","ND",915.605,842.36,949.1954,1352.765,92.48,285
"1724","Karlsruhe","1987",48.09,-100.6204,365,143.888888888889,292.666666666667,213.333333333333,"McHenry_ND","ND",958.86,864.99,974.79205,1424.65,171.7,275
"1725","Karlsruhe","1988",48.09,-100.6204,365,143.888888888889,292.666666666667,213.333333333333,"McHenry_ND","ND",1157.125,939.825,1032.51765,1543.56,8.26,278
"1726","Karlsruhe","1989",48.09,-100.6204,365,143.888888888889,292.666666666667,213.333333333333,"McHenry_ND","ND",926.33,819.915,921.11955,1447.16,84.17,266
"1727","Karlsruhe","1990",48.09,-100.6204,365,143.888888888889,292.666666666667,213.333333333333,"McHenry_ND","ND",888.485,827.885,943.34565,1407.63,44.66,280
"1728","Karlsruhe","1991",48.09,-100.6204,365,143.888888888889,292.666666666667,213.333333333333,"McHenry_ND","ND",935.765,871.365,980.41375,1522.9,85.53,279
"1729","Karlsruhe","1992",48.09,-100.6204,365,143.888888888889,292.666666666667,213.333333333333,"McHenry_ND","ND",699.57,687.58,814.3617,1214.155,45.62,272
"1730","Karlsruhe","1993",48.09,-100.6204,365,143.888888888889,292.666666666667,213.333333333333,"McHenry_ND","ND",625.9,622.22,774.0355,1160.57,252.42,275
"1731","Karlsruhe","1994",48.09,-100.6204,365,143.888888888889,292.666666666667,213.333333333333,"McHenry_ND","ND",812.57,782.4,913.05645,1350.735,54.93,298
"1732","Karlsruhe","1995",48.09,-100.6204,365,143.888888888889,292.666666666667,213.333333333333,"McHenry_ND","ND",882.37,819.185,935.70895,1395.46,75.99,265
"1733","Karlsruhe","1996",48.09,-100.6204,365,143.888888888889,292.666666666667,213.333333333333,"McHenry_ND","ND",820.95,784.545,909.482,1349.985,76.03,292
"1734","Karlsruhe","1997",48.09,-100.6204,365,143.888888888889,292.666666666667,213.333333333333,"McHenry_ND","ND",929.305,858.01,965.34205,1400.29,76.06,293
"1735","Karlsruhe","1998",48.09,-100.6204,365,143.888888888889,292.666666666667,213.333333333333,"McHenry_ND","ND",817.825,791.71,907.44455,1421.88,69.5,307
"1736","Karlsruhe","1999",48.09,-100.6204,365,143.888888888889,292.666666666667,213.333333333333,"McHenry_ND","ND",841.03,798.395,925.1645,1321.63,153.6,274
"1737","Karlsruhe","2000",48.09,-100.6204,365,143.888888888889,292.666666666667,213.333333333333,"McHenry_ND","ND",785.985,749.51,879.2578,1303.205,119.66,278
"1738","Karlsruhe","2001",48.09,-100.6204,365,143.888888888889,292.666666666667,213.333333333333,"McHenry_ND","ND",839.09,800.345,922.55615,1410.17,99.08,278
"1739","Karlsruhe","2002",48.09,-100.6204,365,143.888888888889,292.666666666667,213.333333333333,"McHenry_ND","ND",885.615,817.65,924.834,1323.18,115.07,275
"1740","Karlsruhe","2003",48.09,-100.6204,365,143.888888888889,292.666666666667,213.333333333333,"McHenry_ND","ND",828.115,781.345,902.7545,1357.165,28.19,273
"1741","Karlsruhe","2004",48.09,-100.6204,365,143.888888888889,292.666666666667,213.333333333333,"McHenry_ND","ND",688.225,670.335,806.31165,1113.69,89.33,278
"1742","Karlsruhe","2005",48.09,-100.6204,365,143.888888888889,292.666666666667,213.333333333333,"McHenry_ND","ND",833.2,783.75,916.53195,1311.415,82.73,279
"1743","Karlsruhe","2006",48.09,-100.6204,365,143.888888888889,292.666666666667,213.333333333333,"McHenry_ND","ND",936.945,837.22,945.594,1404.865,128.15,284
"1744","Karlsruhe","2007",48.09,-100.6204,365,143.888888888889,292.666666666667,213.333333333333,"McHenry_ND","ND",891.2,812.715,926.12815,1346.785,28.36,301
"1745","Karlsruhe","2008",48.09,-100.6204,365,143.888888888889,292.666666666667,213.333333333333,"McHenry_ND","ND",748.085,718.225,837.587,1240.275,116.71,290
"1746","Karlsruhe","2009",48.09,-100.6204,365,143.888888888889,292.666666666667,213.333333333333,"McHenry_ND","ND",708.59,701.695,830.72255,1223.215,32.98,282
"1747","Karlsruhe","2010",48.09,-100.6204,365,143.888888888889,292.666666666667,213.333333333333,"McHenry_ND","ND",815.345,787.87,917.8145,1322.885,175.91,301
"1748","Karlsruhe","2011",48.09,-100.6204,365,143.888888888889,292.666666666667,213.333333333333,"McHenry_ND","ND",836.8,801.93,928.68865,1374.15,136.58,292
"1749","Karlsruhe","2012",48.09,-100.6204,365,143.888888888889,292.666666666667,213.333333333333,"McHenry_ND","ND",885.21,812.89,920.4901,1390.205,13.9,266
"1750","Karlsruhe","2013",48.09,-100.6204,365,143.888888888889,292.666666666667,213.333333333333,"McHenry_ND","ND",832.31,801.805,936.59255,1398.61,77.23,294
"1751","Karlsruhe","2014",48.09,-100.6204,365,143.888888888889,292.666666666667,213.333333333333,"McHenry_ND","ND",827.265,800.435,933.1917,1337.71,105.71,277
"1752","Karlsruhe","2015",48.09,-100.6204,365,143.888888888889,292.666666666667,213.333333333333,"McHenry_ND","ND",899.53,840.835,953.29955,1374.92,60.18,311
"1753","Karlsruhe","2016",48.09,-100.6204,365,143.888888888889,292.666666666667,213.333333333333,"McHenry_ND","ND",893.65,843.18,966.2684,1439.735,111.77,287
"1754","Karlsruhe","2017",48.09,-100.6204,365,143.888888888889,292.666666666667,213.333333333333,"McHenry_ND","ND",902.19,818.735,932.52035,1376.515,79.58,286
"1755","Karlsruhe","2018",48.09,-100.6204,365,143.888888888889,292.666666666667,213.333333333333,"McHenry_ND","ND",971.69,896.24,996.5707,1475.125,46.33,277
"1756","Karlsruhe","2019",48.09,-100.6204,365,143.888888888889,292.666666666667,213.333333333333,"McHenry_ND","ND",858.815,806.11,921.2462,1313.48,72.74,296
"1757","Karlsruhe","2020",48.09,-100.6204,365,143.888888888889,292.666666666667,213.333333333333,"McHenry_ND","ND",909.355,843.705,953.74455,1400.77,89.06,290
"1758","Karlsruhe","2021",48.09,-100.6204,365,143.888888888889,292.666666666667,213.333333333333,"McHenry_ND","ND",1004.595,869.86,968.4743,1437.255,124.36,294
"1759","Karlsruhe","2022",48.09,-100.6204,365,143.888888888889,292.666666666667,213.333333333333,"McHenry_ND","ND",895.2,841.6,955.1026,1421,84.89,280
"1760","Karlsruhe","2023",48.09,-100.6204,365,143.888888888889,292.666666666667,213.333333333333,"McHenry_ND","ND",968.13,879.005,988.829,1479.13,61.99,299
"1761","LBDO","1980",37.3497,-95.2841,365,186.008064516129,309.339130434783,235.8375,"Labette_KS","KS",1580.08,1191.67,1277.1085,1982.505,155.65,324
"1762","LBDO","1981",37.3497,-95.2841,365,186.008064516129,309.339130434783,235.8375,"Labette_KS","KS",1311.52,1109.885,1196.2385,1862.955,91.26,325
"1763","LBDO","1982",37.3497,-95.2841,365,186.008064516129,309.339130434783,235.8375,"Labette_KS","KS",1372.535,1131.575,1217.1935,1865.58,134.02,308
"1764","LBDO","1983",37.3497,-95.2841,365,186.008064516129,309.339130434783,235.8375,"Labette_KS","KS",1472.46,1148.795,1235.1435,1834.24,110.53,320
"1765","LBDO","1984",37.3497,-95.2841,365,186.008064516129,309.339130434783,235.8375,"Labette_KS","KS",1356.04,1080.055,1165.4935,1819.665,76.98,316
"1766","LBDO","1985",37.3497,-95.2841,365,186.008064516129,309.339130434783,235.8375,"Labette_KS","KS",1334.665,1114.15,1202.98155,1866.795,333.32,324
"1767","LBDO","1986",37.3497,-95.2841,365,186.008064516129,309.339130434783,235.8375,"Labette_KS","KS",1289.975,1091.185,1182.25265,1919.565,256.68,315
"1768","LBDO","1987",37.3497,-95.2841,365,186.008064516129,309.339130434783,235.8375,"Labette_KS","KS",1305.28,1106.59,1195.36655,1951.805,220.56,315
"1769","LBDO","1988",37.3497,-95.2841,365,186.008064516129,309.339130434783,235.8375,"Labette_KS","KS",1345.81,1117,1203.3285,1900.12,184.83,326
"1770","LBDO","1989",37.3497,-95.2841,365,186.008064516129,309.339130434783,235.8375,"Labette_KS","KS",1228.45,1091.415,1182.9507,1858.72,217.78,293
"1771","LBDO","1990",37.3497,-95.2841,365,186.008064516129,309.339130434783,235.8375,"Labette_KS","KS",1349.02,1124.86,1211.7035,1891.33,160.31,332
"1772","LBDO","1991",37.3497,-95.2841,365,186.008064516129,309.339130434783,235.8375,"Labette_KS","KS",1385.135,1129.48,1214.9185,1977.5,126.49,306
"1773","LBDO","1992",37.3497,-95.2841,365,186.008064516129,309.339130434783,235.8375,"Labette_KS","KS",1161.685,1057.865,1148.1485,1761.665,178.64,333
"1774","LBDO","1993",37.3497,-95.2841,365,186.008064516129,309.339130434783,235.8375,"Labette_KS","KS",1327.315,1131.65,1223.1146,1894.915,188.69,303
"1775","LBDO","1994",37.3497,-95.2841,365,186.008064516129,309.339130434783,235.8375,"Labette_KS","KS",1221.605,1064.37,1152.71655,1875.2,149.28,334
"1776","LBDO","1995",37.3497,-95.2841,365,186.008064516129,309.339130434783,235.8375,"Labette_KS","KS",1382.32,1143.685,1232.4046,1865.73,55.06,307
"1777","LBDO","1996",37.3497,-95.2841,365,186.008064516129,309.339130434783,235.8375,"Labette_KS","KS",1270.395,1097.055,1184.9835,1910.195,201.07,329
"1778","LBDO","1997",37.3497,-95.2841,365,186.008064516129,309.339130434783,235.8375,"Labette_KS","KS",1250.955,1093.775,1180.4785,1814.59,253.41,315
"1779","LBDO","1998",37.3497,-95.2841,365,186.008064516129,309.339130434783,235.8375,"Labette_KS","KS",1392.745,1151.245,1236.9535,1989.14,199.97,355
"1780","LBDO","1999",37.3497,-95.2841,365,186.008064516129,309.339130434783,235.8375,"Labette_KS","KS",1381.29,1130.265,1219.6935,1900.675,92.77,340
"1781","LBDO","2000",37.3497,-95.2841,365,186.008064516129,309.339130434783,235.8375,"Labette_KS","KS",1460.17,1169.29,1255.5835,1936.09,13.11,283
"1782","LBDO","2001",37.3497,-95.2841,365,186.008064516129,309.339130434783,235.8375,"Labette_KS","KS",1413.095,1148.005,1233.7035,1931.42,158.03,324
"1783","LBDO","2002",37.3497,-95.2841,365,186.008064516129,309.339130434783,235.8375,"Labette_KS","KS",1394.045,1150.975,1236.4135,1894.725,128.2,329
"1784","LBDO","2003",37.3497,-95.2841,365,186.008064516129,309.339130434783,235.8375,"Labette_KS","KS",1356.585,1124.075,1215.9457,1855.45,267.34,328
"1785","LBDO","2004",37.3497,-95.2841,365,186.008064516129,309.339130434783,235.8375,"Labette_KS","KS",1154.98,1030.675,1124.49655,1845.255,77.67,336
"1786","LBDO","2005",37.3497,-95.2841,365,186.008064516129,309.339130434783,235.8375,"Labette_KS","KS",1371.65,1137.47,1224.35155,1926.575,148.54,320
"1787","LBDO","2006",37.3497,-95.2841,365,186.008064516129,309.339130434783,235.8375,"Labette_KS","KS",1403.945,1143.195,1230.07655,1926.135,89.16,306
"1788","LBDO","2007",37.3497,-95.2841,365,186.008064516129,309.339130434783,235.8375,"Labette_KS","KS",1370.145,1157.415,1243.1335,1982.37,101.66,326
"1789","LBDO","2008",37.3497,-95.2841,365,190,302,235.8375,"Labette_KS","KS",1236.985,1090.545,1194.93345,1869.13,295.37,326
"1790","LBDO","2009",37.3497,-95.2841,365,182,293,232.875,"Labette_KS","KS",1193.105,1066.86,1163.57625,1825.235,390.92,337
"1791","LBDO","2010",37.3497,-95.2841,365,174,271,227.071428571429,"Labette_KS","KS",1449.605,1202.455,1290.37905,1968.58,166.25,329
"1792","LBDO","2011",37.3497,-95.2841,365,179,279,231.7,"Labette_KS","KS",1577.395,1229.43,1316.55905,1995.355,154.01,321
"1793","LBDO","2012",37.3497,-95.2841,365,186.008064516129,309.339130434783,235.8375,"Labette_KS","KS",1447.715,1128.07,1215.0035,1954.675,203.74,317
"1794","LBDO","2013",37.3497,-95.2841,365,179,351,231.357142857143,"Labette_KS","KS",1308.215,1125.39,1215.1621,1867.565,213.73,316
"1795","LBDO","2014",37.3497,-95.2841,365,186.008064516129,309.339130434783,235.8375,"Labette_KS","KS",1259.055,1071.575,1167.11375,1878.595,230.36,316
"1796","LBDO","2015",37.3497,-95.2841,365,186.008064516129,309.339130434783,235.8375,"Labette_KS","KS",1291.325,1121.625,1216.90875,1911.795,200.75,326
"1797","LBDO","2016",37.3497,-95.2841,365,203,337,251.5,"Labette_KS","KS",1286.225,1113.665,1208.51625,1921.575,343.52,336
"1798","LBDO","2017",37.3497,-95.2841,365,207,335,235.8375,"Labette_KS","KS",1150.185,1036.75,1131.2532,1859.965,265.04,326
"1799","LBDO","2018",37.3497,-95.2841,365,186.008064516129,309.339130434783,235.8375,"Labette_KS","KS",1295.96,1122.07,1215.1396,2010.805,322.93,314
"1800","LBDO","2019",37.3497,-95.2841,365,192,324,240.857142857143,"Labette_KS","KS",1329.625,1153.03,1242.32905,1891.92,295.37,304
"1801","LBDO","2020",37.3497,-95.2841,365,161,309.339130434783,245,"Labette_KS","KS",1370.49,1160.615,1247.28405,1863.01,135.63,335
"1802","LBDO","2021",37.3497,-95.2841,365,186.008064516129,309.339130434783,235.8375,"Labette_KS","KS",1345.975,1141.205,1226.6435,1873.38,124.49,323
"1803","LBDO","2022",37.3497,-95.2841,365,186.008064516129,309.339130434783,235.8375,"Labette_KS","KS",1433.105,1133.42,1219.3335,1948.165,44.73,292
"1804","LBDO","2023",37.3497,-95.2841,365,186.008064516129,309.339130434783,235.8375,"Labette_KS","KS",1360.815,1114.29,1201.25655,1921.74,218.42,304
"1805","Langdon","1980",48.7587,-98.3424,365,170,288.069694596711,237.975,"Cavalier_ND","ND",792.87,756.005,890.02335,1235.135,260.71,298
"1806","Langdon","1981",48.7587,-98.3424,365,140.045194143857,288.069694596711,216.351057014734,"Cavalier_ND","ND",691.9,679.205,814.91,1222.61,127.3,294
"1807","Langdon","1982",48.7587,-98.3424,365,144,299,211.388888888889,"Cavalier_ND","ND",662.9,670.47,801.9114,1098.915,128.18,294
"1808","Langdon","1983",48.7587,-98.3424,365,136,288.069694596711,210.941176470588,"Cavalier_ND","ND",718.2,712.695,829.96675,1306.405,62.67,286
"1809","Langdon","1984",48.7587,-98.3424,365,137,288.069694596711,217.742857142857,"Cavalier_ND","ND",683.39,683.44,806.87395,1237.5,57.28,269
"1810","Langdon","1985",48.7587,-98.3424,365,135,288.069694596711,216.655172413793,"Cavalier_ND","ND",596.785,613.335,746.305,1066.295,207.2,268
"1811","Langdon","1986",48.7587,-98.3424,365,140,288.069694596711,210.387096774194,"Cavalier_ND","ND",797.135,771.45,901.82475,1216.495,194.02,282
"1812","Langdon","1987",48.7587,-98.3424,365,140.045194143857,288.069694596711,216.351057014734,"Cavalier_ND","ND",790.15,750.315,876.96365,1281.215,145.92,280
"1813","Langdon","1988",48.7587,-98.3424,365,136,288.069694596711,205.8125,"Cavalier_ND","ND",951.565,855.57,954.0418,1441.225,84.76,278
"1814","Langdon","1989",48.7587,-98.3424,365,135,269,206.285714285714,"Cavalier_ND","ND",769.44,732.39,853.4934,1320.625,43.89,266
"1815","Langdon","1990",48.7587,-98.3424,365,134,288.069694596711,211.368421052632,"Cavalier_ND","ND",673.57,679.745,813.01505,1258.59,79.85,280
"1816","Langdon","1991",48.7587,-98.3424,365,137,284,204.736842105263,"Cavalier_ND","ND",806.63,790.95,929.38835,1377.73,125.5,288
"1817","Langdon","1992",48.7587,-98.3424,365,136,288.069694596711,221.571428571429,"Cavalier_ND","ND",549.71,566.065,712.91245,1027.625,67.73,266
"1818","Langdon","1993",48.7587,-98.3424,365,140.045194143857,288.069694596711,216.351057014734,"Cavalier_ND","ND",542.58,565.515,721.60185,1061.625,328.49,275
"1819","Langdon","1994",48.7587,-98.3424,365,137,294,216.235294117647,"Cavalier_ND","ND",703.525,699.525,863.5327,1197.54,145.01,298
"1820","Langdon","1995",48.7587,-98.3424,365,140.045194143857,288.069694596711,216.351057014734,"Cavalier_ND","ND",788.335,761.29,888.0781,1284.81,208.97,265
"1821","Langdon","1996",48.7587,-98.3424,365,145,289,219.125,"Cavalier_ND","ND",752.915,737.205,881.00555,1221.605,197.65,276
"1822","Langdon","1997",48.7587,-98.3424,365,135,281,209.052631578947,"Cavalier_ND","ND",713.445,716.66,840.24645,1237.645,103.63,294
"1823","Langdon","1998",48.7587,-98.3424,365,139,272,213.044117647059,"Cavalier_ND","ND",698,700.45,841.3447,1269.585,46.89,306
"1824","Langdon","1999",48.7587,-98.3424,365,139,284,213.945945945946,"Cavalier_ND","ND",692.88,688.91,831.8422,1153.755,137.36,275
"1825","Langdon","2000",48.7587,-98.3424,365,136,285,216.7,"Cavalier_ND","ND",591,608.845,753.24855,1145.68,161.33,278
"1826","Langdon","2001",48.7587,-98.3424,365,137,284,214.738095238095,"Cavalier_ND","ND",692.47,680.785,820.64805,1271.095,129.04,278
"1827","Langdon","2002",48.7587,-98.3424,365,134,288.069694596711,211.277777777778,"Cavalier_ND","ND",719.83,712.76,837.3959,1240.995,191.14,271
"1828","Langdon","2003",48.7587,-98.3424,365,135,281,215.571428571429,"Cavalier_ND","ND",688.86,687.04,828.1536,1281.625,69.4,273
"1829","Langdon","2004",48.7587,-98.3424,365,161,307,247.536585365854,"Cavalier_ND","ND",639.66,637.785,789.9216,959.87,138.53,276
"1830","Langdon","2005",48.7587,-98.3424,365,132,297,211.573770491803,"Cavalier_ND","ND",697.985,685.945,831.65995,1205.705,79.37,297
"1831","Langdon","2006",48.7587,-98.3424,365,137,282,206.344827586207,"Cavalier_ND","ND",816.11,777.265,901.2331,1330.655,130.84,284
"1832","Langdon","2007",48.7587,-98.3424,365,136,292,211.508196721311,"Cavalier_ND","ND",733.055,720.48,853.3881,1262.64,88.81,300
"1833","Langdon","2008",48.7587,-98.3424,365,136,299,222.147540983607,"Cavalier_ND","ND",596.105,619.235,768.4258,1120.145,121.31,294
"1834","Langdon","2009",48.7587,-98.3424,365,135,295,224.404761904762,"Cavalier_ND","ND",566.3,598.475,736.2514,1099.475,119.07,282
"1835","Langdon","2010",48.7587,-98.3424,365,138,287,214.560975609756,"Cavalier_ND","ND",751.145,739.06,887.9558,1237.07,179.04,301
"1836","Langdon","2011",48.7587,-98.3424,365,153,286,225.021739130435,"Cavalier_ND","ND",828.825,804.14,940.1678,1245.805,66.86,291
"1837","Langdon","2012",48.7587,-98.3424,365,137,276,215.6,"Cavalier_ND","ND",771.51,750.175,871.932,1306.87,77.27,266
"1838","Langdon","2013",48.7587,-98.3424,365,137,294,222.035714285714,"Cavalier_ND","ND",727.56,718.83,858.20305,1252.005,100.75,294
"1839","Langdon","2014",48.7587,-98.3424,365,143,289,218.176470588235,"Cavalier_ND","ND",767.205,751.37,901.0847,1221.845,234.23,282
"1840","Langdon","2015",48.7587,-98.3424,365,141,289,213.842105263158,"Cavalier_ND","ND",802.94,788.185,917.062,1283.335,65.91,290
"1841","Langdon","2016",48.7587,-98.3424,365,139,294,213.76,"Cavalier_ND","ND",780.095,768.66,914.55445,1320.95,204.07,287
"1842","Langdon","2017",48.7587,-98.3424,365,138,291,217.390243902439,"Cavalier_ND","ND",695.32,695.055,829.5689,1231.89,104.82,287
"1843","Langdon","2018",48.7587,-98.3424,365,141,289,207.46875,"Cavalier_ND","ND",907.18,863.23,982.6626,1384.755,50.69,277
"1844","Langdon","2019",48.7587,-98.3424,365,140.045194143857,288.069694596711,216.351057014734,"Cavalier_ND","ND",746.09,731.39,857.0995,1191.785,92.87,297
"1845","Langdon","2020",48.7587,-98.3424,365,143,286,214.785714285714,"Cavalier_ND","ND",871.97,831.385,951.6498,1316.04,149.93,289
"1846","Langdon","2021",48.7587,-98.3424,365,140.045194143857,288.069694596711,216.351057014734,"Cavalier_ND","ND",853.33,793.83,901.4076,1344.5,192.04,294
"1847","Langdon","2022",48.7587,-98.3424,365,147,293,220.58064516129,"Cavalier_ND","ND",844.595,817.03,950.7928,1313.565,94.14,280
"1848","Langdon","2023",48.7587,-98.3424,365,140.045194143857,288.069694596711,216.351057014734,"Cavalier_ND","ND",883.225,827.59,951.55645,1402.645,48.8,300
"1849","Laramie","1980",41.0462,-104.3627,365,159.258426966292,290.415730337079,229.3125,"Laramie_WY","WY",1042.485,856.54,946.0546,1319.275,27.2,285
"1850","Laramie","1981",41.0462,-104.3627,365,159.258426966292,290.415730337079,229.3125,"Laramie_WY","WY",942.44,825.375,921.4082,1283.275,69.28,296
"1851","Laramie","1982",41.0462,-104.3627,365,159.258426966292,290.415730337079,229.3125,"Laramie_WY","WY",885.79,788.145,895.7465,1246.435,139.59,284
"1852","Laramie","1983",41.0462,-104.3627,365,159.258426966292,290.415730337079,229.3125,"Laramie_WY","WY",950.785,832.655,929.8043,1282.94,53.36,263
"1853","Laramie","1984",41.0462,-104.3627,365,159.258426966292,290.415730337079,229.3125,"Laramie_WY","WY",946.08,832.51,923.641,1359.905,71.51,269
"1854","Laramie","1985",41.0462,-104.3627,365,159.258426966292,290.415730337079,229.3125,"Laramie_WY","WY",919.1,802.48,893.76765,1332.215,52.79,271
"1855","Laramie","1986",41.0462,-104.3627,365,159.258426966292,290.415730337079,229.3125,"Laramie_WY","WY",965.03,831.64,920.12905,1297.995,30.42,284
"1856","Laramie","1987",41.0462,-104.3627,365,159.258426966292,290.415730337079,229.3125,"Laramie_WY","WY",959.86,829.475,923.9957,1311.16,63.64,283
"1857","Laramie","1988",41.0462,-104.3627,365,159.258426966292,290.415730337079,229.3125,"Laramie_WY","WY",1041.145,871.195,961.4196,1392.425,53.4,297
"1858","Laramie","1989",41.0462,-104.3627,365,159.258426966292,290.415730337079,229.3125,"Laramie_WY","WY",944.385,815.435,916.3715,1323.875,126.85,292
"1859","Laramie","1990",41.0462,-104.3627,365,159.258426966292,290.415730337079,229.3125,"Laramie_WY","WY",902.25,805.465,915.10345,1315.42,85.15,281
"1860","Laramie","1991",41.0462,-104.3627,365,159.258426966292,290.415730337079,229.3125,"Laramie_WY","WY",935.695,834.195,934.2368,1375.625,64.74,301
"1861","Laramie","1992",41.0462,-104.3627,365,158,283,229.3125,"Laramie_WY","WY",847.485,788.98,902.57315,1250.89,69.21,282
"1862","Laramie","1993",41.0462,-104.3627,365,161,301,229.3125,"Laramie_WY","WY",866.685,786.315,891.61735,1230.645,83.48,257
"1863","Laramie","1994",41.0462,-104.3627,365,159.258426966292,290.415730337079,229.3125,"Laramie_WY","WY",979.755,842.495,934.741,1410.095,34.04,297
"1864","Laramie","1995",41.0462,-104.3627,365,173,313,229.3125,"Laramie_WY","WY",974.535,818.48,925.1515,1192.07,33.03,265
"1865","Laramie","1996",41.0462,-104.3627,365,159.258426966292,290.415730337079,229.3125,"Laramie_WY","WY",948.485,837.675,927.4946,1317.06,98.8,271
"1866","Laramie","1997",41.0462,-104.3627,365,154,269,229.3125,"Laramie_WY","WY",886.34,795.395,913.89285,1329.46,141.53,286
"1867","Laramie","1998",41.0462,-104.3627,365,161,287,229.3125,"Laramie_WY","WY",929.17,820.655,924.45845,1310.205,65.97,294
"1868","Laramie","1999",41.0462,-104.3627,365,153,287,229.3125,"Laramie_WY","WY",897.68,799.475,907.47315,1306.765,132.27,272
"1869","Laramie","2000",41.0462,-104.3627,365,159.258426966292,290.415730337079,229.3125,"Laramie_WY","WY",1025.55,845.14,937.57375,1396.505,25.07,269
"1870","Laramie","2001",41.0462,-104.3627,365,159.258426966292,290.415730337079,229.3125,"Laramie_WY","WY",1036.35,875.62,964.87655,1396.09,36.15,288
"1871","Laramie","2002",41.0462,-104.3627,365,159.258426966292,290.415730337079,229.3125,"Laramie_WY","WY",1076.865,875.06,962.03405,1400.255,133.69,286
"1872","Laramie","2003",41.0462,-104.3627,365,159.258426966292,290.415730337079,229.3125,"Laramie_WY","WY",1015.305,848.87,948.53985,1341.845,61.35,298
"1873","Laramie","2004",41.0462,-104.3627,365,159.258426966292,290.415730337079,229.3125,"Laramie_WY","WY",833.805,743.64,855.11065,1238.375,91.85,306
"1874","Laramie","2005",41.0462,-104.3627,365,159.258426966292,290.415730337079,229.3125,"Laramie_WY","WY",945.525,803.23,903.57095,1283.555,26.68,296
"1875","Laramie","2006",41.0462,-104.3627,365,159.258426966292,290.415730337079,229.3125,"Laramie_WY","WY",1032.81,880.855,971.3996,1396.425,47.71,291
"1876","Laramie","2007",41.0462,-104.3627,365,159.258426966292,290.415730337079,229.3125,"Laramie_WY","WY",1074.045,901.495,990.83405,1410.22,77.54,295
"1877","Laramie","2008",41.0462,-104.3627,365,159.258426966292,290.415730337079,229.3125,"Laramie_WY","WY",950.425,813.34,908.73875,1262.12,145.97,287
"1878","Laramie","2009",41.0462,-104.3627,365,159.258426966292,290.415730337079,229.3125,"Laramie_WY","WY",852.4,776.48,885.24815,1252.455,32.15,276
"1879","Laramie","2010",41.0462,-104.3627,365,159.258426966292,290.415730337079,229.3125,"Laramie_WY","WY",924.215,812.235,911.73735,1290.08,57.69,301
"1880","Laramie","2011",41.0462,-104.3627,365,159.258426966292,290.415730337079,229.3125,"Laramie_WY","WY",979.48,848.775,944.16625,1307.92,55.23,292
"1881","Laramie","2012",41.0462,-104.3627,365,159.258426966292,290.415730337079,229.3125,"Laramie_WY","WY",1096.75,889.025,982.4546,1426.215,23.38,281
"1882","Laramie","2013",41.0462,-104.3627,365,159.258426966292,290.415730337079,229.3125,"Laramie_WY","WY",980.905,855.55,946.8146,1415.755,164.23,289
"1883","Laramie","2014",41.0462,-104.3627,365,159.258426966292,290.415730337079,229.3125,"Laramie_WY","WY",883.315,798.84,901.8504,1253.385,105.7,315
"1884","Laramie","2015",41.0462,-104.3627,365,159.258426966292,290.415730337079,229.3125,"Laramie_WY","WY",940.205,837.59,938.76595,1260.71,14.11,311
"1885","Laramie","2016",41.0462,-104.3627,365,159.258426966292,290.415730337079,229.3125,"Laramie_WY","WY",1022.235,866.065,960.58765,1315.135,62.84,316
"1886","Laramie","2017",41.0462,-104.3627,365,159.258426966292,290.415730337079,229.3125,"Laramie_WY","WY",943.925,822.9,925.5429,1312.475,99.93,283
"1887","Laramie","2018",41.0462,-104.3627,365,159.258426966292,290.415730337079,229.3125,"Laramie_WY","WY",947.02,825.1,926.84485,1349.185,16.79,286
"1888","Laramie","2019",41.0462,-104.3627,365,159.258426966292,290.415730337079,229.3125,"Laramie_WY","WY",926.735,818.85,921.00845,1275.92,110.4,282
"1889","Laramie","2020",41.0462,-104.3627,365,159.258426966292,290.415730337079,229.3125,"Laramie_WY","WY",1005.075,848.97,939.6546,1385.595,41.64,290
"1890","Laramie","2021",41.0462,-104.3627,365,159.258426966292,290.415730337079,229.3125,"Laramie_WY","WY",1028.875,865.035,959.6607,1350.385,26.87,288
"1891","Laramie","2022",41.0462,-104.3627,365,159.258426966292,290.415730337079,229.3125,"Laramie_WY","WY",1087.285,898.41,987.2185,1416.465,17.66,301
"1892","Laramie","2023",41.0462,-104.3627,365,159.258426966292,290.415730337079,229.3125,"Laramie_WY","WY",869.945,785.96,901.18925,1302.255,76.43,287
"1893","Miller","1980",44.5178,-98.9379,365,154.447463768116,293.03933747412,216.516,"Hand_SD","SD",1138.105,942.445,1031.40905,1554.925,82.02,299
"1894","Miller","1981",44.5178,-98.9379,365,154.447463768116,293.03933747412,216.516,"Hand_SD","SD",1078.075,930.94,1027.30875,1515.1,134.57,295
"1895","Miller","1982",44.5178,-98.9379,365,154.447463768116,293.03933747412,216.516,"Hand_SD","SD",1023.235,898.75,1007.72985,1480.155,86.83,294
"1896","Miller","1983",44.5178,-98.9379,365,154.447463768116,293.03933747412,216.516,"Hand_SD","SD",1133.345,968.16,1068.3679,1555.69,85.6,286
"1897","Miller","1984",44.5178,-98.9379,365,154.447463768116,293.03933747412,216.516,"Hand_SD","SD",1070.065,945.31,1043.7757,1525.65,71.7,270
"1898","Miller","1985",44.5178,-98.9379,365,154.447463768116,293.03933747412,216.516,"Hand_SD","SD",993.425,852.815,956.819,1454.6,210.57,303
"1899","Miller","1986",44.5178,-98.9379,365,154.447463768116,293.03933747412,216.516,"Hand_SD","SD",1063.015,945.235,1041.89265,1500.315,158.21,286
"1900","Miller","1987",44.5178,-98.9379,365,154.447463768116,293.03933747412,216.516,"Hand_SD","SD",1186.18,983.135,1074.3696,1587.65,78.55,280
"1901","Miller","1988",44.5178,-98.9379,365,154.447463768116,293.03933747412,216.516,"Hand_SD","SD",1266.13,1014.34,1104.4096,1668.965,71.85,278
"1902","Miller","1989",44.5178,-98.9379,365,154.447463768116,293.03933747412,216.516,"Hand_SD","SD",1110.955,939.09,1035.4918,1562.565,46.29,290
"1903","Miller","1990",44.5178,-98.9379,365,154.447463768116,293.03933747412,216.516,"Hand_SD","SD",1012.1,910.005,1013.01875,1514.05,90.98,282
"1904","Miller","1991",44.5178,-98.9379,365,154.447463768116,293.03933747412,216.516,"Hand_SD","SD",1074.065,967.32,1067.19765,1655.19,63.54,262
"1905","Miller","1992",44.5178,-98.9379,365,154.447463768116,293.03933747412,216.516,"Hand_SD","SD",822.43,791.965,925.9606,1345.395,132.47,272
"1906","Miller","1993",44.5178,-98.9379,365,154.447463768116,293.03933747412,216.516,"Hand_SD","SD",868.04,835.69,968.01645,1381.445,105.3,282
"1907","Miller","1994",44.5178,-98.9379,365,154.447463768116,293.03933747412,216.516,"Hand_SD","SD",965.565,893.67,1001.09095,1502.85,119.09,298
"1908","Miller","1995",44.5178,-98.9379,365,154.447463768116,293.03933747412,216.516,"Hand_SD","SD",1048.92,934.175,1039.21595,1516.515,31.68,265
"1909","Miller","1996",44.5178,-98.9379,365,154.447463768116,293.03933747412,216.516,"Hand_SD","SD",994.27,912,1011.64375,1461.24,36.32,296
"1910","Miller","1997",44.5178,-98.9379,365,154.447463768116,293.03933747412,216.516,"Hand_SD","SD",1028.215,944.215,1047.1879,1499.55,87.72,294
"1911","Miller","1998",44.5178,-98.9379,365,154.447463768116,293.03933747412,216.516,"Hand_SD","SD",1002.925,916.22,1019.93595,1562.44,104.41,309
"1912","Miller","1999",44.5178,-98.9379,365,146,293.03933747412,212.101449275362,"Hand_SD","SD",1022.79,926.425,1040.03065,1511.42,97.88,275
"1913","Miller","2000",44.5178,-98.9379,365,154.447463768116,293.03933747412,216.516,"Hand_SD","SD",1060.715,922.08,1028.76705,1527.3,98.67,280
"1914","Miller","2001",44.5178,-98.9379,365,159,285,219.869565217391,"Hand_SD","SD",1167.27,1006.395,1105.3693,1584.03,66.07,279
"1915","Miller","2002",44.5178,-98.9379,365,148,263,216.516,"Hand_SD","SD",1195.13,1004.125,1098.55015,1578.17,110.59,296
"1916","Miller","2003",44.5178,-98.9379,365,149,268,219.117647058824,"Hand_SD","SD",1015.485,904.95,1010.06565,1504.535,39.49,299
"1917","Miller","2004",44.5178,-98.9379,365,156,289,216.516,"Hand_SD","SD",911.47,845.715,967.94505,1377.66,69.01,290
"1918","Miller","2005",44.5178,-98.9379,365,154.447463768116,293.03933747412,216.516,"Hand_SD","SD",1139.86,981.79,1081.2868,1566.515,142.12,296
"1919","Miller","2006",44.5178,-98.9379,365,156,300,216.516,"Hand_SD","SD",1212.835,1000.65,1091.19515,1594.59,147.06,285
"1920","Miller","2007",44.5178,-98.9379,365,157,298,216.72619047619,"Hand_SD","SD",1167.775,1015.535,1109.8132,1620.175,159.26,307
"1921","Miller","2008",44.5178,-98.9379,365,162,305,216.516,"Hand_SD","SD",1055.025,952.4,1052.17625,1444.39,165.91,301
"1922","Miller","2009",44.5178,-98.9379,365,155,320,216.516,"Hand_SD","SD",926.725,859.64,973.41675,1385.94,108.42,282
"1923","Miller","2010",44.5178,-98.9379,365,154.447463768116,293.03933747412,216.516,"Hand_SD","SD",1085.665,980.545,1079.7768,1547.21,126.65,301
"1924","Miller","2011",44.5178,-98.9379,365,154.447463768116,293.03933747412,216.516,"Hand_SD","SD",1097.265,977.145,1081.35485,1542.36,123.32,292
"1925","Miller","2012",44.5178,-98.9379,365,154.447463768116,293.03933747412,216.516,"Hand_SD","SD",1196.7,1003.89,1093.1846,1581.825,55.35,279
"1926","Miller","2013",44.5178,-98.9379,365,154.447463768116,293.03933747412,216.516,"Hand_SD","SD",970.33,902.19,1010.5001,1524.805,44.97,310
"1927","Miller","2014",44.5178,-98.9379,365,154.447463768116,293.03933747412,216.516,"Hand_SD","SD",934.905,874.745,986.55205,1458.16,94.51,303
"1928","Miller","2015",44.5178,-98.9379,365,154.447463768116,293.03933747412,216.516,"Hand_SD","SD",1060.85,950.595,1047.6007,1500.665,164.37,317
"1929","Miller","2016",44.5178,-98.9379,365,154.447463768116,293.03933747412,216.516,"Hand_SD","SD",1128.36,980.335,1071.74655,1578.345,76.75,324
"1930","Miller","2017",44.5178,-98.9379,365,154.447463768116,293.03933747412,216.516,"Hand_SD","SD",1057.715,912.895,1013.15485,1477.545,113.05,300
"1931","Miller","2018",44.5178,-98.9379,365,154.447463768116,293.03933747412,216.516,"Hand_SD","SD",1085.69,963.95,1061.7507,1609.92,124.24,288
"1932","Miller","2019",44.5178,-98.9379,365,154.447463768116,293.03933747412,216.516,"Hand_SD","SD",1048.58,962.71,1068.1868,1460.875,266.21,300
"1933","Miller","2020",44.5178,-98.9379,365,154.447463768116,293.03933747412,216.516,"Hand_SD","SD",1091.6,986.86,1081.31655,1567.18,108.25,292
"1934","Miller","2021",44.5178,-98.9379,365,154.447463768116,293.03933747412,216.516,"Hand_SD","SD",1174.155,989.38,1079.46655,1598.965,153.75,305
"1935","Miller","2022",44.5178,-98.9379,365,154.447463768116,293.03933747412,216.516,"Hand_SD","SD",1133.5,985.15,1080.12875,1590.805,29.37,280
"1936","Miller","2023",44.5178,-98.9379,365,154.447463768116,293.03933747412,216.516,"Hand_SD","SD",1074.65,958.22,1056.04655,1636.365,147.88,300
"1937","Miller","1980",44.5183,-98.9884,365,154.447463768116,293.03933747412,216.516,"Hand_SD","SD",1140.22,941.83,1030.68905,1554.44,81.1,299
"1938","Miller","1981",44.5183,-98.9884,365,154.447463768116,293.03933747412,216.516,"Hand_SD","SD",1074.43,928.325,1024.80375,1511.045,133.86,295
"1939","Miller","1982",44.5183,-98.9884,365,154.447463768116,293.03933747412,216.516,"Hand_SD","SD",1021.96,896.94,1005.7929,1476.69,91.76,294
"1940","Miller","1983",44.5183,-98.9884,365,154.447463768116,293.03933747412,216.516,"Hand_SD","SD",1132.315,966.185,1066.2279,1552.58,84.43,286
"1941","Miller","1984",44.5183,-98.9884,365,154.447463768116,293.03933747412,216.516,"Hand_SD","SD",1069.695,942.96,1041.3057,1522.83,74.18,270
"1942","Miller","1985",44.5183,-98.9884,365,154.447463768116,293.03933747412,216.516,"Hand_SD","SD",993.62,851.055,954.714,1452.245,204.18,274
"1943","Miller","1986",44.5183,-98.9884,365,154.447463768116,293.03933747412,216.516,"Hand_SD","SD",1063.095,944.395,1040.82765,1498.96,153.51,286
"1944","Miller","1987",44.5183,-98.9884,365,154.447463768116,293.03933747412,216.516,"Hand_SD","SD",1185.97,981.86,1072.9296,1585.435,73.67,280
"1945","Miller","1988",44.5183,-98.9884,365,154.447463768116,293.03933747412,216.516,"Hand_SD","SD",1266.255,1013.43,1103.5596,1667.15,72.96,278
"1946","Miller","1989",44.5183,-98.9884,365,154.447463768116,293.03933747412,216.516,"Hand_SD","SD",1111.76,938.445,1034.6618,1562.03,44.71,290
"1947","Miller","1990",44.5183,-98.9884,365,154.447463768116,293.03933747412,216.516,"Hand_SD","SD",1011.945,908.94,1011.78375,1512.555,88.85,282
"1948","Miller","1991",44.5183,-98.9884,365,154.447463768116,293.03933747412,216.516,"Hand_SD","SD",1072.475,966.005,1065.65765,1653.015,86.72,262
"1949","Miller","1992",44.5183,-98.9884,365,154.447463768116,293.03933747412,216.516,"Hand_SD","SD",821.195,790.785,924.7756,1344.52,135.79,272
"1950","Miller","1993",44.5183,-98.9884,365,154.447463768116,293.03933747412,216.516,"Hand_SD","SD",865.495,833.18,965.9695,1377.765,110.51,282
"1951","Miller","1994",44.5183,-98.9884,365,154.447463768116,293.03933747412,216.516,"Hand_SD","SD",964.795,892.66,999.98095,1501.395,114.74,298
"1952","Miller","1995",44.5183,-98.9884,365,154.447463768116,293.03933747412,216.516,"Hand_SD","SD",1047.6,932.765,1037.88095,1514.385,30.46,265
"1953","Miller","1996",44.5183,-98.9884,365,154.447463768116,293.03933747412,216.516,"Hand_SD","SD",993.375,910.93,1010.45875,1458.9,43.14,296
"1954","Miller","1997",44.5183,-98.9884,365,154.447463768116,293.03933747412,216.516,"Hand_SD","SD",1026.28,942.84,1045.9729,1498.225,85.61,294
"1955","Miller","1998",44.5183,-98.9884,365,154.447463768116,293.03933747412,216.516,"Hand_SD","SD",1001.995,914.905,1018.79095,1560.15,101.29,309
"1956","Miller","1999",44.5183,-98.9884,365,146,293.03933747412,212.101449275362,"Hand_SD","SD",1021.765,925.245,1038.98065,1508.84,99.13,275
"1957","Miller","2000",44.5183,-98.9884,365,154.447463768116,293.03933747412,216.516,"Hand_SD","SD",1060.785,920.91,1027.58205,1525.965,100.5,280
"1958","Miller","2001",44.5183,-98.9884,365,159,285,219.869565217391,"Hand_SD","SD",1166.335,1004.825,1103.7993,1581.785,63.78,279
"1959","Miller","2002",44.5183,-98.9884,365,148,263,216.516,"Hand_SD","SD",1194.125,1002.455,1096.87515,1575.755,113.27,296
"1960","Miller","2003",44.5183,-98.9884,365,149,268,219.117647058824,"Hand_SD","SD",1015.47,903.96,1009.03565,1503.4,40.06,299
"1961","Miller","2004",44.5183,-98.9884,365,156,289,216.516,"Hand_SD","SD",910.115,843.955,966.33505,1376.155,63.94,290
"1962","Miller","2005",44.5183,-98.9884,365,154.447463768116,293.03933747412,216.516,"Hand_SD","SD",1138.825,980.17,1079.6918,1563.575,147.01,296
"1963","Miller","2006",44.5183,-98.9884,365,156,300,216.516,"Hand_SD","SD",1214.135,1000.285,1090.79515,1593.835,144.59,285
"1964","Miller","2007",44.5183,-98.9884,365,157,298,216.72619047619,"Hand_SD","SD",1167.955,1014.475,1108.6182,1617.66,165.06,307
"1965","Miller","2008",44.5183,-98.9884,365,162,305,216.516,"Hand_SD","SD",1054.145,950.91,1050.63625,1441.81,155.9,301
"1966","Miller","2009",44.5183,-98.9884,365,155,320,216.516,"Hand_SD","SD",926.85,858.705,972.17175,1384.135,109.95,282
"1967","Miller","2010",44.5183,-98.9884,365,154.447463768116,293.03933747412,216.516,"Hand_SD","SD",1083.8,978.37,1077.7168,1544.055,130.34,301
"1968","Miller","2011",44.5183,-98.9884,365,154.447463768116,293.03933747412,216.516,"Hand_SD","SD",1095.605,975.47,1079.58985,1539.13,138.8,292
"1969","Miller","2012",44.5183,-98.9884,365,154.447463768116,293.03933747412,216.516,"Hand_SD","SD",1196.54,1003.075,1092.3546,1580.695,55.47,279
"1970","Miller","2013",44.5183,-98.9884,365,154.447463768116,293.03933747412,216.516,"Hand_SD","SD",970.13,901.575,1009.9001,1524.17,47.24,310
"1971","Miller","2014",44.5183,-98.9884,365,154.447463768116,293.03933747412,216.516,"Hand_SD","SD",934.64,874.15,985.93705,1457.11,92.8,302
"1972","Miller","2015",44.5183,-98.9884,365,154.447463768116,293.03933747412,216.516,"Hand_SD","SD",1060.77,950.025,1046.92765,1499.53,159.29,317
"1973","Miller","2016",44.5183,-98.9884,365,154.447463768116,293.03933747412,216.516,"Hand_SD","SD",1128.795,980.045,1071.45655,1577.115,75.95,324
"1974","Miller","2017",44.5183,-98.9884,365,154.447463768116,293.03933747412,216.516,"Hand_SD","SD",1059.445,912.89,1012.92485,1476.955,111.64,300
"1975","Miller","2018",44.5183,-98.9884,365,154.447463768116,293.03933747412,216.516,"Hand_SD","SD",1083.07,961.215,1059.1607,1605.125,123.6,288
"1976","Miller","2019",44.5183,-98.9884,365,154.447463768116,293.03933747412,216.516,"Hand_SD","SD",1047.145,961.445,1067.1018,1458.36,255.07,300
"1977","Miller","2020",44.5183,-98.9884,365,154.447463768116,293.03933747412,216.516,"Hand_SD","SD",1090.02,985.475,1079.97655,1565.255,103.63,292
"1978","Miller","2021",44.5183,-98.9884,365,154.447463768116,293.03933747412,216.516,"Hand_SD","SD",1174.935,989.14,1079.00655,1598.255,150.59,305
"1979","Miller","2022",44.5183,-98.9884,365,154.447463768116,293.03933747412,216.516,"Hand_SD","SD",1133.335,983.95,1078.89875,1589.065,32.24,280
"1980","Miller","2023",44.5183,-98.9884,365,154.447463768116,293.03933747412,216.516,"Hand_SD","SD",1073.835,957.455,1055.37155,1634.645,143.85,300
"1981","Minot","1980",48.1821,-101.2973,365,155,294,217.909957627119,"Ward_ND","ND",910.48,825.23,938.03565,1328.56,163.71,288
"1982","Minot","1981",48.1821,-101.2973,365,138,280,205.7,"Ward_ND","ND",775.845,729.62,862.7267,1310.035,96.06,294
"1983","Minot","1982",48.1821,-101.2973,365,146,288.782699322564,218.547169811321,"Ward_ND","ND",798.445,763.915,885.12535,1213.4,47.94,294
"1984","Minot","1983",48.1821,-101.2973,365,146,288.782699322564,217.909957627119,"Ward_ND","ND",912.52,833.43,945.26565,1385.535,86.13,265
"1985","Minot","1984",48.1821,-101.2973,365,150,279,219.980769230769,"Ward_ND","ND",943.3,846.04,954.68955,1355,33.99,292
"1986","Minot","1985",48.1821,-101.2973,365,145,294,222.675,"Ward_ND","ND",748.075,712.53,847.0689,1205.255,108.92,267
"1987","Minot","1986",48.1821,-101.2973,365,140,288.782699322564,208.243902439024,"Ward_ND","ND",869.63,817.35,934.4276,1302.225,124.17,285
"1988","Minot","1987",48.1821,-101.2973,365,146.397388059701,288.782699322564,217.909957627119,"Ward_ND","ND",941.85,853.36,966.6012,1377.205,207.87,275
"1989","Minot","1988",48.1821,-101.2973,365,140,270,206.631578947368,"Ward_ND","ND",1102.29,923.725,1023.44735,1510.99,29.09,278
"1990","Minot","1989",48.1821,-101.2973,365,142,283,217.909957627119,"Ward_ND","ND",877.33,796.185,906.2887,1395.76,96.38,276
"1991","Minot","1990",48.1821,-101.2973,365,141,274,211.864864864865,"Ward_ND","ND",844.815,801.36,925.6523,1358.1,48.18,280
"1992","Minot","1991",48.1821,-101.2973,365,140,267,217.909957627119,"Ward_ND","ND",902.54,855.27,974.59175,1473.31,81.23,262
"1993","Minot","1992",48.1821,-101.2973,365,142,280,224.764705882353,"Ward_ND","ND",671.515,666.155,799.2378,1164.36,44.74,272
"1994","Minot","1993",48.1821,-101.2973,365,146.397388059701,288.782699322564,217.909957627119,"Ward_ND","ND",607.23,605.095,760.9738,1116.68,199.61,281
"1995","Minot","1994",48.1821,-101.2973,365,137,294,217.909957627119,"Ward_ND","ND",781.83,764.37,906.5464,1336.64,50.92,298
"1996","Minot","1995",48.1821,-101.2973,365,150,277,218.841463414634,"Ward_ND","ND",926.375,855.6,969.12175,1360.395,88.22,264
"1997","Minot","1996",48.1821,-101.2973,365,155,290,222.758064516129,"Ward_ND","ND",897.265,846.855,966.9298,1328.86,38.9,292
"1998","Minot","1997",48.1821,-101.2973,365,147,273,212.76404494382,"Ward_ND","ND",967.76,892.115,998.65095,1393.6,119.45,293
"1999","Minot","1998",48.1821,-101.2973,365,141,275,214.142857142857,"Ward_ND","ND",797.01,779.45,902.86925,1399.12,78.98,286
"2000","Minot","1999",48.1821,-101.2973,365,146.397388059701,288.782699322564,217.909957627119,"Ward_ND","ND",826.1,788.035,919.5259,1288.075,116.34,274
"2001","Minot","2000",48.1821,-101.2973,365,151,288.782699322564,221.619718309859,"Ward_ND","ND",816.765,777.545,902.0664,1270.45,126.81,278
"2002","Minot","2001",48.1821,-101.2973,365,137,282,214,"Ward_ND","ND",771.945,745.525,877.27585,1380.845,92.5,278
"2003","Minot","2002",48.1821,-101.2973,365,144,282,213.0625,"Ward_ND","ND",895.18,829.975,940.29065,1319.78,116.86,275
"2004","Minot","2003",48.1821,-101.2973,365,148,287,221.123076923077,"Ward_ND","ND",876.835,823.805,943.1034,1379.65,41.75,274
"2005","Minot","2004",48.1821,-101.2973,365,155,307,230.611111111111,"Ward_ND","ND",757.955,734.12,870.08055,1127.49,95.53,278
"2006","Minot","2005",48.1821,-101.2973,365,144,278,228.755319148936,"Ward_ND","ND",852.615,799.9,936.08555,1315.035,43.02,279
"2007","Minot","2006",48.1821,-101.2973,365,142,299,212.514285714286,"Ward_ND","ND",947.225,845.47,956.43065,1410.73,105.13,284
"2008","Minot","2007",48.1821,-101.2973,365,155,297,219.453333333333,"Ward_ND","ND",1006.1,896.98,1005.7565,1354.185,30.39,309
"2009","Minot","2008",48.1821,-101.2973,365,150,298,221.61038961039,"Ward_ND","ND",813.94,768.825,886.2609,1234.06,164.07,290
"2010","Minot","2009",48.1821,-101.2973,365,149,308,224.947368421053,"Ward_ND","ND",723.13,715.33,848.6906,1211.555,121.91,282
"2011","Minot","2010",48.1821,-101.2973,365,146,293,218.924242424242,"Ward_ND","ND",838.225,806.025,936.99115,1311.64,115.93,300
"2012","Minot","2011",48.1821,-101.2973,365,146,293,213.933333333333,"Ward_ND","ND",871.515,831.33,959.70225,1365.355,118.64,292
"2013","Minot","2012",48.1821,-101.2973,365,143,290,214.04,"Ward_ND","ND",890.64,822.14,935.38175,1392.765,36.81,266
"2014","Minot","2013",48.1821,-101.2973,365,164,316,229.435897435897,"Ward_ND","ND",903.595,862.81,992.697,1368.505,117.23,294
"2015","Minot","2014",48.1821,-101.2973,365,150,296,221.276595744681,"Ward_ND","ND",824.45,806.765,944.14335,1326.27,160.27,277
"2016","Minot","2015",48.1821,-101.2973,365,146.397388059701,288.782699322564,217.909957627119,"Ward_ND","ND",896.455,840.135,954.48565,1371.91,51.92,317
"2017","Minot","2016",48.1821,-101.2973,365,158,309,224.136363636364,"Ward_ND","ND",982.835,906.22,1014.6854,1445.77,90.55,316
"2018","Minot","2017",48.1821,-101.2973,365,143,295,203.409090909091,"Ward_ND","ND",911.19,822.385,938.3659,1374.99,93.29,300
"2019","Minot","2018",48.1821,-101.2973,365,145,296,212.542857142857,"Ward_ND","ND",968.255,897.795,1002.42235,1462.89,35.4,277
"2020","Minot","2019",48.1821,-101.2973,365,142,309,209.678571428571,"Ward_ND","ND",836.9,791.62,912.2134,1300.995,132.8,296
"2021","Minot","2020",48.1821,-101.2973,365,150,293,216.973684210526,"Ward_ND","ND",932.88,868.79,976.969,1387.515,57.78,290
"2022","Minot","2021",48.1821,-101.2973,365,146.397388059701,288.782699322564,217.909957627119,"Ward_ND","ND",1034.755,898.575,996.69985,1436.655,83.32,294
"2023","Minot","2022",48.1821,-101.2973,365,144,287,215.314285714286,"Ward_ND","ND",894.96,838.755,958.38175,1400.89,69.11,280
"2024","Minot","2023",48.1821,-101.2973,365,157,304,219.90625,"Ward_ND","ND",944.475,868.46,985.7248,1467.215,95.17,299
"2025","Minot-NuSun","1980",48.1821,-101.2973,365,140.75,282.583333333333,216.708333333333,"Ward_ND","ND",924.86,821.225,926.85205,1328.56,160.4,288
"2026","Minot-NuSun","1981",48.1821,-101.2973,365,140.75,282.583333333333,216.708333333333,"Ward_ND","ND",775.88,726.29,857.76615,1310.035,77.27,294
"2027","Minot-NuSun","1982",48.1821,-101.2973,365,140.75,282.583333333333,216.708333333333,"Ward_ND","ND",739.77,723.28,849.777,1213.4,49.72,294
"2028","Minot-NuSun","1983",48.1821,-101.2973,365,140.75,282.583333333333,216.708333333333,"Ward_ND","ND",835.41,783.075,897.50425,1385.535,89.66,265
"2029","Minot-NuSun","1984",48.1821,-101.2973,365,140.75,282.583333333333,216.708333333333,"Ward_ND","ND",806.82,755.615,867.77815,1355,33.99,292
"2030","Minot-NuSun","1985",48.1821,-101.2973,365,140.75,282.583333333333,216.708333333333,"Ward_ND","ND",739.64,702.965,830.7342,1205.255,135.35,267
"2031","Minot-NuSun","1986",48.1821,-101.2973,365,140.75,282.583333333333,216.708333333333,"Ward_ND","ND",859.32,807.04,921.86705,1302.225,73.35,285
"2032","Minot-NuSun","1987",48.1821,-101.2973,365,140.75,282.583333333333,216.708333333333,"Ward_ND","ND",880.065,804.45,921.71535,1377.205,207.87,275
"2033","Minot-NuSun","1988",48.1821,-101.2973,365,140.75,282.583333333333,216.708333333333,"Ward_ND","ND",1094.525,915.96,1013.01875,1510.99,7.94,278
"2034","Minot-NuSun","1989",48.1821,-101.2973,365,140.75,282.583333333333,216.708333333333,"Ward_ND","ND",850.6,778.16,886.87315,1395.76,96.38,276
"2035","Minot-NuSun","1990",48.1821,-101.2973,365,140.75,282.583333333333,216.708333333333,"Ward_ND","ND",833.58,790.195,913.26675,1358.1,48.18,280
"2036","Minot-NuSun","1991",48.1821,-101.2973,365,140.75,282.583333333333,216.708333333333,"Ward_ND","ND",890.06,843.36,961.4612,1473.31,81.23,262
"2037","Minot-NuSun","1992",48.1821,-101.2973,365,140.75,282.583333333333,216.708333333333,"Ward_ND","ND",667.775,658.62,788.9742,1164.36,62.03,272
"2038","Minot-NuSun","1993",48.1821,-101.2973,365,140.75,282.583333333333,216.708333333333,"Ward_ND","ND",579.305,583.67,737.1913,1116.68,207.67,281
"2039","Minot-NuSun","1994",48.1821,-101.2973,365,140.75,282.583333333333,216.708333333333,"Ward_ND","ND",787.26,764.2,901.15475,1336.64,47.44,298
"2040","Minot-NuSun","1995",48.1821,-101.2973,365,140.75,282.583333333333,216.708333333333,"Ward_ND","ND",820.435,777.8,894.2484,1360.395,89.53,264
"2041","Minot-NuSun","1996",48.1821,-101.2973,365,140.75,282.583333333333,216.708333333333,"Ward_ND","ND",788.605,760.18,886.1742,1328.86,59.42,292
"2042","Minot-NuSun","1997",48.1821,-101.2973,365,140.75,282.583333333333,216.708333333333,"Ward_ND","ND",895.03,836.72,948.20315,1393.6,62.69,293
"2043","Minot-NuSun","1998",48.1821,-101.2973,365,140.75,282.583333333333,216.708333333333,"Ward_ND","ND",786.455,768.895,891.0687,1399.12,78.98,286
"2044","Minot-NuSun","1999",48.1821,-101.2973,365,140.75,282.583333333333,216.708333333333,"Ward_ND","ND",797.035,762.43,896.2681,1288.075,119.33,274
"2045","Minot-NuSun","2000",48.1821,-101.2973,365,141,285,212.931818181818,"Ward_ND","ND",756.565,732.27,866.55415,1270.45,93.54,278
"2046","Minot-NuSun","2001",48.1821,-101.2973,365,137,281,223.479166666667,"Ward_ND","ND",771.945,745.525,877.27585,1380.845,52.25,278
"2047","Minot-NuSun","2002",48.1821,-101.2973,365,144,282,213.653846153846,"Ward_ND","ND",895.18,829.975,940.29065,1319.78,116.86,275
"2048","Minot-NuSun","2003",48.1821,-101.2973,365,140.75,282.583333333333,216.708333333333,"Ward_ND","ND",827.79,782.835,906.1095,1379.65,61.77,274
"2049","Minot-NuSun","2004",48.1821,-101.2973,365,140.75,282.583333333333,216.708333333333,"Ward_ND","ND",671.61,657.225,794.98885,1127.49,104.34,278
"2050","Minot-NuSun","2005",48.1821,-101.2973,365,140.75,282.583333333333,216.708333333333,"Ward_ND","ND",813.695,774.245,913.1611,1315.035,64.19,279
"2051","Minot-NuSun","2006",48.1821,-101.2973,365,140.75,282.583333333333,216.708333333333,"Ward_ND","ND",922.12,825.425,935.96815,1410.73,73.55,284
"2052","Minot-NuSun","2007",48.1821,-101.2973,365,140.75,282.583333333333,216.708333333333,"Ward_ND","ND",865.44,793.175,911.67425,1354.185,27.55,309
"2053","Minot-NuSun","2008",48.1821,-101.2973,365,140.75,282.583333333333,216.708333333333,"Ward_ND","ND",717.82,696.685,818.07505,1234.06,143.54,290
"2054","Minot-NuSun","2009",48.1821,-101.2973,365,140.75,282.583333333333,216.708333333333,"Ward_ND","ND",686.015,686.05,811.69145,1211.555,51.67,282
"2055","Minot-NuSun","2010",48.1821,-101.2973,365,140.75,282.583333333333,216.708333333333,"Ward_ND","ND",781.235,756.38,893.11085,1311.64,113.47,300
"2056","Minot-NuSun","2011",48.1821,-101.2973,365,140.75,282.583333333333,216.708333333333,"Ward_ND","ND",806.365,778.375,910.30085,1365.355,113.61,292
"2057","Minot-NuSun","2012",48.1821,-101.2973,365,140.75,282.583333333333,216.708333333333,"Ward_ND","ND",853.695,796.845,910.92925,1392.765,39.05,266
"2058","Minot-NuSun","2013",48.1821,-101.2973,365,140.75,282.583333333333,216.708333333333,"Ward_ND","ND",780.515,757.73,896.6325,1368.505,112.45,294
"2059","Minot-NuSun","2014",48.1821,-101.2973,365,140.75,282.583333333333,216.708333333333,"Ward_ND","ND",802.14,782.135,916.9603,1326.27,157.71,277
"2060","Minot-NuSun","2015",48.1821,-101.2973,365,140.75,282.583333333333,216.708333333333,"Ward_ND","ND",876.765,827.225,943.97565,1371.91,58.38,317
"2061","Minot-NuSun","2016",48.1821,-101.2973,365,140.75,282.583333333333,216.708333333333,"Ward_ND","ND",881.825,836.93,958.5862,1445.77,93.75,316
"2062","Minot-NuSun","2017",48.1821,-101.2973,365,140.75,282.583333333333,216.708333333333,"Ward_ND","ND",872.185,792.925,908.9459,1374.99,88.25,300
"2063","Minot-NuSun","2018",48.1821,-101.2973,365,140.75,282.583333333333,216.708333333333,"Ward_ND","ND",948.025,883.23,984.8768,1462.89,41.18,277
"2064","Minot-NuSun","2019",48.1821,-101.2973,365,140.75,282.583333333333,216.708333333333,"Ward_ND","ND",814.565,775.595,895.19035,1300.995,124.57,296
"2065","Minot-NuSun","2020",48.1821,-101.2973,365,140.75,282.583333333333,216.708333333333,"Ward_ND","ND",878.07,825.625,940.35065,1387.515,57.78,290
"2066","Minot-NuSun","2021",48.1821,-101.2973,365,140.75,282.583333333333,216.708333333333,"Ward_ND","ND",958.125,843.81,946.409,1436.655,105.42,294
"2067","Minot-NuSun","2022",48.1821,-101.2973,365,140.75,282.583333333333,216.708333333333,"Ward_ND","ND",838.845,796.485,915.1587,1400.89,67.81,280
"2068","Minot-NuSun","2023",48.1821,-101.2973,365,140.75,282.583333333333,216.708333333333,"Ward_ND","ND",942.605,863.66,976.54315,1467.215,87.67,299
"2069","Morris","1980",45.5935,-95.874,365,NA,NA,220.1875,"Stevens_MN","MN",NA,NA,NA,1500.965,82.28,286
"2070","Morris","1981",45.5935,-95.874,365,NA,NA,220.1875,"Stevens_MN","MN",NA,NA,NA,1456.87,97.16,295
"2071","Morris","1982",45.5935,-95.874,365,NA,NA,220.1875,"Stevens_MN","MN",NA,NA,NA,1416.54,117.46,294
"2072","Morris","1983",45.5935,-95.874,365,NA,NA,220.1875,"Stevens_MN","MN",NA,NA,NA,1549.07,138.81,314
"2073","Morris","1984",45.5935,-95.874,365,NA,NA,220.1875,"Stevens_MN","MN",NA,NA,NA,1480.85,128.63,270
"2074","Morris","1985",45.5935,-95.874,365,NA,NA,220.1875,"Stevens_MN","MN",NA,NA,NA,1410.22,197.53,282
"2075","Morris","1986",45.5935,-95.874,365,NA,NA,220.1875,"Stevens_MN","MN",NA,NA,NA,1472.185,230.52,286
"2076","Morris","1987",45.5935,-95.874,365,NA,NA,220.1875,"Stevens_MN","MN",NA,NA,NA,1560.34,74.58,284
"2077","Morris","1988",45.5935,-95.874,365,NA,NA,220.1875,"Stevens_MN","MN",NA,NA,NA,1666.34,193.77,298
"2078","Morris","1989",45.5935,-95.874,365,NA,NA,220.1875,"Stevens_MN","MN",NA,NA,NA,1523.595,130.08,276
"2079","Morris","1990",45.5935,-95.874,365,NA,NA,220.1875,"Stevens_MN","MN",NA,NA,NA,1482.72,95.09,291
"2080","Morris","1991",45.5935,-95.874,365,NA,NA,220.1875,"Stevens_MN","MN",NA,NA,NA,1645.415,152.79,288
"2081","Morris","1992",45.5935,-95.874,365,NA,NA,220.1875,"Stevens_MN","MN",NA,NA,NA,1316.735,86.4,289
"2082","Morris","1993",45.5935,-95.874,365,NA,NA,220.1875,"Stevens_MN","MN",NA,NA,NA,1385.83,145.38,275
"2083","Morris","1994",45.5935,-95.874,365,NA,NA,220.1875,"Stevens_MN","MN",NA,NA,NA,1499.05,97.06,304
"2084","Morris","1995",45.5935,-95.874,365,NA,NA,220.1875,"Stevens_MN","MN",NA,NA,NA,1554.79,183.65,303
"2085","Morris","1996",45.5935,-95.874,365,NA,NA,220.1875,"Stevens_MN","MN",NA,NA,NA,1486.995,99.24,304
"2086","Morris","1997",45.5935,-95.874,365,NA,NA,220.1875,"Stevens_MN","MN",NA,NA,NA,1467.625,135.92,295
"2087","Morris","1998",45.5935,-95.874,365,NA,NA,220.1875,"Stevens_MN","MN",NA,NA,NA,1572.735,117.15,308
"2088","Morris","1999",45.5935,-95.874,365,NA,NA,220.1875,"Stevens_MN","MN",NA,NA,NA,1537.95,162.27,293
"2089","Morris","2000",45.5935,-95.874,365,NA,NA,220.1875,"Stevens_MN","MN",NA,NA,NA,1468.47,72.36,282
"2090","Morris","2001",45.5935,-95.874,365,NA,NA,220.1875,"Stevens_MN","MN",NA,NA,NA,1562.94,193.72,279
"2091","Morris","2002",45.5935,-95.874,365,NA,NA,220.1875,"Stevens_MN","MN",NA,NA,NA,1554.43,184.51,297
"2092","Morris","2003",45.5935,-95.874,365,NA,NA,220.1875,"Stevens_MN","MN",NA,NA,NA,1504.16,53.1,274
"2093","Morris","2004",45.5935,-95.874,365,NA,NA,220.1875,"Stevens_MN","MN",NA,NA,NA,1302.19,132.87,316
"2094","Morris","2005",45.5935,-95.874,365,NA,NA,220.1875,"Stevens_MN","MN",NA,NA,NA,1521.685,211.39,310
"2095","Morris","2006",45.5935,-95.874,365,NA,NA,220.1875,"Stevens_MN","MN",NA,NA,NA,1561.08,128.54,285
"2096","Morris","2007",45.5935,-95.874,365,NA,NA,220.1875,"Stevens_MN","MN",NA,NA,NA,1600.75,95.2,310
"2097","Morris","2008",45.5935,-95.874,365,NA,NA,220.1875,"Stevens_MN","MN",NA,NA,NA,1418.48,116.98,302
"2098","Morris","2009",45.5935,-95.874,365,NA,NA,220.1875,"Stevens_MN","MN",NA,NA,NA,1359.785,102.38,282
"2099","Morris","2010",45.5935,-95.874,365,NA,NA,220.1875,"Stevens_MN","MN",NA,NA,NA,1531.685,289.2,302
"2100","Morris","2011",45.5935,-95.874,365,NA,NA,220.1875,"Stevens_MN","MN",NA,NA,NA,1514.93,149.05,293
"2101","Morris","2012",45.5935,-95.874,365,NA,NA,220.1875,"Stevens_MN","MN",NA,NA,NA,1571.38,124.74,281
"2102","Morris","2013",45.5935,-95.874,365,NA,NA,220.1875,"Stevens_MN","MN",NA,NA,NA,1494.34,66.36,295
"2103","Morris","2014",45.5935,-95.874,365,NA,NA,220.1875,"Stevens_MN","MN",NA,NA,NA,1482.735,175.54,304
"2104","Morris","2015",45.5935,-95.874,365,NA,NA,220.1875,"Stevens_MN","MN",NA,NA,NA,1490.105,151.74,317
"2105","Morris","2016",45.5935,-95.874,365,NA,NA,220.1875,"Stevens_MN","MN",NA,NA,NA,1546.17,160.46,324
"2106","Morris","2017",45.5935,-95.874,365,NA,NA,220.1875,"Stevens_MN","MN",NA,NA,NA,1429.37,248.47,301
"2107","Morris","2018",45.5935,-95.874,365,NA,NA,220.1875,"Stevens_MN","MN",NA,NA,NA,1647.055,195.52,285
"2108","Morris","2019",45.5935,-95.874,365,NA,NA,220.1875,"Stevens_MN","MN",NA,NA,NA,1446.1,198.09,301
"2109","Morris","2020",45.5935,-95.874,365,NA,NA,220.1875,"Stevens_MN","MN",NA,NA,NA,1566.295,129.52,292
"2110","Morris","2021",45.5935,-95.874,365,NA,NA,220.1875,"Stevens_MN","MN",NA,NA,NA,1588.845,237.68,306
"2111","Morris","2022",45.5935,-95.874,365,NA,NA,220.1875,"Stevens_MN","MN",NA,NA,NA,1593.535,116.7,290
"2112","Morris","2023",45.5935,-95.874,365,NA,NA,220.1875,"Stevens_MN","MN",NA,NA,NA,1643.03,132.82,301
"2113","Onida","1980",44.6928,-99.9954,365,160.001937984496,301.441810344828,224.876132930514,"Sully_SD","SD",1182.51,958.54,1046.47655,1564.935,72.31,300
"2114","Onida","1981",44.6928,-99.9954,365,160.001937984496,301.441810344828,224.876132930514,"Sully_SD","SD",1046.21,921.38,1023.8168,1486.245,105.81,295
"2115","Onida","1982",44.6928,-99.9954,365,160.001937984496,301.441810344828,224.876132930514,"Sully_SD","SD",1064.69,918.15,1019.69375,1445.21,93.3,294
"2116","Onida","1983",44.6928,-99.9954,365,160.001937984496,301.441810344828,224.876132930514,"Sully_SD","SD",1189.915,988.58,1086.9007,1533.23,137.58,286
"2117","Onida","1984",44.6928,-99.9954,365,160.001937984496,301.441810344828,224.876132930514,"Sully_SD","SD",1122.35,959.635,1054.77265,1507.445,35.99,302
"2118","Onida","1985",44.6928,-99.9954,365,160.001937984496,301.441810344828,224.876132930514,"Sully_SD","SD",1015.96,864.445,968.399,1483.385,135.98,274
"2119","Onida","1986",44.6928,-99.9954,365,160.001937984496,301.441810344828,224.876132930514,"Sully_SD","SD",1086.145,950.47,1043.40265,1482.63,57.41,285
"2120","Onida","1987",44.6928,-99.9954,365,160.001937984496,301.441810344828,224.876132930514,"Sully_SD","SD",1178.595,978.935,1067.48655,1562.05,81.44,283
"2121","Onida","1988",44.6928,-99.9954,365,160.001937984496,301.441810344828,224.876132930514,"Sully_SD","SD",1293.91,1017.65,1107.49265,1646.38,55.33,278
"2122","Onida","1989",44.6928,-99.9954,365,160.001937984496,301.441810344828,224.876132930514,"Sully_SD","SD",1166.225,959.6,1054.02375,1565.97,56.62,290
"2123","Onida","1990",44.6928,-99.9954,365,157,301.441810344828,224.876132930514,"Sully_SD","SD",1063.65,934.975,1033.75125,1520.4,70.44,282
"2124","Onida","1991",44.6928,-99.9954,365,163,301.441810344828,224.876132930514,"Sully_SD","SD",1100.35,976.005,1070.3232,1635.35,39.56,262
"2125","Onida","1992",44.6928,-99.9954,365,156,301.441810344828,233.205128205128,"Sully_SD","SD",815.225,789.05,925.67835,1335.22,83.23,272
"2126","Onida","1993",44.6928,-99.9954,365,160.001937984496,301.441810344828,224.876132930514,"Sully_SD","SD",900.55,851.345,974.32925,1368.71,26.97,282
"2127","Onida","1994",44.6928,-99.9954,365,160.001937984496,301.441810344828,224.876132930514,"Sully_SD","SD",992.4,900.025,999.56875,1510.225,51.36,298
"2128","Onida","1995",44.6928,-99.9954,365,160.001937984496,301.441810344828,224.876132930514,"Sully_SD","SD",1086.935,955.995,1056.4368,1500.665,73.09,265
"2129","Onida","1996",44.6928,-99.9954,365,160.001937984496,301.441810344828,224.876132930514,"Sully_SD","SD",1043.52,929.28,1020.88155,1442.31,39.37,296
"2130","Onida","1997",44.6928,-99.9954,365,160.001937984496,301.441810344828,224.876132930514,"Sully_SD","SD",1021.015,936.495,1043.97095,1505.535,96.09,294
"2131","Onida","1998",44.6928,-99.9954,365,160.001937984496,301.441810344828,224.876132930514,"Sully_SD","SD",1104.51,973.345,1072.80765,1556.875,58.72,309
"2132","Onida","1999",44.6928,-99.9954,365,160.001937984496,301.441810344828,224.876132930514,"Sully_SD","SD",1065.04,933.455,1039.8029,1492.795,194.13,275
"2133","Onida","2000",44.6928,-99.9954,365,160.001937984496,301.441810344828,224.876132930514,"Sully_SD","SD",1084.85,929.305,1034.6879,1507.655,76.18,280
"2134","Onida","2001",44.6928,-99.9954,365,160.001937984496,301.441810344828,224.876132930514,"Sully_SD","SD",1153.185,981.945,1079.3557,1564.635,93.97,289
"2135","Onida","2002",44.6928,-99.9954,365,160.001937984496,301.441810344828,224.876132930514,"Sully_SD","SD",1195.03,991.11,1082.81155,1562.03,154.9,286
"2136","Onida","2003",44.6928,-99.9954,365,160.001937984496,301.441810344828,224.876132930514,"Sully_SD","SD",1131.99,945.595,1034.9046,1476.705,21.49,299
"2137","Onida","2004",44.6928,-99.9954,365,156,299,229.4,"Sully_SD","SD",915.995,830.52,947.7259,1360.805,105.94,290
"2138","Onida","2005",44.6928,-99.9954,365,158,296,221.3625,"Sully_SD","SD",1145.735,970.845,1072.8004,1528.87,10.51,296
"2139","Onida","2006",44.6928,-99.9954,365,158,298,221.659574468085,"Sully_SD","SD",1244.29,998.43,1088.03015,1586.855,155.99,285
"2140","Onida","2007",44.6928,-99.9954,365,160.001937984496,301.441810344828,224.876132930514,"Sully_SD","SD",1183.845,1009.485,1101.46155,1591.75,112.19,307
"2141","Onida","2008",44.6928,-99.9954,365,164,307,227.349206349206,"Sully_SD","SD",1061.42,942.565,1038.6132,1394.83,75.51,301
"2142","Onida","2009",44.6928,-99.9954,365,163,313,228.767857142857,"Sully_SD","SD",979.39,887.275,993.1115,1347.415,122.14,282
"2143","Onida","2010",44.6928,-99.9954,365,160,303,223.448275862069,"Sully_SD","SD",1085.01,957.975,1056.2293,1484.32,61.01,301
"2144","Onida","2011",44.6928,-99.9954,365,159,293,224.876132930514,"Sully_SD","SD",1086.745,966.7,1073.0665,1493.775,87.28,293
"2145","Onida","2012",44.6928,-99.9954,365,163,283,222.576271186441,"Sully_SD","SD",1183.575,982.015,1073.68515,1559.13,28.53,279
"2146","Onida","2013",44.6928,-99.9954,365,166,318,228.882352941176,"Sully_SD","SD",1057.61,954.875,1054.3832,1527.2,95,297
"2147","Onida","2014",44.6928,-99.9954,365,160,300,222.942307692308,"Sully_SD","SD",978.685,906.845,1014.7304,1443.075,66.38,302
"2148","Onida","2015",44.6928,-99.9954,365,156,290,219.44,"Sully_SD","SD",1096.045,966.225,1063.29515,1492.59,108.01,317
"2149","Onida","2016",44.6928,-99.9954,365,160.001937984496,301.441810344828,224.876132930514,"Sully_SD","SD",1163.065,984.91,1072.9885,1557.05,99.78,324
"2150","Onida","2017",44.6928,-99.9954,365,166,307,224.876132930514,"Sully_SD","SD",1109.12,945.965,1043.62015,1523.45,128.3,283
"2151","Onida","2018",44.6928,-99.9954,365,160.001937984496,301.441810344828,224.876132930514,"Sully_SD","SD",1097.54,960.73,1058.0246,1592.45,35.56,288
"2152","Onida","2019",44.6928,-99.9954,365,160.001937984496,301.441810344828,224.876132930514,"Sully_SD","SD",1025.785,952.515,1059.5018,1449.835,194.66,297
"2153","Onida","2020",44.6928,-99.9954,365,168,309,224.876132930514,"Sully_SD","SD",1171.19,1015.145,1106.78405,1547.525,87.59,292
"2154","Onida","2021",44.6928,-99.9954,365,154,306,224.876132930514,"Sully_SD","SD",1225.315,1012.525,1102.97405,1591.25,148.74,305
"2155","Onida","2022",44.6928,-99.9954,365,160,299,224.876132930514,"Sully_SD","SD",1169.69,1002.93,1094.2121,1556.685,71.59,280
"2156","Onida","2023",44.6928,-99.9954,365,152,312,224.876132930514,"Sully_SD","SD",1085.04,962.195,1063.0943,1613.89,92.72,300
"2157","Onida","1980",44.7056,-100.0655,365,160.001937984496,301.441810344828,224.876132930514,"Sully_SD","SD",1181.77,959.425,1047.48655,1564.415,57.87,300
"2158","Onida","1981",44.7056,-100.0655,365,160.001937984496,301.441810344828,224.876132930514,"Sully_SD","SD",1041.965,920.105,1023.50985,1483.345,104.28,295
"2159","Onida","1982",44.7056,-100.0655,365,160.001937984496,301.441810344828,224.876132930514,"Sully_SD","SD",1062.55,917.285,1019.17375,1442.6,90.07,294
"2160","Onida","1983",44.7056,-100.0655,365,160.001937984496,301.441810344828,224.876132930514,"Sully_SD","SD",1187.475,986.75,1085.3407,1530.265,145.67,286
"2161","Onida","1984",44.7056,-100.0655,365,160.001937984496,301.441810344828,224.876132930514,"Sully_SD","SD",1118.67,957.905,1053.20265,1503.57,39.83,302
"2162","Onida","1985",44.7056,-100.0655,365,160.001937984496,301.441810344828,224.876132930514,"Sully_SD","SD",1015.15,864.93,969.284,1482.455,125.47,274
"2163","Onida","1986",44.7056,-100.0655,365,160.001937984496,301.441810344828,224.876132930514,"Sully_SD","SD",1082.71,949.69,1042.7796,1478.76,55.05,285
"2164","Onida","1987",44.7056,-100.0655,365,160.001937984496,301.441810344828,224.876132930514,"Sully_SD","SD",1174.61,979.05,1067.98655,1560.04,84.63,283
"2165","Onida","1988",44.7056,-100.0655,365,160.001937984496,301.441810344828,224.876132930514,"Sully_SD","SD",1291.065,1017.24,1107.11265,1644.565,55.44,278
"2166","Onida","1989",44.7056,-100.0655,365,160.001937984496,301.441810344828,224.876132930514,"Sully_SD","SD",1163.245,959.195,1053.86875,1563.675,56.87,290
"2167","Onida","1990",44.7056,-100.0655,365,157,301.441810344828,224.876132930514,"Sully_SD","SD",1065.08,936.105,1035.0493,1520.585,67.76,282
"2168","Onida","1991",44.7056,-100.0655,365,163,301.441810344828,224.876132930514,"Sully_SD","SD",1096.755,974.69,1069.3382,1631.78,38.3,262
"2169","Onida","1992",44.7056,-100.0655,365,156,301.441810344828,233.205128205128,"Sully_SD","SD",811.4,786.135,923.68835,1330.065,89,289
"2170","Onida","1993",44.7056,-100.0655,365,160.001937984496,301.441810344828,224.876132930514,"Sully_SD","SD",899.475,849.89,973.1273,1366.455,23.13,282
"2171","Onida","1994",44.7056,-100.0655,365,160.001937984496,301.441810344828,224.876132930514,"Sully_SD","SD",994.495,901.07,1000.48375,1511.145,46.88,298
"2172","Onida","1995",44.7056,-100.0655,365,160.001937984496,301.441810344828,224.876132930514,"Sully_SD","SD",1085.14,954.865,1055.5068,1497.46,71.26,265
"2173","Onida","1996",44.7056,-100.0655,365,160.001937984496,301.441810344828,224.876132930514,"Sully_SD","SD",1043.635,929.355,1021.1346,1440.665,45.59,296
"2174","Onida","1997",44.7056,-100.0655,365,160.001937984496,301.441810344828,224.876132930514,"Sully_SD","SD",1019.445,935.43,1043.264,1503.82,103.59,294
"2175","Onida","1998",44.7056,-100.0655,365,160.001937984496,301.441810344828,224.876132930514,"Sully_SD","SD",1105.245,973.17,1072.92265,1555.35,55.54,309
"2176","Onida","1999",44.7056,-100.0655,365,160.001937984496,301.441810344828,224.876132930514,"Sully_SD","SD",1063.71,932.14,1038.7929,1488.275,202.31,275
"2177","Onida","2000",44.7056,-100.0655,365,160.001937984496,301.441810344828,224.876132930514,"Sully_SD","SD",1082.155,927.88,1033.354,1503.78,76.95,280
"2178","Onida","2001",44.7056,-100.0655,365,160.001937984496,301.441810344828,224.876132930514,"Sully_SD","SD",1151.205,981.08,1078.5407,1562.095,99.96,289
"2179","Onida","2002",44.7056,-100.0655,365,160.001937984496,301.441810344828,224.876132930514,"Sully_SD","SD",1193.41,990.095,1081.99155,1560.41,152.65,286
"2180","Onida","2003",44.7056,-100.0655,365,160.001937984496,301.441810344828,224.876132930514,"Sully_SD","SD",1130.76,942.51,1031.8546,1471.48,21.6,299
"2181","Onida","2004",44.7056,-100.0655,365,156,299,229.4,"Sully_SD","SD",916.59,829.9,947.0409,1358.35,106.18,290
"2182","Onida","2005",44.7056,-100.0655,365,158,296,221.3625,"Sully_SD","SD",1143.725,969.875,1072.0654,1526.96,8.35,296
"2183","Onida","2006",44.7056,-100.0655,365,158,298,221.659574468085,"Sully_SD","SD",1246.37,998.86,1088.64515,1587.525,153.13,285
"2184","Onida","2007",44.7056,-100.0655,365,160.001937984496,301.441810344828,224.876132930514,"Sully_SD","SD",1183.53,1009.41,1101.76655,1589.335,111.94,307
"2185","Onida","2008",44.7056,-100.0655,365,164,307,227.349206349206,"Sully_SD","SD",1062.705,943.285,1039.6082,1394.54,74.46,301
"2186","Onida","2009",44.7056,-100.0655,365,163,313,228.767857142857,"Sully_SD","SD",979,886.99,992.8815,1345.85,114.57,282
"2187","Onida","2010",44.7056,-100.0655,365,160,303,223.448275862069,"Sully_SD","SD",1082.805,955.275,1053.9493,1479.84,58.8,301
"2188","Onida","2011",44.7056,-100.0655,365,159,293,224.876132930514,"Sully_SD","SD",1083.46,964.15,1071.0915,1489.41,95.61,293
"2189","Onida","2012",44.7056,-100.0655,365,163,283,222.576271186441,"Sully_SD","SD",1184.175,981.965,1073.50015,1557.105,28.34,279
"2190","Onida","2013",44.7056,-100.0655,365,166,318,228.882352941176,"Sully_SD","SD",1057.72,955.02,1054.76015,1527.295,94.61,297
"2191","Onida","2014",44.7056,-100.0655,365,160,300,222.942307692308,"Sully_SD","SD",976.025,905.51,1014.04345,1439.47,70.19,302
"2192","Onida","2015",44.7056,-100.0655,365,156,290,219.44,"Sully_SD","SD",1096.09,966.735,1064.2682,1492.36,107.55,317
"2193","Onida","2016",44.7056,-100.0655,365,160.001937984496,301.441810344828,224.876132930514,"Sully_SD","SD",1163.525,984.86,1072.9785,1555.72,134.76,323
"2194","Onida","2017",44.7056,-100.0655,365,166,307,224.876132930514,"Sully_SD","SD",1113.815,949.295,1046.88015,1527.3,118.26,300
"2195","Onida","2018",44.7056,-100.0655,365,160.001937984496,301.441810344828,224.876132930514,"Sully_SD","SD",1098,960.92,1058.4196,1592.49,19.8,288
"2196","Onida","2019",44.7056,-100.0655,365,160.001937984496,301.441810344828,224.876132930514,"Sully_SD","SD",1022.545,951.135,1058.6168,1447.135,197.45,297
"2197","Onida","2020",44.7056,-100.0655,365,168,309,224.876132930514,"Sully_SD","SD",1170.385,1013.805,1105.55905,1544.965,89.47,292
"2198","Onida","2021",44.7056,-100.0655,365,154,306,224.876132930514,"Sully_SD","SD",1223.72,1011.94,1102.59905,1587.195,121.33,305
"2199","Onida","2022",44.7056,-100.0655,365,160,299,224.876132930514,"Sully_SD","SD",1166.96,1001.03,1092.6521,1552.325,77.07,280
"2200","Onida","2023",44.7056,-100.0655,365,152,312,224.876132930514,"Sully_SD","SD",1081.085,960.035,1061.4943,1609.985,88.71,300
"2201","Onida","1980",44.8523,-100.2776,365,160.001937984496,301.441810344828,224.876132930514,"Sully_SD","SD",1177.66,964.01,1052.52655,1568.905,53.15,300
"2202","Onida","1981",44.8523,-100.2776,365,160.001937984496,301.441810344828,224.876132930514,"Sully_SD","SD",1039.06,921.38,1025.78985,1485.01,104.43,295
"2203","Onida","1982",44.8523,-100.2776,365,160.001937984496,301.441810344828,224.876132930514,"Sully_SD","SD",1058,916.095,1019.05375,1438.51,77.81,307
"2204","Onida","1983",44.8523,-100.2776,365,160.001937984496,301.441810344828,224.876132930514,"Sully_SD","SD",1181.525,985.45,1084.20875,1527.34,174.36,286
"2205","Onida","1984",44.8523,-100.2776,365,160.001937984496,301.441810344828,224.876132930514,"Sully_SD","SD",1114.27,960.985,1057.0557,1502.675,51.09,302
"2206","Onida","1985",44.8523,-100.2776,365,160.001937984496,301.441810344828,224.876132930514,"Sully_SD","SD",1017.47,869.86,975.75705,1485.39,135.28,274
"2207","Onida","1986",44.8523,-100.2776,365,160.001937984496,301.441810344828,224.876132930514,"Sully_SD","SD",1077.585,951.375,1044.5996,1476.215,46.26,285
"2208","Onida","1987",44.8523,-100.2776,365,160.001937984496,301.441810344828,224.876132930514,"Sully_SD","SD",1167.48,980.7,1071.55155,1559.215,86.57,283
"2209","Onida","1988",44.8523,-100.2776,365,160.001937984496,301.441810344828,224.876132930514,"Sully_SD","SD",1287.32,1018.53,1108.29765,1646.615,61.88,278
"2210","Onida","1989",44.8523,-100.2776,365,160.001937984496,301.441810344828,224.876132930514,"Sully_SD","SD",1163.55,963.66,1059.29375,1566.92,45.32,290
"2211","Onida","1990",44.8523,-100.2776,365,157,301.441810344828,224.876132930514,"Sully_SD","SD",1069.295,941.635,1040.65125,1525.48,63.75,282
"2212","Onida","1991",44.8523,-100.2776,365,163,301.441810344828,224.876132930514,"Sully_SD","SD",1096.285,976.73,1071.5282,1631.145,44.27,262
"2213","Onida","1992",44.8523,-100.2776,365,156,301.441810344828,233.205128205128,"Sully_SD","SD",811.93,787.43,925.61445,1327.885,88.92,289
"2214","Onida","1993",44.8523,-100.2776,365,160.001937984496,301.441810344828,224.876132930514,"Sully_SD","SD",889.25,842.925,968.60535,1357,19.87,282
"2215","Onida","1994",44.8523,-100.2776,365,160.001937984496,301.441810344828,224.876132930514,"Sully_SD","SD",1000.055,904.89,1004.1307,1513.23,50.66,298
"2216","Onida","1995",44.8523,-100.2776,365,160.001937984496,301.441810344828,224.876132930514,"Sully_SD","SD",1079.735,953.245,1054.5868,1493.515,38.28,265
"2217","Onida","1996",44.8523,-100.2776,365,160.001937984496,301.441810344828,224.876132930514,"Sully_SD","SD",1045.465,932.55,1024.71155,1442.02,38.36,296
"2218","Onida","1997",44.8523,-100.2776,365,160.001937984496,301.441810344828,224.876132930514,"Sully_SD","SD",1018.825,934.815,1042.799,1502.54,105.28,294
"2219","Onida","1998",44.8523,-100.2776,365,160.001937984496,301.441810344828,224.876132930514,"Sully_SD","SD",1107.05,974.275,1074.5946,1554.095,41.07,309
"2220","Onida","1999",44.8523,-100.2776,365,160.001937984496,301.441810344828,224.876132930514,"Sully_SD","SD",1056.43,929.705,1037.35705,1480.45,215.02,275
"2221","Onida","2000",44.8523,-100.2776,365,160.001937984496,301.441810344828,224.876132930514,"Sully_SD","SD",1075.285,927.135,1033.0529,1498.71,79.61,280
"2222","Onida","2001",44.8523,-100.2776,365,160.001937984496,301.441810344828,224.876132930514,"Sully_SD","SD",1145.565,979.59,1078.0757,1558.375,101.84,289
"2223","Onida","2002",44.8523,-100.2776,365,160.001937984496,301.441810344828,224.876132930514,"Sully_SD","SD",1192.69,991.715,1083.2585,1562.385,108.01,286
"2224","Onida","2003",44.8523,-100.2776,365,160.001937984496,301.441810344828,224.876132930514,"Sully_SD","SD",1131.23,943.13,1033.0096,1469.865,32.99,299
"2225","Onida","2004",44.8523,-100.2776,365,156,299,229.4,"Sully_SD","SD",917.56,830.02,948.2159,1355.12,108.69,290
"2226","Onida","2005",44.8523,-100.2776,365,158,296,221.3625,"Sully_SD","SD",1142.455,972.155,1075.04845,1528.835,23.4,296
"2227","Onida","2006",44.8523,-100.2776,365,158,298,221.659574468085,"Sully_SD","SD",1258.235,1007.01,1096.9771,1602.73,143.48,285
"2228","Onida","2007",44.8523,-100.2776,365,160.001937984496,301.441810344828,224.876132930514,"Sully_SD","SD",1188.23,1012.32,1104.8396,1591.72,121.89,307
"2229","Onida","2008",44.8523,-100.2776,365,164,307,227.349206349206,"Sully_SD","SD",1066.34,947.01,1043.0882,1399.74,58.69,301
"2230","Onida","2009",44.8523,-100.2776,365,163,313,228.767857142857,"Sully_SD","SD",976.055,888.63,994.8154,1347.92,99.18,282
"2231","Onida","2010",44.8523,-100.2776,365,160,303,223.448275862069,"Sully_SD","SD",1082.61,954.675,1053.6893,1479.37,59.41,301
"2232","Onida","2011",44.8523,-100.2776,365,159,293,224.876132930514,"Sully_SD","SD",1078.95,960.545,1068.12455,1483.975,103.83,293
"2233","Onida","2012",44.8523,-100.2776,365,163,283,222.576271186441,"Sully_SD","SD",1184.62,983.67,1075.5021,1555.295,28.58,279
"2234","Onida","2013",44.8523,-100.2776,365,166,318,228.882352941176,"Sully_SD","SD",1062.95,957.34,1056.17015,1531.745,98.89,297
"2235","Onida","2014",44.8523,-100.2776,365,160,300,222.942307692308,"Sully_SD","SD",974.95,906.725,1016.7965,1436.975,66.68,302
"2236","Onida","2015",44.8523,-100.2776,365,156,290,219.44,"Sully_SD","SD",1100.275,969.19,1067.38015,1495.56,93.84,317
"2237","Onida","2016",44.8523,-100.2776,365,160.001937984496,301.441810344828,224.876132930514,"Sully_SD","SD",1167.91,986.26,1074.26155,1557.545,135.45,323
"2238","Onida","2017",44.8523,-100.2776,365,166,307,224.876132930514,"Sully_SD","SD",1118.73,954.74,1052.54515,1533.8,133.86,300
"2239","Onida","2018",44.8523,-100.2776,365,160.001937984496,301.441810344828,224.876132930514,"Sully_SD","SD",1103.78,965.965,1062.5246,1599.715,13.23,288
"2240","Onida","2019",44.8523,-100.2776,365,160.001937984496,301.441810344828,224.876132930514,"Sully_SD","SD",1017.485,948.795,1056.0257,1442.535,179.54,297
"2241","Onida","2020",44.8523,-100.2776,365,168,309,224.876132930514,"Sully_SD","SD",1172.015,1010.16,1101.14905,1540.015,103.31,292
"2242","Onida","2021",44.8523,-100.2776,365,154,306,224.876132930514,"Sully_SD","SD",1222.655,1012.29,1103.02905,1581.685,94.7,305
"2243","Onida","2022",44.8523,-100.2776,365,160,299,224.876132930514,"Sully_SD","SD",1164.665,998.235,1090.55515,1544.745,51.91,280
"2244","Onida","2023",44.8523,-100.2776,365,152,312,224.876132930514,"Sully_SD","SD",1077.89,958.515,1060.4643,1606.695,108.97,300
"2245","Onida-NuSun","1980",44.7056,-100.0655,365,156.097087378641,289,223,"Sully_SD","SD",1170.81,950.32,1040.0471,1564.415,59.37,300
"2246","Onida-NuSun","1981",44.7056,-100.0655,365,156.097087378641,289,223,"Sully_SD","SD",1039.75,916.88,1020.23985,1483.345,114.34,295
"2247","Onida-NuSun","1982",44.7056,-100.0655,365,156.097087378641,289,223,"Sully_SD","SD",1021.34,890.87,998.33095,1442.6,91.49,294
"2248","Onida-NuSun","1983",44.7056,-100.0655,365,156.097087378641,289,223,"Sully_SD","SD",1148.86,963.9,1062.0932,1530.265,145.67,286
"2249","Onida-NuSun","1984",44.7056,-100.0655,365,156.097087378641,289,223,"Sully_SD","SD",1090.58,943.01,1041.91765,1503.57,39.83,302
"2250","Onida-NuSun","1985",44.7056,-100.0655,365,156.097087378641,289,223,"Sully_SD","SD",1033.915,876.51,979.06595,1482.455,120.49,274
"2251","Onida-NuSun","1986",44.7056,-100.0655,365,156.097087378641,289,223,"Sully_SD","SD",1067.935,945.52,1040.8596,1478.76,55.05,285
"2252","Onida-NuSun","1987",44.7056,-100.0655,365,156.097087378641,289,223,"Sully_SD","SD",1180.495,979.96,1070.5596,1560.04,74.43,283
"2253","Onida-NuSun","1988",44.7056,-100.0655,365,156.097087378641,289,223,"Sully_SD","SD",1277.43,1011.455,1101.32765,1644.565,55.44,278
"2254","Onida-NuSun","1989",44.7056,-100.0655,365,156.097087378641,289,223,"Sully_SD","SD",1141.235,945.265,1041.8718,1563.675,56.87,290
"2255","Onida-NuSun","1990",44.7056,-100.0655,365,156.097087378641,289,223,"Sully_SD","SD",1048.705,922.8,1020.52375,1520.585,73.45,282
"2256","Onida-NuSun","1991",44.7056,-100.0655,365,156.097087378641,289,223,"Sully_SD","SD",1066.54,961.33,1056.28265,1631.78,37.14,262
"2257","Onida-NuSun","1992",44.7056,-100.0655,365,156.097087378641,289,223,"Sully_SD","SD",802.245,776.98,912.6978,1330.065,132.33,289
"2258","Onida-NuSun","1993",44.7056,-100.0655,365,156.097087378641,289,223,"Sully_SD","SD",876.1,831.865,959.93145,1366.455,30.16,282
"2259","Onida-NuSun","1994",44.7056,-100.0655,365,156.097087378641,289,223,"Sully_SD","SD",977.605,894.355,996.5368,1511.145,46.88,298
"2260","Onida-NuSun","1995",44.7056,-100.0655,365,156.097087378641,289,223,"Sully_SD","SD",1038.25,922.22,1027.08095,1497.46,71.26,265
"2261","Onida-NuSun","1996",44.7056,-100.0655,365,156.097087378641,289,223,"Sully_SD","SD",1021.635,916.39,1011.22765,1440.665,66.15,296
"2262","Onida-NuSun","1997",44.7056,-100.0655,365,156.097087378641,289,223,"Sully_SD","SD",1023.38,939.065,1043.32485,1503.82,103.59,294
"2263","Onida-NuSun","1998",44.7056,-100.0655,365,156.097087378641,289,223,"Sully_SD","SD",1053.605,936.34,1039.9643,1555.35,55.54,309
"2264","Onida-NuSun","1999",44.7056,-100.0655,365,156.097087378641,289,223,"Sully_SD","SD",1054.43,931.54,1039.2829,1488.275,216.87,275
"2265","Onida-NuSun","2000",44.7056,-100.0655,365,156.097087378641,289,223,"Sully_SD","SD",1084.32,923.905,1027.36095,1503.78,79.52,280
"2266","Onida-NuSun","2001",44.7056,-100.0655,365,154,289,219.897959183673,"Sully_SD","SD",1138.285,973.33,1078.43345,1562.095,102.38,289
"2267","Onida-NuSun","2002",44.7056,-100.0655,365,156.097087378641,289,223,"Sully_SD","SD",1215.505,1001.92,1092.0985,1560.41,165.12,286
"2268","Onida-NuSun","2003",44.7056,-100.0655,365,158,289,225.814814814815,"Sully_SD","SD",1115.11,937.57,1031.44125,1471.48,29.82,299
"2269","Onida-NuSun","2004",44.7056,-100.0655,365,156.097087378641,289,223,"Sully_SD","SD",903.135,818.155,934.07535,1358.35,107.45,290
"2270","Onida-NuSun","2005",44.7056,-100.0655,365,156.097087378641,289,223,"Sully_SD","SD",1128.25,957.205,1058.17485,1526.96,8.35,296
"2271","Onida-NuSun","2006",44.7056,-100.0655,365,156.097087378641,289,223,"Sully_SD","SD",1222.885,982.145,1070.7096,1587.525,150.33,285
"2272","Onida-NuSun","2007",44.7056,-100.0655,365,156.097087378641,289,223,"Sully_SD","SD",1164.465,992.855,1085.0896,1589.335,111.94,307
"2273","Onida-NuSun","2008",44.7056,-100.0655,365,156.097087378641,289,223,"Sully_SD","SD",993.695,890.265,994.909,1394.54,54.7,301
"2274","Onida-NuSun","2009",44.7056,-100.0655,365,156.097087378641,289,223,"Sully_SD","SD",921.43,833.335,938.25705,1345.85,114.57,282
"2275","Onida-NuSun","2010",44.7056,-100.0655,365,156.097087378641,289,223,"Sully_SD","SD",1060.63,938.56,1039.0468,1479.84,90.04,301
"2276","Onida-NuSun","2011",44.7056,-100.0655,365,156.097087378641,289,223,"Sully_SD","SD",1069.37,950.04,1055.76095,1489.41,109.53,293
"2277","Onida-NuSun","2012",44.7056,-100.0655,365,156.097087378641,289,223,"Sully_SD","SD",1190.235,983.765,1073.8546,1557.105,28.34,279
"2278","Onida-NuSun","2013",44.7056,-100.0655,365,156.097087378641,289,223,"Sully_SD","SD",989.68,908.42,1013.32375,1527.295,100.33,297
"2279","Onida-NuSun","2014",44.7056,-100.0655,365,156.097087378641,289,223,"Sully_SD","SD",932.96,867.815,979.39705,1439.47,71.92,302
"2280","Onida-NuSun","2015",44.7056,-100.0655,365,156.097087378641,289,223,"Sully_SD","SD",1083.63,954.275,1050.54265,1492.36,117.52,317
"2281","Onida-NuSun","2016",44.7056,-100.0655,365,156.097087378641,289,223,"Sully_SD","SD",1146.37,974.07,1064.16155,1555.72,134.76,323
"2282","Onida-NuSun","2017",44.7056,-100.0655,365,156.097087378641,289,223,"Sully_SD","SD",1120.84,943.43,1039.0746,1527.3,118.26,300
"2283","Onida-NuSun","2018",44.7056,-100.0655,365,156.097087378641,289,223,"Sully_SD","SD",1096.6,961.03,1057.8446,1592.49,19.8,288
"2284","Onida-NuSun","2019",44.7056,-100.0655,365,156.097087378641,289,223,"Sully_SD","SD",1024.71,951.15,1059.38485,1447.135,180.7,297
"2285","Onida-NuSun","2020",44.7056,-100.0655,365,156.097087378641,289,223,"Sully_SD","SD",1108.16,980.4,1074.13655,1544.965,104.28,292
"2286","Onida-NuSun","2021",44.7056,-100.0655,365,156.097087378641,289,223,"Sully_SD","SD",1199.21,996.445,1085.8835,1587.195,121.33,305
"2287","Onida-NuSun","2022",44.7056,-100.0655,365,156.097087378641,289,223,"Sully_SD","SD",1127.71,969.085,1063.8157,1552.325,77.07,280
"2288","Onida-NuSun","2023",44.7056,-100.0655,365,156.097087378641,289,223,"Sully_SD","SD",1051.605,939.665,1041.6568,1609.985,88.71,300
"2289","Perkins","1980",40.842,-101.7251,365,160.156542056075,298.509695290859,226.363636363636,"Perkins_NE","NE",1242.535,990.645,1078.3935,1569.81,60.88,298
"2290","Perkins","1981",40.842,-101.7251,365,160.156542056075,298.509695290859,226.363636363636,"Perkins_NE","NE",1115.75,957.565,1050.3346,1502.38,136.62,296
"2291","Perkins","1982",40.842,-101.7251,365,160.156542056075,298.509695290859,226.363636363636,"Perkins_NE","NE",1078.505,924.49,1024.77375,1479.25,118.29,293
"2292","Perkins","1983",40.842,-101.7251,365,160.156542056075,298.509695290859,226.363636363636,"Perkins_NE","NE",1199.765,976.575,1068.79265,1536.88,20.88,264
"2293","Perkins","1984",40.842,-101.7251,365,160.156542056075,298.509695290859,226.363636363636,"Perkins_NE","NE",1158.79,965.89,1055.12655,1575.14,23.13,273
"2294","Perkins","1985",40.842,-101.7251,365,160.156542056075,298.509695290859,226.363636363636,"Perkins_NE","NE",1085.98,910.64,1002.04015,1539.365,52.07,273
"2295","Perkins","1986",40.842,-101.7251,365,160.156542056075,298.509695290859,226.363636363636,"Perkins_NE","NE",1185.88,971.78,1058.66155,1539.805,50.16,285
"2296","Perkins","1987",40.842,-101.7251,365,160.156542056075,298.509695290859,226.363636363636,"Perkins_NE","NE",1174.4,970.565,1059.59655,1578.15,76.91,284
"2297","Perkins","1988",40.842,-101.7251,365,160.156542056075,298.509695290859,226.363636363636,"Perkins_NE","NE",1239.985,1001.11,1087.4985,1615.77,53.39,302
"2298","Perkins","1989",40.842,-101.7251,365,160.156542056075,298.509695290859,226.363636363636,"Perkins_NE","NE",1094.595,943.275,1038.7732,1562.53,136.77,292
"2299","Perkins","1990",40.842,-101.7251,365,160.156542056075,298.509695290859,226.363636363636,"Perkins_NE","NE",1123.42,946.37,1039.8596,1555.845,74.31,291
"2300","Perkins","1991",40.842,-101.7251,365,160.156542056075,298.509695290859,226.363636363636,"Perkins_NE","NE",1131.275,969.88,1062.5646,1640.16,37.51,301
"2301","Perkins","1992",40.842,-101.7251,365,163,297,226.363636363636,"Perkins_NE","NE",984.255,911.035,1015.7343,1433.24,141.96,290
"2302","Perkins","1993",40.842,-101.7251,365,159,285,226.363636363636,"Perkins_NE","NE",1034.025,925.32,1024.1893,1466.775,143.67,300
"2303","Perkins","1994",40.842,-101.7251,365,160.156542056075,298.509695290859,226.363636363636,"Perkins_NE","NE",1128.45,959.415,1045.9135,1622.69,43.73,298
"2304","Perkins","1995",40.842,-101.7251,365,160.156542056075,298.509695290859,226.363636363636,"Perkins_NE","NE",1110.755,925.005,1023.1168,1449.295,39.51,297
"2305","Perkins","1996",40.842,-101.7251,365,159,293,226.363636363636,"Perkins_NE","NE",1099.345,974.845,1067.9671,1524.26,191.86,292
"2306","Perkins","1997",40.842,-101.7251,365,164,303,226.363636363636,"Perkins_NE","NE",1124.35,972.105,1067.1232,1552.525,67.06,298
"2307","Perkins","1998",40.842,-101.7251,365,155,321,226.363636363636,"Perkins_NE","NE",1062.585,932.85,1034.44985,1568.715,65.81,314
"2308","Perkins","1999",40.842,-101.7251,365,155,293,226.363636363636,"Perkins_NE","NE",1114.635,963.395,1066.74735,1568.535,233.28,290
"2309","Perkins","2000",40.842,-101.7251,365,151,300,226.363636363636,"Perkins_NE","NE",1153.395,939.255,1037.41735,1607.28,71.4,281
"2310","Perkins","2001",40.842,-101.7251,365,153,298,226.363636363636,"Perkins_NE","NE",1210.63,982.005,1078.1193,1592.355,111.56,299
"2311","Perkins","2002",40.842,-101.7251,365,158,288,226.363636363636,"Perkins_NE","NE",1290.11,1023.18,1111.26405,1603.63,112.27,296
"2312","Perkins","2003",40.842,-101.7251,365,162,301,226.363636363636,"Perkins_NE","NE",1235.725,998.09,1088.4471,1557.66,70.55,299
"2313","Perkins","2004",40.842,-101.7251,365,160.156542056075,298.509695290859,226.363636363636,"Perkins_NE","NE",976.11,850.04,960.8712,1452.465,72.61,307
"2314","Perkins","2005",40.842,-101.7251,365,160.156542056075,298.509695290859,226.363636363636,"Perkins_NE","NE",1186.355,964.77,1062.10875,1568.63,80.81,296
"2315","Perkins","2006",40.842,-101.7251,365,157,297,226.363636363636,"Perkins_NE","NE",1254.87,1019.45,1107.74405,1624.73,78.53,295
"2316","Perkins","2007",40.842,-101.7251,365,159,290,226.363636363636,"Perkins_NE","NE",1207.79,1017.9,1108.27765,1641.34,108.99,310
"2317","Perkins","2008",40.842,-101.7251,365,165,295,226.363636363636,"Perkins_NE","NE",1137.125,958.975,1052.0482,1488.555,151.26,301
"2318","Perkins","2009",40.842,-101.7251,365,181,323,226.363636363636,"Perkins_NE","NE",1046.285,927.51,1024.2182,1482.455,93.64,282
"2319","Perkins","2010",40.842,-101.7251,365,169,291,226.363636363636,"Perkins_NE","NE",1200.785,1005.755,1095.3421,1532.295,76.15,302
"2320","Perkins","2011",40.842,-101.7251,365,159,318,226.363636363636,"Perkins_NE","NE",1165.79,991.045,1085.3982,1546.465,93.99,300
"2321","Perkins","2012",40.842,-101.7251,365,164,298,226.363636363636,"Perkins_NE","NE",1292.385,997.845,1087.0921,1614.75,28.61,281
"2322","Perkins","2013",40.842,-101.7251,365,171,298.509695290859,226.363636363636,"Perkins_NE","NE",1179.49,987.725,1080.56515,1582.915,113.87,306
"2323","Perkins","2014",40.842,-101.7251,365,160.156542056075,298.509695290859,226.363636363636,"Perkins_NE","NE",1089.045,931.205,1023.4757,1512.48,124.77,302
"2324","Perkins","2015",40.842,-101.7251,365,160.156542056075,298.509695290859,226.363636363636,"Perkins_NE","NE",1120.115,955.28,1052.0918,1488.32,80.32,302
"2325","Perkins","2016",40.842,-101.7251,365,163,298.509695290859,223.538461538462,"Perkins_NE","NE",1212.095,1005.115,1101.45125,1559.305,82.99,317
"2326","Perkins","2017",40.842,-101.7251,365,164,298.509695290859,228.2,"Perkins_NE","NE",1134.99,949.62,1044.8432,1517.56,124.12,300
"2327","Perkins","2018",40.842,-101.7251,365,160.156542056075,298.509695290859,226.363636363636,"Perkins_NE","NE",1117.65,965.23,1061.21655,1583.11,113.13,284
"2328","Perkins","2019",40.842,-101.7251,365,160.156542056075,298.509695290859,226.363636363636,"Perkins_NE","NE",1102.77,947.635,1040.8357,1481.405,145.75,284
"2329","Perkins","2020",40.842,-101.7251,365,128,298.509695290859,226.363636363636,"Perkins_NE","NE",968.955,819.355,922.1179,1556.455,112.02,297
"2330","Perkins","2021",40.842,-101.7251,365,160.156542056075,298.509695290859,226.363636363636,"Perkins_NE","NE",1201.255,984.585,1071.9685,1589.27,59.85,317
"2331","Perkins","2022",40.842,-101.7251,365,160.156542056075,298.509695290859,226.363636363636,"Perkins_NE","NE",1279.53,1010.355,1097.6135,1593.46,21.01,309
"2332","Perkins","2023",40.842,-101.7251,365,160.156542056075,298.509695290859,226.363636363636,"Perkins_NE","NE",1074.05,930.655,1030.5079,1573,56.35,300
"2333","Platte","1980",43.3869,-98.8445,365,143.408163265306,283,210.522727272727,"Charles Mix_SD","SD",1198.045,977.11,1065.9046,1637.425,140.66,299
"2334","Platte","1981",43.3869,-98.8445,365,143.408163265306,283,210.522727272727,"Charles Mix_SD","SD",1083.19,930.405,1029.16985,1574.235,135.6,295
"2335","Platte","1982",43.3869,-98.8445,365,143.408163265306,283,210.522727272727,"Charles Mix_SD","SD",982.635,875.58,990.52925,1568.48,103.67,294
"2336","Platte","1983",43.3869,-98.8445,365,143.408163265306,283,210.522727272727,"Charles Mix_SD","SD",1045.805,912.93,1018.10955,1609.435,94.42,286
"2337","Platte","1984",43.3869,-98.8445,365,143.408163265306,283,210.522727272727,"Charles Mix_SD","SD",1019.68,907.305,1000.46875,1590.375,156.25,297
"2338","Platte","1985",43.3869,-98.8445,365,143.408163265306,283,210.522727272727,"Charles Mix_SD","SD",1004.85,862.7,971.16315,1526.16,198.62,303
"2339","Platte","1986",43.3869,-98.8445,365,143.408163265306,283,210.522727272727,"Charles Mix_SD","SD",1099.865,962.155,1064.97595,1595.05,32.44,286
"2340","Platte","1987",43.3869,-98.8445,365,143.408163265306,283,210.522727272727,"Charles Mix_SD","SD",1162.16,976.54,1072.8368,1644.805,138.5,283
"2341","Platte","1988",43.3869,-98.8445,365,143.408163265306,283,210.522727272727,"Charles Mix_SD","SD",1229.335,1014.04,1105.8296,1696.725,90.18,302
"2342","Platte","1989",43.3869,-98.8445,365,143.408163265306,283,210.522727272727,"Charles Mix_SD","SD",1060.58,912.645,1012.3293,1614.98,118.65,291
"2343","Platte","1990",43.3869,-98.8445,365,143.408163265306,283,210.522727272727,"Charles Mix_SD","SD",1036.66,919.67,1028.35595,1582.185,105.09,291
"2344","Platte","1991",43.3869,-98.8445,365,143.408163265306,283,210.522727272727,"Charles Mix_SD","SD",1160.11,1006.09,1099.9696,1723.66,58.31,262
"2345","Platte","1992",43.3869,-98.8445,365,143.408163265306,283,210.522727272727,"Charles Mix_SD","SD",789.095,776.425,899.4848,1411.175,212.66,290
"2346","Platte","1993",43.3869,-98.8445,365,143.408163265306,283,210.522727272727,"Charles Mix_SD","SD",876.025,832.1,955.46645,1477.19,173.2,282
"2347","Platte","1994",43.3869,-98.8445,365,143.408163265306,283,210.522727272727,"Charles Mix_SD","SD",998.795,911.93,1013.47595,1577.86,80.97,298
"2348","Platte","1995",43.3869,-98.8445,365,143.408163265306,283,210.522727272727,"Charles Mix_SD","SD",1014.61,888.96,998.66845,1560.34,107.63,306
"2349","Platte","1996",43.3869,-98.8445,365,143.408163265306,283,210.522727272727,"Charles Mix_SD","SD",945.335,867.69,977.2351,1529.48,67.51,304
"2350","Platte","1997",43.3869,-98.8445,365,139,283,210.522727272727,"Charles Mix_SD","SD",1004.15,898.13,1006.0876,1561.6,126.41,298
"2351","Platte","1998",43.3869,-98.8445,365,147,283,210.522727272727,"Charles Mix_SD","SD",1024.02,930.03,1034.994,1617.505,109.91,310
"2352","Platte","1999",43.3869,-98.8445,365,143.408163265306,283,210.522727272727,"Charles Mix_SD","SD",1036.555,930.39,1041.23315,1576.375,71.79,275
"2353","Platte","2000",43.3869,-98.8445,365,143.408163265306,283,210.522727272727,"Charles Mix_SD","SD",1020.365,888.775,998.2773,1596.825,74.54,280
"2354","Platte","2001",43.3869,-98.8445,365,143.408163265306,283,210.522727272727,"Charles Mix_SD","SD",1049.68,927.305,1038.8773,1637.185,46.61,289
"2355","Platte","2002",43.3869,-98.8445,365,143.408163265306,283,210.522727272727,"Charles Mix_SD","SD",1235.9,1005.21,1096.8246,1644.025,110.28,296
"2356","Platte","2003",43.3869,-98.8445,365,143.408163265306,283,210.522727272727,"Charles Mix_SD","SD",1021.965,891.92,997.0851,1546.405,31.75,299
"2357","Platte","2004",43.3869,-98.8445,365,143.408163265306,283,210.522727272727,"Charles Mix_SD","SD",929.97,837.64,956.49035,1480.475,55.12,316
"2358","Platte","2005",43.3869,-98.8445,365,143.408163265306,283,210.522727272727,"Charles Mix_SD","SD",1084.495,942.58,1051.5012,1627.62,33.97,280
"2359","Platte","2006",43.3869,-98.8445,365,143.408163265306,283,210.522727272727,"Charles Mix_SD","SD",1196.625,979.135,1070.2496,1627.32,81.26,285
"2360","Platte","2007",43.3869,-98.8445,365,143.408163265306,283,210.522727272727,"Charles Mix_SD","SD",1102.52,961.665,1065.56595,1708.875,130.37,310
"2361","Platte","2008",43.3869,-98.8445,365,143.408163265306,283,210.522727272727,"Charles Mix_SD","SD",980.665,885.205,994.92595,1508.785,101.89,301
"2362","Platte","2009",43.3869,-98.8445,365,143.408163265306,283,210.522727272727,"Charles Mix_SD","SD",920.01,846.77,962.4473,1472.045,172.11,283
"2363","Platte","2010",43.3869,-98.8445,365,143.408163265306,283,210.522727272727,"Charles Mix_SD","SD",1079.915,967.1,1066.9029,1594.035,154.45,309
"2364","Platte","2011",43.3869,-98.8445,365,143.408163265306,283,210.522727272727,"Charles Mix_SD","SD",1077.89,943.295,1054.01925,1590.31,132.7,293
"2365","Platte","2012",43.3869,-98.8445,365,143.408163265306,283,210.522727272727,"Charles Mix_SD","SD",1211.085,986.665,1082.8654,1651.215,42.65,280
"2366","Platte","2013",43.3869,-98.8445,365,143.408163265306,283,210.522727272727,"Charles Mix_SD","SD",984.22,903.115,1013.8162,1589.905,154.03,310
"2367","Platte","2014",43.3869,-98.8445,365,143.408163265306,283,210.522727272727,"Charles Mix_SD","SD",1001.235,901.565,1002.44985,1524.6,196.83,302
"2368","Platte","2015",43.3869,-98.8445,365,143.408163265306,283,210.522727272727,"Charles Mix_SD","SD",1032.585,928.515,1029.6918,1556.255,133.83,317
"2369","Platte","2016",43.3869,-98.8445,365,143.408163265306,283,210.522727272727,"Charles Mix_SD","SD",1117.99,973.165,1069.4557,1639.91,96.59,324
"2370","Platte","2017",43.3869,-98.8445,365,143.408163265306,283,210.522727272727,"Charles Mix_SD","SD",1106.08,939.665,1036.89625,1551.315,155.69,301
"2371","Platte","2018",43.3869,-98.8445,365,143.408163265306,283,210.522727272727,"Charles Mix_SD","SD",1116.425,1000.65,1100.11875,1681.125,175.78,288
"2372","Platte","2019",43.3869,-98.8445,365,143.408163265306,283,210.522727272727,"Charles Mix_SD","SD",1042.24,943.265,1049.019,1539.92,231.2,301
"2373","Platte","2020",43.3869,-98.8445,365,143.408163265306,283,210.522727272727,"Charles Mix_SD","SD",1114.1,987.9,1089.9168,1606.25,77.12,298
"2374","Platte","2021",43.3869,-98.8445,365,143.408163265306,283,210.522727272727,"Charles Mix_SD","SD",1125.19,953.875,1051.78375,1640.47,86.43,306
"2375","Platte","2022",43.3869,-98.8445,365,143.408163265306,283,210.522727272727,"Charles Mix_SD","SD",1095.545,937.2,1040.18955,1618.69,56.18,291
"2376","Platte","2023",43.3869,-98.8445,365,143.408163265306,283,210.522727272727,"Charles Mix_SD","SD",1097.91,960.52,1055.3207,1666.88,163.01,300
"2377","Presho","1980",43.9097,-100.0587,365,168.724770642202,300.890756302521,239.483333333333,"Lyman_SD","SD",1294.705,1000.785,1086.6835,1608.96,107.78,299
"2378","Presho","1981",43.9097,-100.0587,365,168.724770642202,300.890756302521,239.483333333333,"Lyman_SD","SD",1144.745,968.655,1060.7296,1531.85,32.69,295
"2379","Presho","1982",43.9097,-100.0587,365,168.724770642202,300.890756302521,239.483333333333,"Lyman_SD","SD",1147.5,968.23,1062.15265,1510.72,129.93,294
"2380","Presho","1983",43.9097,-100.0587,365,168.724770642202,300.890756302521,239.483333333333,"Lyman_SD","SD",1312.085,1050.125,1139.91155,1587.29,69.89,286
"2381","Presho","1984",43.9097,-100.0587,365,168.724770642202,300.890756302521,239.483333333333,"Lyman_SD","SD",1214.725,1003.1,1088.6435,1568.85,44.75,273
"2382","Presho","1985",43.9097,-100.0587,365,168.724770642202,300.890756302521,239.483333333333,"Lyman_SD","SD",1083.595,908.42,1009.44485,1538.035,105.76,274
"2383","Presho","1986",43.9097,-100.0587,365,168.724770642202,300.890756302521,239.483333333333,"Lyman_SD","SD",1171.995,985.295,1074.93655,1555.12,119.92,286
"2384","Presho","1987",43.9097,-100.0587,365,168.724770642202,300.890756302521,239.483333333333,"Lyman_SD","SD",1189.515,987.28,1080.34765,1631.665,51.45,283
"2385","Presho","1988",43.9097,-100.0587,365,168.724770642202,300.890756302521,239.483333333333,"Lyman_SD","SD",1336.625,1045.05,1134.3246,1688.155,31.09,278
"2386","Presho","1989",43.9097,-100.0587,365,168.724770642202,300.890756302521,239.483333333333,"Lyman_SD","SD",1244.99,1012.005,1101.97155,1608.93,126.11,290
"2387","Presho","1990",43.9097,-100.0587,365,168.724770642202,300.890756302521,239.483333333333,"Lyman_SD","SD",1139.34,973.105,1067.4146,1563.045,77.52,282
"2388","Presho","1991",43.9097,-100.0587,365,168.724770642202,300.890756302521,239.483333333333,"Lyman_SD","SD",1194.31,1006.295,1094.75155,1697.905,72.91,262
"2389","Presho","1992",43.9097,-100.0587,365,168.724770642202,300.890756302521,239.483333333333,"Lyman_SD","SD",901.5,844.67,966.1412,1399.86,84.63,289
"2390","Presho","1993",43.9097,-100.0587,365,168.724770642202,300.890756302521,239.483333333333,"Lyman_SD","SD",992.2,911.465,1016.44485,1434.36,54.93,282
"2391","Presho","1994",43.9097,-100.0587,365,168.724770642202,300.890756302521,239.483333333333,"Lyman_SD","SD",1067.45,931.955,1022.97155,1549.585,82.37,298
"2392","Presho","1995",43.9097,-100.0587,365,168.724770642202,300.890756302521,239.483333333333,"Lyman_SD","SD",1163.885,984.845,1079.22265,1531.345,24.74,265
"2393","Presho","1996",43.9097,-100.0587,365,168.724770642202,300.890756302521,239.483333333333,"Lyman_SD","SD",1111.61,952.22,1040.3035,1494.51,123.03,296
"2394","Presho","1997",43.9097,-100.0587,365,168.724770642202,300.890756302521,239.483333333333,"Lyman_SD","SD",1103.76,969.15,1068.8479,1548.3,66.26,294
"2395","Presho","1998",43.9097,-100.0587,365,168.724770642202,300.890756302521,239.483333333333,"Lyman_SD","SD",1167.945,1010.525,1102.8196,1580.65,25.5,310
"2396","Presho","1999",43.9097,-100.0587,365,168.724770642202,300.890756302521,239.483333333333,"Lyman_SD","SD",1169.065,979.11,1071.04765,1531.325,251,275
"2397","Presho","2000",43.9097,-100.0587,365,168.724770642202,300.890756302521,239.483333333333,"Lyman_SD","SD",1169.155,971.965,1065.34265,1564.895,5.97,280
"2398","Presho","2001",43.9097,-100.0587,365,168.724770642202,300.890756302521,239.483333333333,"Lyman_SD","SD",1247.49,1031.185,1123.2557,1614.19,71.21,299
"2399","Presho","2002",43.9097,-100.0587,365,168.724770642202,300.890756302521,239.483333333333,"Lyman_SD","SD",1300.285,1039.6,1127.3935,1617.29,99.11,286
"2400","Presho","2003",43.9097,-100.0587,365,168.724770642202,300.890756302521,239.483333333333,"Lyman_SD","SD",1233.565,996.1,1084.26155,1543.47,20.93,299
"2401","Presho","2004",43.9097,-100.0587,365,168.724770642202,300.890756302521,239.483333333333,"Lyman_SD","SD",1010.955,881.875,987.5079,1466.1,143.04,307
"2402","Presho","2005",43.9097,-100.0587,365,168.724770642202,300.890756302521,239.483333333333,"Lyman_SD","SD",1251.895,1024.34,1114.50265,1599.64,67.05,296
"2403","Presho","2006",43.9097,-100.0587,365,168.724770642202,300.890756302521,239.483333333333,"Lyman_SD","SD",1311.24,1030.96,1116.3985,1658.085,147.78,285
"2404","Presho","2007",43.9097,-100.0587,365,171,300,239.483333333333,"Lyman_SD","SD",1277.44,1061.795,1154.9221,1700.605,53.09,307
"2405","Presho","2008",43.9097,-100.0587,365,168.724770642202,300.890756302521,239.483333333333,"Lyman_SD","SD",1144.975,986.495,1075.25155,1481.83,89.79,301
"2406","Presho","2009",43.9097,-100.0587,365,168.724770642202,300.890756302521,239.483333333333,"Lyman_SD","SD",1043.565,925.705,1022.6696,1440.26,84.46,283
"2407","Presho","2010",43.9097,-100.0587,365,160,295,239.483333333333,"Lyman_SD","SD",1161.125,1003.33,1097.71625,1563.25,71.61,301
"2408","Presho","2011",43.9097,-100.0587,365,181,298,239.483333333333,"Lyman_SD","SD",1211.29,1031.785,1126.1432,1541.725,73.83,293
"2409","Presho","2012",43.9097,-100.0587,365,164,289,239.483333333333,"Lyman_SD","SD",1273.065,1015.95,1106.5821,1620.625,3.85,280
"2410","Presho","2013",43.9097,-100.0587,365,165,306,239.483333333333,"Lyman_SD","SD",1101.72,987.93,1082.77015,1591.19,62.63,297
"2411","Presho","2014",43.9097,-100.0587,365,175,302,239.483333333333,"Lyman_SD","SD",1089.155,963.24,1058.67515,1506.705,60.49,302
"2412","Presho","2015",43.9097,-100.0587,365,166,299,239.483333333333,"Lyman_SD","SD",1142.26,986.385,1081.7882,1552.155,122.05,317
"2413","Presho","2016",43.9097,-100.0587,365,167,300.890756302521,239.483333333333,"Lyman_SD","SD",1213.23,1006.25,1096.26905,1609.675,91.33,324
"2414","Presho","2017",43.9097,-100.0587,365,168.724770642202,300.890756302521,239.483333333333,"Lyman_SD","SD",1139.955,952.245,1045.09265,1549.33,132.41,300
"2415","Presho","2018",43.9097,-100.0587,365,180,319,239.483333333333,"Lyman_SD","SD",1151.86,990.08,1086.10015,1646.235,86.81,288
"2416","Presho","2019",43.9097,-100.0587,365,161,300.890756302521,239.483333333333,"Lyman_SD","SD",1091.205,985.54,1085.0582,1490.435,176.38,297
"2417","Presho","2020",43.9097,-100.0587,365,168.724770642202,300.890756302521,239.483333333333,"Lyman_SD","SD",1199.24,1017.27,1105.71155,1576.12,55.93,292
"2418","Presho","2021",43.9097,-100.0587,365,153,292,239.483333333333,"Lyman_SD","SD",1272.02,1032.75,1121.03905,1639.405,150.65,305
"2419","Presho","2022",43.9097,-100.0587,365,168.724770642202,300.890756302521,239.483333333333,"Lyman_SD","SD",1238.3,1022.45,1109.5885,1602.275,35.83,291
"2420","Presho","2023",43.9097,-100.0587,365,168.724770642202,300.890756302521,239.483333333333,"Lyman_SD","SD",1143.515,984.455,1076.29655,1655.695,65.36,300
"2421","RNDO","1980",37.9214,-97.9159,365,162.507788161994,285.162162162162,213.901639344262,"Reno_KS","KS",1607.47,1203.12,1288.8885,1963.39,153.89,303
"2422","RNDO","1981",37.9214,-97.9159,365,162.507788161994,285.162162162162,213.901639344262,"Reno_KS","KS",1389.16,1142.2,1227.6385,1844.44,120.05,324
"2423","RNDO","1982",37.9214,-97.9159,365,162.507788161994,285.162162162162,213.901639344262,"Reno_KS","KS",1354.235,1113.05,1199.6335,1843.77,93.16,308
"2424","RNDO","1983",37.9214,-97.9159,365,162.507788161994,285.162162162162,213.901639344262,"Reno_KS","KS",1451.17,1141.675,1227.1135,1826.24,41.43,315
"2425","RNDO","1984",37.9214,-97.9159,365,162.507788161994,285.162162162162,213.901639344262,"Reno_KS","KS",1412.03,1114.95,1200.3885,1841.995,12.87,325
"2426","RNDO","1985",37.9214,-97.9159,365,162.507788161994,285.162162162162,213.901639344262,"Reno_KS","KS",1324.59,1087.015,1173.89655,1860.025,184.36,323
"2427","RNDO","1986",37.9214,-97.9159,365,162.507788161994,285.162162162162,213.901639344262,"Reno_KS","KS",1417.785,1157.05,1242.4885,1901.95,196.48,314
"2428","RNDO","1987",37.9214,-97.9159,365,162.507788161994,285.162162162162,213.901639344262,"Reno_KS","KS",1388.725,1139.495,1226.53655,1894.245,171.05,314
"2429","RNDO","1988",37.9214,-97.9159,365,162.507788161994,285.162162162162,213.901639344262,"Reno_KS","KS",1455.29,1158.545,1244.6535,1906.84,166.39,325
"2430","RNDO","1989",37.9214,-97.9159,365,162.507788161994,285.162162162162,213.901639344262,"Reno_KS","KS",1240.15,1072.275,1164.9607,1843.695,207.11,293
"2431","RNDO","1990",37.9214,-97.9159,365,162.507788161994,285.162162162162,213.901639344262,"Reno_KS","KS",1388.725,1128.855,1215.1935,1907.565,102.61,332
"2432","RNDO","1991",37.9214,-97.9159,365,162.507788161994,285.162162162162,213.901639344262,"Reno_KS","KS",1443.52,1142.965,1228.4035,1962.385,165.91,303
"2433","RNDO","1992",37.9214,-97.9159,365,162.507788161994,285.162162162162,213.901639344262,"Reno_KS","KS",1229.23,1067.425,1157.84655,1734.495,220.86,310
"2434","RNDO","1993",37.9214,-97.9159,365,162.507788161994,285.162162162162,213.901639344262,"Reno_KS","KS",1364.085,1145.545,1233.14655,1854.565,240.14,303
"2435","RNDO","1994",37.9214,-97.9159,365,162.507788161994,285.162162162162,213.901639344262,"Reno_KS","KS",1359.82,1110.21,1195.6485,1893.635,91.5,333
"2436","RNDO","1995",37.9214,-97.9159,365,162.507788161994,285.162162162162,213.901639344262,"Reno_KS","KS",1337.735,1109.195,1198.3035,1798.405,149.53,306
"2437","RNDO","1996",37.9214,-97.9159,365,182,275,238.35,"Reno_KS","KS",1309.93,1121.87,1213.70015,1871.395,227.12,322
"2438","RNDO","1997",37.9214,-97.9159,365,183,279,234,"Reno_KS","KS",1301.74,1115.975,1203.99905,1809.325,183.14,311
"2439","RNDO","1998",37.9214,-97.9159,365,180,299,231.791666666667,"Reno_KS","KS",1451.17,1172.42,1259.11905,1934.86,17.93,342
"2440","RNDO","1999",37.9214,-97.9159,365,153,285.162162162162,208.214285714286,"Reno_KS","KS",1316.37,1124.63,1218.80625,1870.5,192.92,329
"2441","RNDO","2000",37.9214,-97.9159,365,146,285.162162162162,200.3,"Reno_KS","KS",1267.825,1080.33,1170.31405,1909.365,186.49,282
"2442","RNDO","2001",37.9214,-97.9159,365,130,306,187,"Reno_KS","KS",1214.275,1028.515,1127.83235,1902.835,85.4,324
"2443","RNDO","2002",37.9214,-97.9159,365,150,271,204.444444444444,"Reno_KS","KS",1388.635,1139.42,1228.2871,1877.225,120.5,329
"2444","RNDO","2003",37.9214,-97.9159,365,160,290,212.411764705882,"Reno_KS","KS",1414.32,1136.22,1222.87905,1804.965,121.51,311
"2445","RNDO","2004",37.9214,-97.9159,365,149,278,204.363636363636,"Reno_KS","KS",1202.115,1048.06,1145.77125,1790.645,246.35,335
"2446","RNDO","2005",37.9214,-97.9159,365,158,276,211.545454545455,"Reno_KS","KS",1347.81,1120.095,1210.9621,1886.1,220.05,320
"2447","RNDO","2006",37.9214,-97.9159,365,162.507788161994,285.162162162162,213.901639344262,"Reno_KS","KS",1420.335,1134.98,1220.4185,1865.18,156.93,306
"2448","RNDO","2007",37.9214,-97.9159,365,158,296,216.333333333333,"Reno_KS","KS",1350.005,1137.915,1230.7632,1903.38,66.68,326
"2449","RNDO","2008",37.9214,-97.9159,365,162,297,213.901639344262,"Reno_KS","KS",1294.27,1105.47,1195.07905,1814.555,152.33,326
"2450","RNDO","2009",37.9214,-97.9159,365,156,275,211.615384615385,"Reno_KS","KS",1321.045,1106.89,1195.2321,1793.275,97.06,330
"2451","RNDO","2010",37.9214,-97.9159,365,155,280,207.8,"Reno_KS","KS",1483.37,1199.095,1285.99405,1904.885,205.01,322
"2452","RNDO","2011",37.9214,-97.9159,365,173,279,213.901639344262,"Reno_KS","KS",1620.85,1213.005,1299.66405,1949.705,79.29,308
"2453","RNDO","2012",37.9214,-97.9159,365,162.507788161994,285.162162162162,213.901639344262,"Reno_KS","KS",1487.11,1139.85,1226.1285,1898.125,89.09,301
"2454","RNDO","2013",37.9214,-97.9159,365,162.507788161994,285.162162162162,213.901639344262,"Reno_KS","KS",1297.695,1098.415,1187.1296,1834.865,475.09,316
"2455","RNDO","2014",37.9214,-97.9159,365,171,302,213.901639344262,"Reno_KS","KS",1313.265,1093.495,1185.3532,1826.625,108,315
"2456","RNDO","2015",37.9214,-97.9159,365,162.507788161994,285.162162162162,213.901639344262,"Reno_KS","KS",1361.96,1135.37,1223.43155,1845.97,139.23,326
"2457","RNDO","2016",37.9214,-97.9159,365,162.507788161994,285.162162162162,213.901639344262,"Reno_KS","KS",1442.315,1174.595,1260.2785,1885.69,227.97,324
"2458","RNDO","2017",37.9214,-97.9159,365,162.507788161994,285.162162162162,213.901639344262,"Reno_KS","KS",1350.055,1107.53,1194.70155,1812.635,107.59,301
"2459","RNDO","2018",37.9214,-97.9159,365,162.507788161994,285.162162162162,213.901639344262,"Reno_KS","KS",1372.45,1136.06,1222.0035,1978.485,221.87,313
"2460","RNDO","2019",37.9214,-97.9159,365,162.507788161994,285.162162162162,213.901639344262,"Reno_KS","KS",1355.52,1117.935,1203.9385,1833.53,170,302
"2461","RNDO","2020",37.9214,-97.9159,365,162.507788161994,285.162162162162,213.901639344262,"Reno_KS","KS",1353.36,1125.405,1212.28655,1829.785,95.75,300
"2462","RNDO","2021",37.9214,-97.9159,365,162.507788161994,285.162162162162,213.901639344262,"Reno_KS","KS",1374.645,1121.7,1207.1385,1858.225,114.37,317
"2463","RNDO","2022",37.9214,-97.9159,365,162.507788161994,285.162162162162,213.901639344262,"Reno_KS","KS",1493.01,1161.51,1248.8535,1897.085,40.53,292
"2464","RNDO","2023",37.9214,-97.9159,365,192,285.162162162162,213.901639344262,"Reno_KS","KS",1388.925,1108.135,1198.31515,1889.395,104.21,303
"2465","RNDO","1980",37.9302,-98.0273,365,162.507788161994,285.162162162162,213.901639344262,"Reno_KS","KS",1607.095,1201.59,1287.3335,1961.395,151.89,303
"2466","RNDO","1981",37.9302,-98.0273,365,162.507788161994,285.162162162162,213.901639344262,"Reno_KS","KS",1396.385,1142.785,1228.2235,1845.88,105.67,324
"2467","RNDO","1982",37.9302,-98.0273,365,162.507788161994,285.162162162162,213.901639344262,"Reno_KS","KS",1355.49,1111.56,1197.9585,1842.445,91.2,308
"2468","RNDO","1983",37.9302,-98.0273,365,162.507788161994,285.162162162162,213.901639344262,"Reno_KS","KS",1457.64,1141.84,1227.2785,1827.065,52.09,315
"2469","RNDO","1984",37.9302,-98.0273,365,162.507788161994,285.162162162162,213.901639344262,"Reno_KS","KS",1413.405,1113.42,1198.8585,1840.545,21.48,325
"2470","RNDO","1985",37.9302,-98.0273,365,162.507788161994,285.162162162162,213.901639344262,"Reno_KS","KS",1328.88,1085.49,1172.37155,1857.54,179.83,323
"2471","RNDO","1986",37.9302,-98.0273,365,162.507788161994,285.162162162162,213.901639344262,"Reno_KS","KS",1420.925,1156.62,1242.0585,1900.46,188.87,314
"2472","RNDO","1987",37.9302,-98.0273,365,162.507788161994,285.162162162162,213.901639344262,"Reno_KS","KS",1393.33,1140.535,1227.3635,1894.56,178.01,314
"2473","RNDO","1988",37.9302,-98.0273,365,162.507788161994,285.162162162162,213.901639344262,"Reno_KS","KS",1458.805,1159.495,1245.3485,1909.2,168.65,325
"2474","RNDO","1989",37.9302,-98.0273,365,162.507788161994,285.162162162162,213.901639344262,"Reno_KS","KS",1244.23,1072.885,1165.6657,1845.675,199.03,293
"2475","RNDO","1990",37.9302,-98.0273,365,162.507788161994,285.162162162162,213.901639344262,"Reno_KS","KS",1395.525,1130.695,1216.8735,1912.305,86.58,332
"2476","RNDO","1991",37.9302,-98.0273,365,162.507788161994,285.162162162162,213.901639344262,"Reno_KS","KS",1448.68,1144.085,1229.5235,1964.05,157.2,303
"2477","RNDO","1992",37.9302,-98.0273,365,162.507788161994,285.162162162162,213.901639344262,"Reno_KS","KS",1234.485,1068.52,1158.22655,1737.555,237.76,310
"2478","RNDO","1993",37.9302,-98.0273,365,162.507788161994,285.162162162162,213.901639344262,"Reno_KS","KS",1366.385,1144.01,1231.69155,1854.46,206.77,303
"2479","RNDO","1994",37.9302,-98.0273,365,162.507788161994,285.162162162162,213.901639344262,"Reno_KS","KS",1362.985,1109.52,1194.9585,1893.455,75.71,332
"2480","RNDO","1995",37.9302,-98.0273,365,162.507788161994,285.162162162162,213.901639344262,"Reno_KS","KS",1341.6,1108.615,1197.5785,1796.745,131.29,306
"2481","RNDO","1996",37.9302,-98.0273,365,182,275,238.35,"Reno_KS","KS",1310.85,1121.285,1212.90015,1870.965,210.25,322
"2482","RNDO","1997",37.9302,-98.0273,365,183,279,234,"Reno_KS","KS",1310.83,1118.445,1206.21405,1814.27,212.9,311
"2483","RNDO","1998",37.9302,-98.0273,365,180,299,231.791666666667,"Reno_KS","KS",1451.745,1170.66,1257.52405,1931.56,13.89,342
"2484","RNDO","1999",37.9302,-98.0273,365,153,285.162162162162,208.214285714286,"Reno_KS","KS",1318.275,1123.795,1217.85125,1870.805,217.61,329
"2485","RNDO","2000",37.9302,-98.0273,365,146,285.162162162162,200.3,"Reno_KS","KS",1269.555,1080,1169.46405,1907.565,187.13,282
"2486","RNDO","2001",37.9302,-98.0273,365,130,306,187,"Reno_KS","KS",1218.495,1029.475,1128.2643,1904.74,79.2,324
"2487","RNDO","2002",37.9302,-98.0273,365,150,271,204.444444444444,"Reno_KS","KS",1393.38,1141.08,1229.8771,1879.91,139.09,329
"2488","RNDO","2003",37.9302,-98.0273,365,160,290,212.411764705882,"Reno_KS","KS",1420.935,1137.835,1224.49405,1809.605,125.63,311
"2489","RNDO","2004",37.9302,-98.0273,365,149,278,204.363636363636,"Reno_KS","KS",1210.485,1050.155,1147.6282,1793.805,235.51,335
"2490","RNDO","2005",37.9302,-98.0273,365,158,276,211.545454545455,"Reno_KS","KS",1351.045,1120.51,1211.27905,1886.725,237,320
"2491","RNDO","2006",37.9302,-98.0273,365,162.507788161994,285.162162162162,213.901639344262,"Reno_KS","KS",1427.695,1137.865,1223.3035,1869.095,169.35,306
"2492","RNDO","2007",37.9302,-98.0273,365,158,296,216.333333333333,"Reno_KS","KS",1354.92,1140.395,1232.51515,1906.12,46.67,326
"2493","RNDO","2008",37.9302,-98.0273,365,162,297,213.901639344262,"Reno_KS","KS",1298.21,1105.915,1194.88905,1815.55,135.45,326
"2494","RNDO","2009",37.9302,-98.0273,365,156,275,211.615384615385,"Reno_KS","KS",1328.05,1108.735,1197.0771,1796.11,124,322
"2495","RNDO","2010",37.9302,-98.0273,365,155,280,207.8,"Reno_KS","KS",1482.91,1196.55,1283.38405,1900.865,163.29,322
"2496","RNDO","2011",37.9302,-98.0273,365,173,279,213.901639344262,"Reno_KS","KS",1619.595,1210.19,1296.84905,1945.135,72.82,308
"2497","RNDO","2012",37.9302,-98.0273,365,162.507788161994,285.162162162162,213.901639344262,"Reno_KS","KS",1481.945,1134.875,1221.0985,1889.78,121.43,301
"2498","RNDO","2013",37.9302,-98.0273,365,162.507788161994,285.162162162162,213.901639344262,"Reno_KS","KS",1296.28,1097.705,1186.4446,1833.44,509.62,316
"2499","RNDO","2014",37.9302,-98.0273,365,171,302,213.901639344262,"Reno_KS","KS",1316.565,1093.32,1185.1732,1824.815,97.93,315
"2500","RNDO","2015",37.9302,-98.0273,365,162.507788161994,285.162162162162,213.901639344262,"Reno_KS","KS",1364.195,1133.43,1221.45655,1841.675,150.78,326
"2501","RNDO","2016",37.9302,-98.0273,365,162.507788161994,285.162162162162,213.901639344262,"Reno_KS","KS",1443.18,1173.515,1259.1935,1884.875,301.21,324
"2502","RNDO","2017",37.9302,-98.0273,365,162.507788161994,285.162162162162,213.901639344262,"Reno_KS","KS",1355.91,1109.165,1196.29155,1813.485,87.49,301
"2503","RNDO","2018",37.9302,-98.0273,365,162.507788161994,285.162162162162,213.901639344262,"Reno_KS","KS",1374.955,1136.645,1222.5235,1977.995,265.09,313
"2504","RNDO","2019",37.9302,-98.0273,365,162.507788161994,285.162162162162,213.901639344262,"Reno_KS","KS",1354.97,1115.89,1201.9185,1828.705,192.76,302
"2505","RNDO","2020",37.9302,-98.0273,365,162.507788161994,285.162162162162,213.901639344262,"Reno_KS","KS",1347.03,1122.125,1209.00655,1825.565,81.61,300
"2506","RNDO","2021",37.9302,-98.0273,365,162.507788161994,285.162162162162,213.901639344262,"Reno_KS","KS",1373.705,1120.27,1205.7085,1855.205,116.07,317
"2507","RNDO","2022",37.9302,-98.0273,365,162.507788161994,285.162162162162,213.901639344262,"Reno_KS","KS",1491.84,1158.815,1246.3585,1892.575,50.38,315
"2508","RNDO","2023",37.9302,-98.0273,365,192,285.162162162162,213.901639344262,"Reno_KS","KS",1387.34,1105.705,1196.05515,1886.49,117.67,303
"2509","RPDO","1980",39.52,-98.06,365,169.876623376623,290.737642585551,226.743859649123,"Mitchell_KS","KS",1485.805,1124.27,1211.85155,1802.03,99.41,300
"2510","RPDO","1981",39.52,-98.06,365,169.876623376623,290.737642585551,226.743859649123,"Mitchell_KS","KS",1231.98,1052.065,1141.89655,1679.43,176.79,296
"2511","RPDO","1982",39.52,-98.06,365,169.876623376623,290.737642585551,226.743859649123,"Mitchell_KS","KS",1255.485,1058.62,1148.3846,1705.945,158.44,294
"2512","RPDO","1983",39.52,-98.06,365,169.876623376623,290.737642585551,226.743859649123,"Mitchell_KS","KS",1499.72,1154.92,1240.3585,1768.375,68.6,315
"2513","RPDO","1984",39.52,-98.06,365,169.876623376623,290.737642585551,226.743859649123,"Mitchell_KS","KS",1338.93,1075.33,1160.7685,1748.92,43.97,307
"2514","RPDO","1985",39.52,-98.06,365,169.876623376623,290.737642585551,226.743859649123,"Mitchell_KS","KS",1238.96,1035.71,1128.85655,1743.485,194.47,323
"2515","RPDO","1986",39.52,-98.06,365,169.876623376623,290.737642585551,226.743859649123,"Mitchell_KS","KS",1324.69,1110.02,1197.8085,1799.9,138.06,314
"2516","RPDO","1987",39.52,-98.06,365,191,309,246.84375,"Mitchell_KS","KS",1260.94,1066.525,1163.24125,1840.045,59.76,294
"2517","RPDO","1988",39.52,-98.06,365,190,299,241.68,"Mitchell_KS","KS",1315.835,1078.75,1169.5371,1859.6,75.94,302
"2518","RPDO","1989",39.52,-98.06,365,191,305,245.096774193548,"Mitchell_KS","KS",1181.075,1029.845,1129.72845,1790.725,196.93,292
"2519","RPDO","1990",39.52,-98.06,365,169.876623376623,290.737642585551,226.743859649123,"Mitchell_KS","KS",1311.935,1086.32,1173.3885,1801.27,126.18,309
"2520","RPDO","1991",39.52,-98.06,365,178,290,231.363636363636,"Mitchell_KS","KS",1384.78,1109.975,1198.99405,1885.845,135.81,302
"2521","RPDO","1992",39.52,-98.06,365,169.876623376623,290.737642585551,226.743859649123,"Mitchell_KS","KS",1131.96,1011.8,1104.6696,1639.86,142.6,310
"2522","RPDO","1993",39.52,-98.06,365,169.876623376623,290.737642585551,226.743859649123,"Mitchell_KS","KS",1265.12,1089.94,1177.5835,1725.79,165.33,300
"2523","RPDO","1994",39.52,-98.06,365,169.876623376623,290.737642585551,226.743859649123,"Mitchell_KS","KS",1259.95,1053.3,1138.7385,1791.58,43.88,314
"2524","RPDO","1995",39.52,-98.06,365,164,281,220.684210526316,"Mitchell_KS","KS",1331.36,1100.805,1193.01015,1716.645,104.64,306
"2525","RPDO","1996",39.52,-98.06,365,162,278,219.657894736842,"Mitchell_KS","KS",1288.945,1092.475,1182.4321,1757.535,122.27,307
"2526","RPDO","1997",39.52,-98.06,365,160,290,218.709677419355,"Mitchell_KS","KS",1275.695,1073.925,1166.4621,1735.095,123.08,300
"2527","RPDO","1998",39.52,-98.06,365,157,293,217.166666666667,"Mitchell_KS","KS",1300.105,1100.035,1194.0671,1840.72,161.46,341
"2528","RPDO","1999",39.52,-98.06,365,160,290.737642585551,218.04347826087,"Mitchell_KS","KS",1286.65,1091.535,1192.00735,1790.765,86.81,324
"2529","RPDO","2000",39.52,-98.06,365,157,290.737642585551,216.681818181818,"Mitchell_KS","KS",1368.79,1104.97,1195.0671,1863.795,31.69,281
"2530","RPDO","2001",39.52,-98.06,365,162,279,214.620689655172,"Mitchell_KS","KS",1426.69,1139.85,1227.9921,1827.605,156.97,324
"2531","RPDO","2002",39.52,-98.06,365,163,280,226.743859649123,"Mitchell_KS","KS",1436.32,1142.35,1229.00905,1838.275,164.28,305
"2532","RPDO","2003",39.52,-98.06,365,169.876623376623,290.737642585551,226.743859649123,"Mitchell_KS","KS",1422.475,1109.17,1194.6385,1721.795,249.22,310
"2533","RPDO","2004",39.52,-98.06,365,169.876623376623,290.737642585551,226.743859649123,"Mitchell_KS","KS",1120.86,985.075,1088.2118,1719.485,92.01,308
"2534","RPDO","2005",39.52,-98.06,365,169.876623376623,290.737642585551,226.743859649123,"Mitchell_KS","KS",1358.24,1105.05,1193.33655,1817.915,177.07,320
"2535","RPDO","2006",39.52,-98.06,365,169.876623376623,290.737642585551,226.743859649123,"Mitchell_KS","KS",1378.97,1106.59,1194.0585,1788.195,160.68,292
"2536","RPDO","2007",39.52,-98.06,365,169.876623376623,290.737642585551,226.743859649123,"Mitchell_KS","KS",1359.045,1130.875,1218.1135,1852.265,174.07,310
"2537","RPDO","2008",39.52,-98.06,365,169.876623376623,290.737642585551,226.743859649123,"Mitchell_KS","KS",1230.005,1056.35,1145.23655,1710.56,231.53,302
"2538","RPDO","2009",39.52,-98.06,365,169.876623376623,290.737642585551,226.743859649123,"Mitchell_KS","KS",1227.88,1050.625,1138.4535,1691.61,151.01,322
"2539","RPDO","2010",39.52,-98.06,365,169.876623376623,290.737642585551,226.743859649123,"Mitchell_KS","KS",1354.715,1110.855,1198.61655,1782.72,71.56,309
"2540","RPDO","2011",39.52,-98.06,365,169.876623376623,290.737642585551,226.743859649123,"Mitchell_KS","KS",1400.54,1132.47,1218.4535,1819.255,145.03,293
"2541","RPDO","2012",39.52,-98.06,365,169.876623376623,290.737642585551,226.743859649123,"Mitchell_KS","KS",1405.075,1099.295,1186.2185,1820.605,149.89,301
"2542","RPDO","2013",39.52,-98.06,365,169.876623376623,290.737642585551,226.743859649123,"Mitchell_KS","KS",1252.855,1068.91,1160.35265,1767.75,160.45,316
"2543","RPDO","2014",39.52,-98.06,365,169.876623376623,290.737642585551,226.743859649123,"Mitchell_KS","KS",1261.715,1055.37,1143.4085,1750.69,279.93,315
"2544","RPDO","2015",39.52,-98.06,365,169.876623376623,290.737642585551,226.743859649123,"Mitchell_KS","KS",1273.525,1066.87,1154.0585,1744.67,132.81,326
"2545","RPDO","2016",39.52,-98.06,365,169.876623376623,290.737642585551,226.743859649123,"Mitchell_KS","KS",1319.93,1108.385,1200.88155,1807.025,289.31,324
"2546","RPDO","2017",39.52,-98.06,365,169.876623376623,290.737642585551,226.743859649123,"Mitchell_KS","KS",1258.065,1051.89,1140.81655,1733.475,84.89,301
"2547","RPDO","2018",39.52,-98.06,365,169.876623376623,290.737642585551,226.743859649123,"Mitchell_KS","KS",1263.67,1073.355,1164.12655,1868.125,278.44,313
"2548","RPDO","2019",39.52,-98.06,365,169.876623376623,290.737642585551,226.743859649123,"Mitchell_KS","KS",1287.46,1103.32,1191.2435,1754.075,213.46,301
"2549","RPDO","2020",39.52,-98.06,365,169.876623376623,290.737642585551,226.743859649123,"Mitchell_KS","KS",1282.685,1094.585,1183.9546,1764.755,188.34,300
"2550","RPDO","2021",39.52,-98.06,365,169.876623376623,290.737642585551,226.743859649123,"Mitchell_KS","KS",1316.015,1092.17,1177.6085,1786.34,110.16,317
"2551","RPDO","2022",39.52,-98.06,365,169.876623376623,290.737642585551,226.743859649123,"Mitchell_KS","KS",1328.7,1088.48,1177.4746,1811.36,66.88,292
"2552","RPDO","2023",39.52,-98.06,365,169.876623376623,290.737642585551,226.743859649123,"Mitchell_KS","KS",1346.725,1095.085,1181.5985,1839.27,130.66,303
"2553","RPDO","1980",39.832,-97.8432,365,169.876623376623,290.737642585551,226.743859649123,"Republic_KS","KS",1434.77,1108.625,1196.63655,1779.8,117.04,300
"2554","RPDO","1981",39.832,-97.8432,365,169.876623376623,290.737642585551,226.743859649123,"Republic_KS","KS",1210.055,1044.85,1135.7896,1671.495,184.13,296
"2555","RPDO","1982",39.832,-97.8432,365,169.876623376623,290.737642585551,226.743859649123,"Republic_KS","KS",1231.9,1055.525,1147.2546,1696.425,134.74,294
"2556","RPDO","1983",39.832,-97.8432,365,169.876623376623,290.737642585551,226.743859649123,"Republic_KS","KS",1466.385,1149.855,1235.2935,1759.935,106.45,315
"2557","RPDO","1984",39.832,-97.8432,365,169.876623376623,290.737642585551,226.743859649123,"Republic_KS","KS",1313.925,1070.795,1156.2335,1735.62,90.49,307
"2558","RPDO","1985",39.832,-97.8432,365,169.876623376623,290.737642585551,226.743859649123,"Republic_KS","KS",1195.005,1018.645,1114.71765,1719.09,281.76,323
"2559","RPDO","1986",39.832,-97.8432,365,169.876623376623,290.737642585551,226.743859649123,"Republic_KS","KS",1288.97,1097.65,1186.45655,1782.23,212.38,313
"2560","RPDO","1987",39.832,-97.8432,365,191,309,246.84375,"Republic_KS","KS",1223.245,1047.38,1146.58125,1818.14,70.26,294
"2561","RPDO","1988",39.832,-97.8432,365,190,299,241.68,"Republic_KS","KS",1273.6,1058.965,1151.8921,1833.3,72.05,302
"2562","RPDO","1989",39.832,-97.8432,365,191,305,245.096774193548,"Republic_KS","KS",1143.745,1014.02,1114.93345,1759.31,226.21,292
"2563","RPDO","1990",39.832,-97.8432,365,169.876623376623,290.737642585551,226.743859649123,"Republic_KS","KS",1272.825,1073.895,1163.3635,1769.615,106.52,309
"2564","RPDO","1991",39.832,-97.8432,365,178,290,231.363636363636,"Republic_KS","KS",1352.77,1098.28,1187.7871,1864.765,92.84,302
"2565","RPDO","1992",39.832,-97.8432,365,169.876623376623,290.737642585551,226.743859649123,"Republic_KS","KS",1101.225,997.735,1093.6946,1614.92,213.65,311
"2566","RPDO","1993",39.832,-97.8432,365,169.876623376623,290.737642585551,226.743859649123,"Republic_KS","KS",1243.85,1086.29,1174.7385,1714.255,197.28,300
"2567","RPDO","1994",39.832,-97.8432,365,169.876623376623,290.737642585551,226.743859649123,"Republic_KS","KS",1223.285,1044.985,1130.4635,1775.26,30.95,327
"2568","RPDO","1995",39.832,-97.8432,365,164,281,220.684210526316,"Republic_KS","KS",1312.665,1096.3,1189.1321,1702.135,144.3,306
"2569","RPDO","1996",39.832,-97.8432,365,162,278,219.657894736842,"Republic_KS","KS",1255.67,1084.685,1177.55015,1732.85,152.13,307
"2570","RPDO","1997",39.832,-97.8432,365,160,290,218.709677419355,"Republic_KS","KS",1251.035,1067.95,1161.4621,1717.295,111.06,299
"2571","RPDO","1998",39.832,-97.8432,365,157,293,217.166666666667,"Republic_KS","KS",1268.72,1088.255,1185.6632,1824.54,116.29,341
"2572","RPDO","1999",39.832,-97.8432,365,160,290.737642585551,218.04347826087,"Republic_KS","KS",1260.2,1080.47,1183.04345,1771.315,124.34,324
"2573","RPDO","2000",39.832,-97.8432,365,157,290.737642585551,216.681818181818,"Republic_KS","KS",1340.87,1098.795,1189.2421,1849.65,39.74,281
"2574","RPDO","2001",39.832,-97.8432,365,162,279,214.620689655172,"Republic_KS","KS",1384.315,1131.845,1220.9621,1812.52,208.5,331
"2575","RPDO","2002",39.832,-97.8432,365,163,280,226.743859649123,"Republic_KS","KS",1415.785,1137.83,1224.48905,1827.095,105.88,305
"2576","RPDO","2003",39.832,-97.8432,365,169.876623376623,290.737642585551,226.743859649123,"Republic_KS","KS",1379.325,1102.09,1187.5285,1713.825,256.57,310
"2577","RPDO","2004",39.832,-97.8432,365,169.876623376623,290.737642585551,226.743859649123,"Republic_KS","KS",1093.82,971.41,1077.8179,1697.975,65.32,308
"2578","RPDO","2005",39.832,-97.8432,365,169.876623376623,290.737642585551,226.743859649123,"Republic_KS","KS",1331.635,1096.05,1184.84155,1802.345,248.41,320
"2579","RPDO","2006",39.832,-97.8432,365,169.876623376623,290.737642585551,226.743859649123,"Republic_KS","KS",1344.595,1097.95,1185.0035,1777.965,179.78,292
"2580","RPDO","2007",39.832,-97.8432,365,169.876623376623,290.737642585551,226.743859649123,"Republic_KS","KS",1338.48,1122.71,1209.9485,1839.41,159.74,310
"2581","RPDO","2008",39.832,-97.8432,365,169.876623376623,290.737642585551,226.743859649123,"Republic_KS","KS",1212.265,1049.695,1137.57155,1695.65,227.49,302
"2582","RPDO","2009",39.832,-97.8432,365,169.876623376623,290.737642585551,226.743859649123,"Republic_KS","KS",1190.255,1032.89,1122.46655,1661.06,151.18,322
"2583","RPDO","2010",39.832,-97.8432,365,169.876623376623,290.737642585551,226.743859649123,"Republic_KS","KS",1324.505,1100.655,1188.45655,1761.79,116.79,322
"2584","RPDO","2011",39.832,-97.8432,365,169.876623376623,290.737642585551,226.743859649123,"Republic_KS","KS",1348.945,1118.33,1204.8585,1794.07,159.41,293
"2585","RPDO","2012",39.832,-97.8432,365,169.876623376623,290.737642585551,226.743859649123,"Republic_KS","KS",1360.53,1086.765,1175.09155,1799.075,114.51,301
"2586","RPDO","2013",39.832,-97.8432,365,169.876623376623,290.737642585551,226.743859649123,"Republic_KS","KS",1236.61,1063.87,1156.62265,1757.265,215.81,316
"2587","RPDO","2014",39.832,-97.8432,365,169.876623376623,290.737642585551,226.743859649123,"Republic_KS","KS",1222.31,1041.905,1131.1935,1729.995,208.23,315
"2588","RPDO","2015",39.832,-97.8432,365,169.876623376623,290.737642585551,226.743859649123,"Republic_KS","KS",1226.125,1047.685,1137.4535,1715.845,177.75,326
"2589","RPDO","2016",39.832,-97.8432,365,169.876623376623,290.737642585551,226.743859649123,"Republic_KS","KS",1293.39,1096.43,1190.3996,1790.02,209.18,324
"2590","RPDO","2017",39.832,-97.8432,365,169.876623376623,290.737642585551,226.743859649123,"Republic_KS","KS",1224.975,1042.88,1132.29655,1718.56,68.02,301
"2591","RPDO","2018",39.832,-97.8432,365,169.876623376623,290.737642585551,226.743859649123,"Republic_KS","KS",1237.44,1065.025,1159.90265,1851.12,310.13,313
"2592","RPDO","2019",39.832,-97.8432,365,169.876623376623,290.737642585551,226.743859649123,"Republic_KS","KS",1262.985,1099.005,1189.1335,1741.025,158.49,301
"2593","RPDO","2020",39.832,-97.8432,365,169.876623376623,290.737642585551,226.743859649123,"Republic_KS","KS",1265.395,1094.025,1183.6285,1765.345,181.83,300
"2594","RPDO","2021",39.832,-97.8432,365,169.876623376623,290.737642585551,226.743859649123,"Republic_KS","KS",1284.665,1081.22,1166.6585,1773.335,171.84,317
"2595","RPDO","2022",39.832,-97.8432,365,169.876623376623,290.737642585551,226.743859649123,"Republic_KS","KS",1290.68,1078.915,1167.6146,1797.37,66.53,291
"2596","RPDO","2023",39.832,-97.8432,365,169.876623376623,290.737642585551,226.743859649123,"Republic_KS","KS",1317.225,1085.715,1172.1285,1824.67,140.28,303
"2597","Redfield","1980",44.8758,-98.5187,365,157.45253164557,303.807407407407,208.478260869565,"Spink_SD","SD",1078.805,920.435,1010.656,1516.33,115.81,286
"2598","Redfield","1981",44.8758,-98.5187,365,157.45253164557,303.807407407407,208.478260869565,"Spink_SD","SD",1079.99,934.31,1034.78875,1510.07,104.65,295
"2599","Redfield","1982",44.8758,-98.5187,365,162,278,208.478260869565,"Spink_SD","SD",1096.235,947.56,1048.5682,1469.58,71.42,294
"2600","Redfield","1983",44.8758,-98.5187,365,159,286,208.478260869565,"Spink_SD","SD",1183.485,1011.33,1111.5043,1556.115,131.21,286
"2601","Redfield","1984",44.8758,-98.5187,365,165,328,208.478260869565,"Spink_SD","SD",1118.145,992.745,1085.2671,1512.865,160.47,270
"2602","Redfield","1985",44.8758,-98.5187,365,169,309,208.478260869565,"Spink_SD","SD",974.84,867.37,978.98345,1441.455,170.53,283
"2603","Redfield","1986",44.8758,-98.5187,365,150,307,208.478260869565,"Spink_SD","SD",1056.395,947.635,1047.5643,1476.21,145.9,285
"2604","Redfield","1987",44.8758,-98.5187,365,140,303.807407407407,208.478260869565,"Spink_SD","SD",1067.35,913.45,1015.0304,1566.08,68.71,280
"2605","Redfield","1988",44.8758,-98.5187,365,154,308,208.478260869565,"Spink_SD","SD",1267.55,1020.24,1112.3632,1659.23,84.78,279
"2606","Redfield","1989",44.8758,-98.5187,365,157.45253164557,303.807407407407,208.478260869565,"Spink_SD","SD",1092.045,931.79,1033.9904,1536.78,74.8,276
"2607","Redfield","1990",44.8758,-98.5187,365,157.45253164557,303.807407407407,208.478260869565,"Spink_SD","SD",1001.295,905.61,1007.63875,1491.56,232.89,282
"2608","Redfield","1991",44.8758,-98.5187,365,157.45253164557,303.807407407407,208.478260869565,"Spink_SD","SD",1078.055,968.585,1069.6307,1653.275,114.58,262
"2609","Redfield","1992",44.8758,-98.5187,365,157.45253164557,303.807407407407,208.478260869565,"Spink_SD","SD",809.29,780.51,916.5678,1324.315,145.41,272
"2610","Redfield","1993",44.8758,-98.5187,365,157.45253164557,303.807407407407,208.478260869565,"Spink_SD","SD",891.555,855.58,984.8223,1387.72,204.69,282
"2611","Redfield","1994",44.8758,-98.5187,365,157.45253164557,303.807407407407,208.478260869565,"Spink_SD","SD",941.46,877.055,990.48705,1485.38,150.15,298
"2612","Redfield","1995",44.8758,-98.5187,365,157.45253164557,303.807407407407,208.478260869565,"Spink_SD","SD",1039.345,933.545,1038.594,1513.265,75.15,265
"2613","Redfield","1996",44.8758,-98.5187,365,157.45253164557,303.807407407407,208.478260869565,"Spink_SD","SD",1000.47,914.785,1014.04765,1451.705,35,297
"2614","Redfield","1997",44.8758,-98.5187,365,157.45253164557,303.807407407407,208.478260869565,"Spink_SD","SD",1028.2,945.425,1047.8168,1489.595,160.97,294
"2615","Redfield","1998",44.8758,-98.5187,365,157.45253164557,303.807407407407,208.478260869565,"Spink_SD","SD",1031.355,941.73,1042.74235,1556.47,126.25,309
"2616","Redfield","1999",44.8758,-98.5187,365,157.45253164557,303.807407407407,208.478260869565,"Spink_SD","SD",1035.95,930.905,1041.39095,1510.035,63.66,275
"2617","Redfield","2000",44.8758,-98.5187,365,157.45253164557,303.807407407407,208.478260869565,"Spink_SD","SD",1068.86,939.54,1044.36595,1510.605,126.45,280
"2618","Redfield","2001",44.8758,-98.5187,365,157.45253164557,303.807407407407,208.478260869565,"Spink_SD","SD",1142.915,995.21,1094.17875,1581.97,110.79,279
"2619","Redfield","2002",44.8758,-98.5187,365,157.45253164557,303.807407407407,208.478260869565,"Spink_SD","SD",1190.82,1008.79,1100.2246,1574.425,110.73,286
"2620","Redfield","2003",44.8758,-98.5187,365,157.45253164557,303.807407407407,208.478260869565,"Spink_SD","SD",1064.575,949.43,1043.5707,1495.175,76.79,274
"2621","Redfield","2004",44.8758,-98.5187,365,157.45253164557,303.807407407407,208.478260869565,"Spink_SD","SD",871.67,818.77,940.27755,1344.86,91.59,290
"2622","Redfield","2005",44.8758,-98.5187,365,157.45253164557,303.807407407407,208.478260869565,"Spink_SD","SD",1115.1,972.815,1073.1518,1556.7,76.54,297
"2623","Redfield","2006",44.8758,-98.5187,365,157.45253164557,303.807407407407,208.478260869565,"Spink_SD","SD",1153.915,961.58,1051.71265,1561.225,85.88,285
"2624","Redfield","2007",44.8758,-98.5187,365,157.45253164557,303.807407407407,208.478260869565,"Spink_SD","SD",1128.42,995.82,1091.1796,1612.215,122.41,301
"2625","Redfield","2008",44.8758,-98.5187,365,157.45253164557,303.807407407407,208.478260869565,"Spink_SD","SD",1004.31,916.27,1018.9068,1435.05,139.54,301
"2626","Redfield","2009",44.8758,-98.5187,365,157.45253164557,303.807407407407,208.478260869565,"Spink_SD","SD",916.975,858.97,971.28705,1365.24,140.7,282
"2627","Redfield","2010",44.8758,-98.5187,365,157.45253164557,303.807407407407,208.478260869565,"Spink_SD","SD",1096.255,992.13,1090.3507,1554.72,58.14,301
"2628","Redfield","2011",44.8758,-98.5187,365,157.45253164557,303.807407407407,208.478260869565,"Spink_SD","SD",1090.605,977.45,1082.7879,1538.055,86.99,292
"2629","Redfield","2012",44.8758,-98.5187,365,157.45253164557,303.807407407407,208.478260869565,"Spink_SD","SD",1178.535,999.05,1089.68265,1581.7,76.5,279
"2630","Redfield","2013",44.8758,-98.5187,365,157.45253164557,303.807407407407,208.478260869565,"Spink_SD","SD",974.11,904.305,1008.4829,1514.155,70.02,298
"2631","Redfield","2014",44.8758,-98.5187,365,157.45253164557,303.807407407407,208.478260869565,"Spink_SD","SD",934.37,878.165,986.86595,1451.745,87.51,304
"2632","Redfield","2015",44.8758,-98.5187,365,157.45253164557,303.807407407407,208.478260869565,"Spink_SD","SD",1075.185,953.755,1049.10265,1497.26,167.82,317
"2633","Redfield","2016",44.8758,-98.5187,365,157.45253164557,303.807407407407,208.478260869565,"Spink_SD","SD",1121.87,973.985,1063.99655,1572.135,134.6,324
"2634","Redfield","2017",44.8758,-98.5187,365,157.45253164557,303.807407407407,208.478260869565,"Spink_SD","SD",1036.31,909.45,1011.8829,1479.415,139.05,300
"2635","Redfield","2018",44.8758,-98.5187,365,157.45253164557,303.807407407407,208.478260869565,"Spink_SD","SD",1112.565,985.21,1080.3896,1644.55,82.37,288
"2636","Redfield","2019",44.8758,-98.5187,365,157.45253164557,303.807407407407,208.478260869565,"Spink_SD","SD",1044.68,967.66,1074.22985,1479.65,255.08,301
"2637","Redfield","2020",44.8758,-98.5187,365,157.45253164557,303.807407407407,208.478260869565,"Spink_SD","SD",1125,1007.335,1101.60155,1583.54,81.62,292
"2638","Redfield","2021",44.8758,-98.5187,365,157.45253164557,303.807407407407,208.478260869565,"Spink_SD","SD",1162.195,985.685,1077.89655,1607.175,97.81,305
"2639","Redfield","2022",44.8758,-98.5187,365,157.45253164557,303.807407407407,208.478260869565,"Spink_SD","SD",1146.22,1010.37,1103.3646,1608.635,81.79,280
"2640","Redfield","2023",44.8758,-98.5187,365,157.45253164557,303.807407407407,208.478260869565,"Spink_SD","SD",1068.325,957.755,1056.49765,1650.58,155.87,300
"2641","SRDO","1980",39.342,-101.821,365,162,271.476923076923,220.107692307692,"Sherman_KS","KS",1318.515,1032,1120.38905,1600.23,177.13,298
"2642","SRDO","1981",39.342,-101.821,365,162,271.476923076923,220.107692307692,"Sherman_KS","KS",1174.51,990.39,1086.53125,1544.495,57.26,313
"2643","SRDO","1982",39.342,-101.821,365,162,271.476923076923,220.107692307692,"Sherman_KS","KS",1137.105,961.86,1061.64235,1525.43,50.58,293
"2644","SRDO","1983",39.342,-101.821,365,162,271.476923076923,220.107692307692,"Sherman_KS","KS",1265.915,1005.12,1097.3182,1556.345,67.64,314
"2645","SRDO","1984",39.342,-101.821,365,162,271.476923076923,220.107692307692,"Sherman_KS","KS",1205.795,991.02,1078.92405,1595.955,50.03,306
"2646","SRDO","1985",39.342,-101.821,365,162,271.476923076923,220.107692307692,"Sherman_KS","KS",1146.865,955.375,1048.6882,1571.05,123.62,272
"2647","SRDO","1986",39.342,-101.821,365,162,271.476923076923,220.107692307692,"Sherman_KS","KS",1252.735,1014.78,1101.43905,1591.105,57.88,285
"2648","SRDO","1987",39.342,-101.821,365,162,271.476923076923,220.107692307692,"Sherman_KS","KS",1216.09,994.245,1083.8871,1596.93,20,313
"2649","SRDO","1988",39.342,-101.821,365,162,271.476923076923,220.107692307692,"Sherman_KS","KS",1271.465,1020.035,1107.85405,1620.09,86,302
"2650","SRDO","1989",39.342,-101.821,365,162,271.476923076923,220.107692307692,"Sherman_KS","KS",1105.155,948.635,1042.6232,1535.645,63.08,292
"2651","SRDO","1990",39.342,-101.821,365,162,271.476923076923,220.107692307692,"Sherman_KS","KS",1177.26,974.515,1068.6632,1587.15,103.5,308
"2652","SRDO","1991",39.342,-101.821,365,162,271.476923076923,220.107692307692,"Sherman_KS","KS",1169.22,989.17,1083.77125,1661.835,128.25,302
"2653","SRDO","1992",39.342,-101.821,365,162,271.476923076923,220.107692307692,"Sherman_KS","KS",1031.7,921.7,1022.18125,1439.425,151.89,290
"2654","SRDO","1993",39.342,-101.821,365,162,271.476923076923,220.107692307692,"Sherman_KS","KS",1091.395,941.17,1038.2393,1458.97,237.67,300
"2655","SRDO","1994",39.342,-101.821,365,162,271.476923076923,220.107692307692,"Sherman_KS","KS",1186.905,968.32,1056.01905,1613.285,75.36,309
"2656","SRDO","1995",39.342,-101.821,365,162,271.476923076923,220.107692307692,"Sherman_KS","KS",1148.755,939.79,1037.8704,1443.725,64.11,297
"2657","SRDO","1996",39.342,-101.821,365,162,271.476923076923,220.107692307692,"Sherman_KS","KS",1166.63,994.365,1086.01515,1570.505,168.21,292
"2658","SRDO","1997",39.342,-101.821,365,162,271.476923076923,220.107692307692,"Sherman_KS","KS",1131.65,952.675,1049.0932,1536.4,160.3,298
"2659","SRDO","1998",39.342,-101.821,365,162,271.476923076923,220.107692307692,"Sherman_KS","KS",1166.15,975.955,1070.60515,1556.06,165.5,314
"2660","SRDO","1999",39.342,-101.821,365,162,271.476923076923,220.107692307692,"Sherman_KS","KS",1149.32,968.89,1068.5254,1559.97,152.67,290
"2661","SRDO","2000",39.342,-101.821,365,162,271.476923076923,220.107692307692,"Sherman_KS","KS",1206.15,955.985,1050.73625,1587.345,91.97,281
"2662","SRDO","2001",39.342,-101.821,365,158,275,218.928571428571,"Sherman_KS","KS",1288.23,1006.585,1097.27015,1596.425,63.77,298
"2663","SRDO","2002",39.342,-101.821,365,162,271.476923076923,220.107692307692,"Sherman_KS","KS",1294.6,1010.835,1098.12405,1624.59,72.49,296
"2664","SRDO","2003",39.342,-101.821,365,163,268,219.590909090909,"Sherman_KS","KS",1265.735,998.685,1088.66905,1568.33,21.28,299
"2665","SRDO","2004",39.342,-101.821,365,162,271.476923076923,220.107692307692,"Sherman_KS","KS",996.83,872.625,983.97565,1479.85,78.74,307
"2666","SRDO","2005",39.342,-101.821,365,168,270,223.066666666667,"Sherman_KS","KS",1237.865,992.165,1084.18515,1568.04,135.21,280
"2667","SRDO","2006",39.342,-101.821,365,162,271.476923076923,220.107692307692,"Sherman_KS","KS",1238.235,1018.365,1109.0121,1612.37,126.35,295
"2668","SRDO","2007",39.342,-101.821,365,162,271.476923076923,220.107692307692,"Sherman_KS","KS",1251.095,1020.8,1110.34515,1628.76,140.54,310
"2669","SRDO","2008",39.342,-101.821,365,162,271.476923076923,220.107692307692,"Sherman_KS","KS",1177.025,964.145,1058.14125,1531.215,177.63,298
"2670","SRDO","2009",39.342,-101.821,365,162,271.476923076923,220.107692307692,"Sherman_KS","KS",1117.095,954.505,1049.94015,1514.265,100.64,283
"2671","SRDO","2010",39.342,-101.821,365,162,271.476923076923,220.107692307692,"Sherman_KS","KS",1227.485,1009.115,1103.3882,1572.825,96.92,301
"2672","SRDO","2011",39.342,-101.821,365,162,271.476923076923,220.107692307692,"Sherman_KS","KS",1260.985,1017.65,1106.0521,1587.53,125.38,300
"2673","SRDO","2012",39.342,-101.821,365,162,271.476923076923,220.107692307692,"Sherman_KS","KS",1341.145,1023.07,1111.03405,1641.115,37.09,300
"2674","SRDO","2013",39.342,-101.821,365,162,271.476923076923,220.107692307692,"Sherman_KS","KS",1199.455,993.73,1086.12015,1637.9,62.09,310
"2675","SRDO","2014",39.342,-101.821,365,162,271.476923076923,220.107692307692,"Sherman_KS","KS",1165.165,955.705,1050.4693,1537.92,92.11,315
"2676","SRDO","2015",39.342,-101.821,365,162,271.476923076923,220.107692307692,"Sherman_KS","KS",1202.73,997.775,1090.6671,1554.45,59.61,317
"2677","SRDO","2016",39.342,-101.821,365,162,271.476923076923,220.107692307692,"Sherman_KS","KS",1258.415,1015.79,1105.90405,1581.79,130.14,323
"2678","SRDO","2017",39.342,-101.821,365,162,271.476923076923,220.107692307692,"Sherman_KS","KS",1162.08,974.78,1070.83125,1558.225,136.87,300
"2679","SRDO","2018",39.342,-101.821,365,162,271.476923076923,220.107692307692,"Sherman_KS","KS",1183.63,984.63,1074.99405,1625.575,126.62,288
"2680","SRDO","2019",39.342,-101.821,365,162,271.476923076923,220.107692307692,"Sherman_KS","KS",1199.765,986.12,1079.16625,1531.89,208.11,284
"2681","SRDO","2020",39.342,-101.821,365,162,271.476923076923,220.107692307692,"Sherman_KS","KS",1230.115,997.715,1088.3021,1605.395,88.53,297
"2682","SRDO","2021",39.342,-101.821,365,162,271.476923076923,220.107692307692,"Sherman_KS","KS",1218.65,1002.945,1090.37905,1610.43,55.33,321
"2683","SRDO","2022",39.342,-101.821,365,162,271.476923076923,220.107692307692,"Sherman_KS","KS",1327.105,1040.7,1131.7121,1636.845,82.73,309
"2684","SRDO","2023",39.342,-101.821,365,162,271.476923076923,220.107692307692,"Sherman_KS","KS",1149.42,976.165,1071.4082,1612.63,144.18,300
"2685","Selby-NuSun","1980",45.5064,-100.0321,365,156.676767676768,294.5,223.262626262626,"Walworth_SD","SD",1077.2,913.96,1006.8696,1503.62,65.93,300
"2686","Selby-NuSun","1981",45.5064,-100.0321,365,156.676767676768,294.5,223.262626262626,"Walworth_SD","SD",968.61,877.82,987.60205,1418.42,122.97,295
"2687","Selby-NuSun","1982",45.5064,-100.0321,365,156.676767676768,294.5,223.262626262626,"Walworth_SD","SD",973.54,864.265,973.4926,1384.605,27.82,294
"2688","Selby-NuSun","1983",45.5064,-100.0321,365,156.676767676768,294.5,223.262626262626,"Walworth_SD","SD",1086.515,940.98,1039.71235,1483.8,170.42,286
"2689","Selby-NuSun","1984",45.5064,-100.0321,365,156.676767676768,294.5,223.262626262626,"Walworth_SD","SD",1023.025,912.065,1016.1668,1441.625,28.07,270
"2690","Selby-NuSun","1985",45.5064,-100.0321,365,156.676767676768,294.5,223.262626262626,"Walworth_SD","SD",956.955,826.81,934.79705,1380.925,102.02,274
"2691","Selby-NuSun","1986",45.5064,-100.0321,365,156.676767676768,294.5,223.262626262626,"Walworth_SD","SD",1003.035,913.71,1012.80265,1415.99,111.72,286
"2692","Selby-NuSun","1987",45.5064,-100.0321,365,156.676767676768,294.5,223.262626262626,"Walworth_SD","SD",1114.83,956.685,1052.25265,1509.875,87.74,283
"2693","Selby-NuSun","1988",45.5064,-100.0321,365,156.676767676768,294.5,223.262626262626,"Walworth_SD","SD",1236.41,995.62,1086.52765,1610.985,45.12,278
"2694","Selby-NuSun","1989",45.5064,-100.0321,365,156.676767676768,294.5,223.262626262626,"Walworth_SD","SD",1081.145,919.725,1019.5579,1511.24,56.46,276
"2695","Selby-NuSun","1990",45.5064,-100.0321,365,156.676767676768,294.5,223.262626262626,"Walworth_SD","SD",986.26,891.83,995.5118,1468.235,119.16,280
"2696","Selby-NuSun","1991",45.5064,-100.0321,365,156.676767676768,294.5,223.262626262626,"Walworth_SD","SD",1006.64,932.595,1036.10375,1582.11,39.06,262
"2697","Selby-NuSun","1992",45.5064,-100.0321,365,156.676767676768,294.5,223.262626262626,"Walworth_SD","SD",761.725,745.235,886.4275,1273.6,163.09,272
"2698","Selby-NuSun","1993",45.5064,-100.0321,365,156.676767676768,294.5,223.262626262626,"Walworth_SD","SD",797.505,773.3,919.49,1277.92,106.22,282
"2699","Selby-NuSun","1994",45.5064,-100.0321,365,156.676767676768,294.5,223.262626262626,"Walworth_SD","SD",900.32,849.865,964.83205,1442.385,43.34,298
"2700","Selby-NuSun","1995",45.5064,-100.0321,365,156.676767676768,294.5,223.262626262626,"Walworth_SD","SD",982.65,902.75,1009.78705,1465.43,70.62,265
"2701","Selby-NuSun","1996",45.5064,-100.0321,365,156.676767676768,294.5,223.262626262626,"Walworth_SD","SD",965.855,896.91,997.7807,1405.245,62.39,296
"2702","Selby-NuSun","1997",45.5064,-100.0321,365,156.676767676768,294.5,223.262626262626,"Walworth_SD","SD",981.475,915.945,1021.2968,1459.595,43.99,293
"2703","Selby-NuSun","1998",45.5064,-100.0321,365,156.676767676768,294.5,223.262626262626,"Walworth_SD","SD",995.23,909.81,1019.344,1507.15,109.82,309
"2704","Selby-NuSun","1999",45.5064,-100.0321,365,156.676767676768,294.5,223.262626262626,"Walworth_SD","SD",978.255,895.24,1011.5973,1426.275,158.22,275
"2705","Selby-NuSun","2000",45.5064,-100.0321,365,156.676767676768,294.5,223.262626262626,"Walworth_SD","SD",1012.025,905.295,1013.94315,1454.525,42.3,280
"2706","Selby-NuSun","2001",45.5064,-100.0321,365,153,291,221.212765957447,"Walworth_SD","SD",1066.88,941.205,1052.75175,1520.99,98.43,278
"2707","Selby-NuSun","2002",45.5064,-100.0321,365,156.676767676768,298,223.262626262626,"Walworth_SD","SD",1152.19,981.225,1072.77655,1521.165,100.73,286
"2708","Selby-NuSun","2003",45.5064,-100.0321,365,160,294.5,225.115384615385,"Walworth_SD","SD",1089.94,941.64,1037.3843,1440.305,11.37,274
"2709","Selby-NuSun","2004",45.5064,-100.0321,365,156.676767676768,294.5,223.262626262626,"Walworth_SD","SD",850.41,786.23,912.0417,1284.325,103.08,290
"2710","Selby-NuSun","2005",45.5064,-100.0321,365,156.676767676768,294.5,223.262626262626,"Walworth_SD","SD",1068.795,938.385,1045.1529,1488.185,82.6,297
"2711","Selby-NuSun","2006",45.5064,-100.0321,365,156.676767676768,294.5,223.262626262626,"Walworth_SD","SD",1181.54,970.88,1061.84765,1577.48,73.15,285
"2712","Selby-NuSun","2007",45.5064,-100.0321,365,156.676767676768,294.5,223.262626262626,"Walworth_SD","SD",1111.88,974.135,1070.3246,1547.655,155.72,307
"2713","Selby-NuSun","2008",45.5064,-100.0321,365,156.676767676768,294.5,223.262626262626,"Walworth_SD","SD",963.19,882.735,986.78705,1381.525,64.46,301
"2714","Selby-NuSun","2009",45.5064,-100.0321,365,156.676767676768,294.5,223.262626262626,"Walworth_SD","SD",864.835,817.245,931.80705,1318.455,104.2,282
"2715","Selby-NuSun","2010",45.5064,-100.0321,365,156.676767676768,294.5,223.262626262626,"Walworth_SD","SD",1033.97,932.85,1034.5929,1460.57,78.84,301
"2716","Selby-NuSun","2011",45.5064,-100.0321,365,156.676767676768,294.5,223.262626262626,"Walworth_SD","SD",1022.735,926.495,1034.44705,1444.08,86.9,292
"2717","Selby-NuSun","2012",45.5064,-100.0321,365,156.676767676768,294.5,223.262626262626,"Walworth_SD","SD",1127.245,968.43,1061.12265,1519.39,62.67,279
"2718","Selby-NuSun","2013",45.5064,-100.0321,365,156.676767676768,294.5,223.262626262626,"Walworth_SD","SD",953.575,888.125,995.1579,1488.54,99.05,297
"2719","Selby-NuSun","2014",45.5064,-100.0321,365,156.676767676768,294.5,223.262626262626,"Walworth_SD","SD",900.775,855.62,975.7751,1409.275,146.46,302
"2720","Selby-NuSun","2015",45.5064,-100.0321,365,156.676767676768,294.5,223.262626262626,"Walworth_SD","SD",1043.095,937.23,1036.25375,1456.445,142.48,311
"2721","Selby-NuSun","2016",45.5064,-100.0321,365,156.676767676768,294.5,223.262626262626,"Walworth_SD","SD",1087.8,955.715,1047.6146,1520.915,104.21,287
"2722","Selby-NuSun","2017",45.5064,-100.0321,365,156.676767676768,294.5,223.262626262626,"Walworth_SD","SD",1019.155,898.4,1002.69095,1459.84,150.94,300
"2723","Selby-NuSun","2018",45.5064,-100.0321,365,156.676767676768,294.5,223.262626262626,"Walworth_SD","SD",1060.325,949.95,1048.4707,1564.405,57.99,277
"2724","Selby-NuSun","2019",45.5064,-100.0321,365,156.676767676768,294.5,223.262626262626,"Walworth_SD","SD",985.41,924.605,1038.449,1395.955,138.23,297
"2725","Selby-NuSun","2020",45.5064,-100.0321,365,156.676767676768,294.5,223.262626262626,"Walworth_SD","SD",1065.69,954.87,1049.3946,1502.275,76.31,292
"2726","Selby-NuSun","2021",45.5064,-100.0321,365,156.676767676768,294.5,223.262626262626,"Walworth_SD","SD",1155.43,972.875,1066.05655,1543.255,151.6,294
"2727","Selby-NuSun","2022",45.5064,-100.0321,365,156.676767676768,294.5,223.262626262626,"Walworth_SD","SD",1064.3,942.37,1042.3668,1494.455,31.66,280
"2728","Selby-NuSun","2023",45.5064,-100.0321,365,156.676767676768,294.5,223.262626262626,"Walworth_SD","SD",1001.06,916.76,1024.43205,1572.82,116.03,300
"2729","South Shore","1980",45.1058,-96.9287,365,158.25219941349,303.371323529412,208.525252525253,"Codington_SD","SD",962.825,886.185,990.03485,1455.755,138.99,286
"2730","South Shore","1981",45.1058,-96.9287,365,158.25219941349,303.371323529412,208.525252525253,"Codington_SD","SD",955.36,888.695,1002.4162,1429.04,210.24,295
"2731","South Shore","1982",45.1058,-96.9287,365,161,274,208.525252525253,"Codington_SD","SD",989.26,901.135,1014.80565,1383.915,118.25,293
"2732","South Shore","1983",45.1058,-96.9287,365,160,300,208.525252525253,"Codington_SD","SD",1114.265,975.58,1077.7579,1491.695,111.44,287
"2733","South Shore","1984",45.1058,-96.9287,365,177,325,208.525252525253,"Codington_SD","SD",1028.12,934.67,1032.24125,1437.525,101.56,270
"2734","South Shore","1985",45.1058,-96.9287,365,155,301,208.525252525253,"Codington_SD","SD",901.26,830.43,946.38645,1373.785,187.21,283
"2735","South Shore","1986",45.1058,-96.9287,365,152,323,208.525252525253,"Codington_SD","SD",967.18,902.89,1010.32235,1413.45,200.72,287
"2736","South Shore","1987",45.1058,-96.9287,365,148,303.371323529412,205.420289855072,"Codington_SD","SD",1081.81,961.05,1062.40235,1523.395,190.31,280
"2737","South Shore","1988",45.1058,-96.9287,365,155,302,215.666666666667,"Codington_SD","SD",1191.525,1001.775,1094.2971,1614.3,148.39,278
"2738","South Shore","1989",45.1058,-96.9287,365,158.25219941349,303.371323529412,208.525252525253,"Codington_SD","SD",1001.85,905.63,1009.9979,1481.005,198.54,276
"2739","South Shore","1990",45.1058,-96.9287,365,158.25219941349,303.371323529412,208.525252525253,"Codington_SD","SD",942.085,879.445,993.1601,1427.53,162.84,291
"2740","South Shore","1991",45.1058,-96.9287,365,158.25219941349,303.371323529412,208.525252525253,"Codington_SD","SD",965.835,913.925,1034.6162,1569.79,173.04,278
"2741","South Shore","1992",45.1058,-96.9287,365,158.25219941349,303.371323529412,208.525252525253,"Codington_SD","SD",722.81,713.115,866.47245,1228.695,118.89,272
"2742","South Shore","1993",45.1058,-96.9287,365,158.25219941349,303.371323529412,208.525252525253,"Codington_SD","SD",825.38,808.155,949.92335,1291.395,160.43,282
"2743","South Shore","1994",45.1058,-96.9287,365,158.25219941349,303.371323529412,208.525252525253,"Codington_SD","SD",871.375,847.44,973.7634,1424.975,182.15,298
"2744","South Shore","1995",45.1058,-96.9287,365,158.25219941349,303.371323529412,208.525252525253,"Codington_SD","SD",977.86,915.07,1025.04955,1469.21,138.44,294
"2745","South Shore","1996",45.1058,-96.9287,365,158.25219941349,303.371323529412,208.525252525253,"Codington_SD","SD",932.1,892.775,1010.3079,1401.275,114.91,304
"2746","South Shore","1997",45.1058,-96.9287,365,158.25219941349,303.371323529412,208.525252525253,"Codington_SD","SD",936.165,891.45,1010.44925,1401.5,179.94,294
"2747","South Shore","1998",45.1058,-96.9287,365,158.25219941349,303.371323529412,208.525252525253,"Codington_SD","SD",955.485,910.185,1024.9268,1499.565,97.55,286
"2748","South Shore","1999",45.1058,-96.9287,365,158.25219941349,303.371323529412,208.525252525253,"Codington_SD","SD",959.18,895.815,1016.6234,1454.21,92.31,275
"2749","South Shore","2000",45.1058,-96.9287,365,158.25219941349,303.371323529412,208.525252525253,"Codington_SD","SD",965.225,895.555,1006.0462,1402.95,105.92,268
"2750","South Shore","2001",45.1058,-96.9287,365,158.25219941349,303.371323529412,208.525252525253,"Codington_SD","SD",1053.17,958.995,1068.1629,1488.185,116.96,279
"2751","South Shore","2002",45.1058,-96.9287,365,158.25219941349,303.371323529412,208.525252525253,"Codington_SD","SD",1060.59,968.805,1074.25985,1490.7,174.12,286
"2752","South Shore","2003",45.1058,-96.9287,365,158.25219941349,303.371323529412,208.525252525253,"Codington_SD","SD",967.55,911.85,1018.6079,1413,94.18,274
"2753","South Shore","2004",45.1058,-96.9287,365,158.25219941349,303.371323529412,208.525252525253,"Codington_SD","SD",792.395,767.015,905.82,1244.985,95.66,288
"2754","South Shore","2005",45.1058,-96.9287,365,158.25219941349,303.371323529412,208.525252525253,"Codington_SD","SD",1023.3,939.18,1048.844,1470.4,155.34,297
"2755","South Shore","2006",45.1058,-96.9287,365,158.25219941349,303.371323529412,208.525252525253,"Codington_SD","SD",1030.705,931.645,1035.38875,1490.765,96.97,284
"2756","South Shore","2007",45.1058,-96.9287,365,158.25219941349,303.371323529412,208.525252525253,"Codington_SD","SD",1034.03,956.54,1055.1557,1527.815,110.19,307
"2757","South Shore","2008",45.1058,-96.9287,365,158.25219941349,303.371323529412,208.525252525253,"Codington_SD","SD",916.235,877.34,988.36705,1361.875,152.51,301
"2758","South Shore","2009",45.1058,-96.9287,365,158.25219941349,303.371323529412,208.525252525253,"Codington_SD","SD",859.555,829.6,958.71535,1288.945,210.82,282
"2759","South Shore","2010",45.1058,-96.9287,365,158.25219941349,303.371323529412,208.525252525253,"Codington_SD","SD",1006.915,943.32,1052.3418,1472.805,87.88,301
"2760","South Shore","2011",45.1058,-96.9287,365,158.25219941349,303.371323529412,208.525252525253,"Codington_SD","SD",1002.115,930.395,1046.46925,1460.665,171.68,292
"2761","South Shore","2012",45.1058,-96.9287,365,158.25219941349,303.371323529412,208.525252525253,"Codington_SD","SD",1091.81,972.185,1069.15375,1531.21,81.74,279
"2762","South Shore","2013",45.1058,-96.9287,365,158.25219941349,303.371323529412,208.525252525253,"Codington_SD","SD",919.26,882.755,1002.40095,1445.165,61.47,298
"2763","South Shore","2014",45.1058,-96.9287,365,158.25219941349,303.371323529412,208.525252525253,"Codington_SD","SD",891.825,868.245,990.9462,1427.25,141.97,304
"2764","South Shore","2015",45.1058,-96.9287,365,158.25219941349,303.371323529412,208.525252525253,"Codington_SD","SD",976.96,921.585,1025.2229,1418.755,205.39,289
"2765","South Shore","2016",45.1058,-96.9287,365,158.25219941349,303.371323529412,208.525252525253,"Codington_SD","SD",1031.255,948.375,1043.6496,1510.825,277.07,324
"2766","South Shore","2017",45.1058,-96.9287,365,158.25219941349,303.371323529412,208.525252525253,"Codington_SD","SD",922.75,867.66,986.24035,1387.22,193.36,300
"2767","South Shore","2018",45.1058,-96.9287,365,158.25219941349,303.371323529412,208.525252525253,"Codington_SD","SD",1001.52,949.94,1058.54095,1569.455,131.57,277
"2768","South Shore","2019",45.1058,-96.9287,365,158.25219941349,303.371323529412,208.525252525253,"Codington_SD","SD",940.44,902.735,1028.9973,1364.61,241.84,297
"2769","South Shore","2020",45.1058,-96.9287,365,158.25219941349,303.371323529412,208.525252525253,"Codington_SD","SD",1030.715,956.51,1059.2118,1484.855,118.7,292
"2770","South Shore","2021",45.1058,-96.9287,365,158.25219941349,303.371323529412,208.525252525253,"Codington_SD","SD",1056.635,951.21,1050.5918,1525.995,215.94,305
"2771","South Shore","2022",45.1058,-96.9287,365,158.25219941349,303.371323529412,208.525252525253,"Codington_SD","SD",1042.845,964.19,1065.1457,1512.32,154.62,290
"2772","South Shore","2023",45.1058,-96.9287,365,158.25219941349,303.371323529412,208.525252525253,"Codington_SD","SD",988.135,913.36,1021.519,1586.425,104.83,300
"2773","THDO","1980",39.3933,-101.0636,365,162.447706422018,280.627372627373,222.00782778865,"Thomas_KS","KS",1370.855,1053.075,1140.6285,1662.665,137.83,298
"2774","THDO","1981",39.3933,-101.0636,365,162.447706422018,280.627372627373,222.00782778865,"Thomas_KS","KS",1202.205,1007.77,1100.8946,1581.475,96.08,313
"2775","THDO","1982",39.3933,-101.0636,365,162.447706422018,280.627372627373,222.00782778865,"Thomas_KS","KS",1153.635,975.83,1072.8807,1564.01,83.09,293
"2776","THDO","1983",39.3933,-101.0636,365,162.447706422018,280.627372627373,222.00782778865,"Thomas_KS","KS",1314.615,1033.725,1124.2946,1610.425,55.3,314
"2777","THDO","1984",39.3933,-101.0636,365,162.447706422018,280.627372627373,222.00782778865,"Thomas_KS","KS",1242.81,1007.265,1092.7035,1638.82,81.71,306
"2778","THDO","1985",39.3933,-101.0636,365,162.447706422018,280.627372627373,222.00782778865,"Thomas_KS","KS",1139.46,951.62,1043.69655,1591.755,157.48,273
"2779","THDO","1986",39.3933,-101.0636,365,162.447706422018,280.627372627373,222.00782778865,"Thomas_KS","KS",1261.145,1021.94,1107.5985,1628.43,75.55,312
"2780","THDO","1987",39.3933,-101.0636,365,168,278,224.444444444444,"Thomas_KS","KS",1205.02,1003.16,1099.25235,1652.92,48.19,294
"2781","THDO","1988",39.3933,-101.0636,365,169,284,225.352941176471,"Thomas_KS","KS",1322.615,1047.73,1135.48905,1663.225,57.3,302
"2782","THDO","1989",39.3933,-101.0636,365,185,304,242,"Thomas_KS","KS",1117.68,960.005,1054.3832,1569.535,75.11,292
"2783","THDO","1990",39.3933,-101.0636,365,162.447706422018,280.627372627373,222.00782778865,"Thomas_KS","KS",1182.535,979.08,1072.5546,1614.385,125.84,309
"2784","THDO","1991",39.3933,-101.0636,365,156,267,214.155555555556,"Thomas_KS","KS",1190.88,1004.635,1100.24625,1699.485,89.79,279
"2785","THDO","1992",39.3933,-101.0636,365,169,286,228.092592592593,"Thomas_KS","KS",1036.925,928.815,1029.1693,1466.89,135.56,290
"2786","THDO","1993",39.3933,-101.0636,365,153,283,218.763636363636,"Thomas_KS","KS",1035.245,907.14,1008.41345,1484.4,340.9,300
"2787","THDO","1994",39.3933,-101.0636,365,154,270,213.510204081633,"Thomas_KS","KS",1180.425,977.805,1069.14405,1641.96,77.5,309
"2788","THDO","1995",39.3933,-101.0636,365,164,282,223.58,"Thomas_KS","KS",1196.96,971.555,1068.51735,1478.735,24.8,306
"2789","THDO","1996",39.3933,-101.0636,365,158,282,216.016393442623,"Thomas_KS","KS",1134.055,981.86,1075.29625,1564.935,132.21,292
"2790","THDO","1997",39.3933,-101.0636,365,163,277,224.438596491228,"Thomas_KS","KS",1163.015,974.425,1069.4182,1564.5,167.77,298
"2791","THDO","1998",39.3933,-101.0636,365,161,281,220.85,"Thomas_KS","KS",1209.255,1002.48,1096.12515,1602.3,169.73,314
"2792","THDO","1999",39.3933,-101.0636,365,166,280.627372627373,229.829268292683,"Thomas_KS","KS",1191.39,1000.835,1097.02625,1600.76,183.56,290
"2793","THDO","2000",39.3933,-101.0636,365,164,280.627372627373,227.388888888889,"Thomas_KS","KS",1248.445,984.635,1078.61125,1633.25,25.6,281
"2794","THDO","2001",39.3933,-101.0636,365,158,275,214.838709677419,"Thomas_KS","KS",1315.235,1032.91,1123.89515,1633.74,120.57,299
"2795","THDO","2002",39.3933,-101.0636,365,163,283,220.379310344828,"Thomas_KS","KS",1326.15,1036.68,1125.45905,1665.79,91.53,297
"2796","THDO","2003",39.3933,-101.0636,365,162,265,220.833333333333,"Thomas_KS","KS",1292.09,1022.62,1111.7971,1609.405,46.09,299
"2797","THDO","2004",39.3933,-101.0636,365,166,282,229.5,"Thomas_KS","KS",1038.585,902.335,1011.84955,1538.08,53.89,307
"2798","THDO","2005",39.3933,-101.0636,365,166,266,220.939393939394,"Thomas_KS","KS",1264.185,1013.355,1104.04905,1615.45,107.18,297
"2799","THDO","2006",39.3933,-101.0636,365,156,277,215.457142857143,"Thomas_KS","KS",1310.11,1045.27,1132.73905,1656.685,99.54,295
"2800","THDO","2007",39.3933,-101.0636,365,158,270,216.179487179487,"Thomas_KS","KS",1257.9,1031.37,1120.0671,1693.54,120.38,310
"2801","THDO","2008",39.3933,-101.0636,365,163,282,222,"Thomas_KS","KS",1194.21,987.28,1080.9771,1567.355,214.7,301
"2802","THDO","2009",39.3933,-101.0636,365,161,299,226.290322580645,"Thomas_KS","KS",1159.615,984.27,1079.5382,1564.21,136.61,283
"2803","THDO","2010",39.3933,-101.0636,365,160,272,217.064516129032,"Thomas_KS","KS",1269.99,1035.575,1128.3132,1613.045,88.01,309
"2804","THDO","2011",39.3933,-101.0636,365,162.447706422018,280.627372627373,222.00782778865,"Thomas_KS","KS",1275.615,1025.345,1112.22655,1625.87,151.66,301
"2805","THDO","2012",39.3933,-101.0636,365,161,291,223.5,"Thomas_KS","KS",1364.635,1032.505,1120.33405,1657.065,64.7,300
"2806","THDO","2013",39.3933,-101.0636,365,163,273,221.545454545455,"Thomas_KS","KS",1207.675,1000.45,1092.65515,1649.235,68.16,310
"2807","THDO","2014",39.3933,-101.0636,365,167,279,226.142857142857,"Thomas_KS","KS",1207.885,979.87,1072.4182,1563.95,145.11,315
"2808","THDO","2015",39.3933,-101.0636,365,161,262,219.5,"Thomas_KS","KS",1227.68,1014.285,1105.4121,1581.93,116.4,317
"2809","THDO","2016",39.3933,-101.0636,365,163,277,222.00782778865,"Thomas_KS","KS",1275.585,1032.38,1124.0071,1615.415,80.01,314
"2810","THDO","2017",39.3933,-101.0636,365,166,316,223.190476190476,"Thomas_KS","KS",1184.52,987.78,1081.9321,1592.385,69.75,300
"2811","THDO","2018",39.3933,-101.0636,365,163,297,222.00782778865,"Thomas_KS","KS",1204.105,1003.345,1094.51515,1671.27,132.88,288
"2812","THDO","2019",39.3933,-101.0636,365,163,299,222.00782778865,"Thomas_KS","KS",1232.755,1013.94,1106.4532,1574.705,230.18,284
"2813","THDO","2020",39.3933,-101.0636,365,163,280.627372627373,222.00782778865,"Thomas_KS","KS",1238.94,1009.675,1099.8921,1616.665,108.09,298
"2814","THDO","2021",39.3933,-101.0636,365,162.447706422018,280.627372627373,222.00782778865,"Thomas_KS","KS",1217.74,998.305,1083.9135,1633.58,51.89,317
"2815","THDO","2022",39.3933,-101.0636,365,162.447706422018,280.627372627373,222.00782778865,"Thomas_KS","KS",1339.215,1043.165,1131.38655,1655.88,106.28,291
"2816","THDO","2023",39.3933,-101.0636,365,162.447706422018,280.627372627373,222.00782778865,"Thomas_KS","KS",1157.69,980.98,1073.4346,1648.66,85.71,300
"2817","Turton","1980",45.0497,-98.0956,365,144.887550200803,300.526066350711,214.75355450237,"Spink_SD","SD",1025.335,903.475,1002.6957,1511.615,109.6,286
"2818","Turton","1981",45.0497,-98.0956,365,144.887550200803,300.526066350711,214.75355450237,"Spink_SD","SD",994.25,883.04,996.26705,1502.28,64.46,295
"2819","Turton","1982",45.0497,-98.0956,365,144.887550200803,300.526066350711,214.75355450237,"Spink_SD","SD",928.045,838.115,954.77895,1458.565,116.97,294
"2820","Turton","1983",45.0497,-98.0956,365,144.887550200803,300.526066350711,214.75355450237,"Spink_SD","SD",1006.3,900.105,1010.0312,1557.25,161.85,314
"2821","Turton","1984",45.0497,-98.0956,365,144.887550200803,300.526066350711,214.75355450237,"Spink_SD","SD",935.79,874.875,981.6365,1504.305,100.86,270
"2822","Turton","1985",45.0497,-98.0956,365,144.887550200803,300.526066350711,214.75355450237,"Spink_SD","SD",906.075,819.63,933.99175,1440.795,181.41,283
"2823","Turton","1986",45.0497,-98.0956,365,144.887550200803,300.526066350711,214.75355450237,"Spink_SD","SD",1018.77,925.375,1028.03985,1475.755,167.32,285
"2824","Turton","1987",45.0497,-98.0956,365,144.887550200803,300.526066350711,214.75355450237,"Spink_SD","SD",1119.53,953.02,1050.19875,1566,63.66,280
"2825","Turton","1988",45.0497,-98.0956,365,144.887550200803,300.526066350711,214.75355450237,"Spink_SD","SD",1224.745,1003.33,1093.0446,1659.4,126.53,278
"2826","Turton","1989",45.0497,-98.0956,365,144.887550200803,300.526066350711,214.75355450237,"Spink_SD","SD",993.13,874.335,980.0565,1533.26,96.41,276
"2827","Turton","1990",45.0497,-98.0956,365,144.887550200803,300.526066350711,214.75355450237,"Spink_SD","SD",942.705,872.755,984.9015,1484.305,131.09,282
"2828","Turton","1991",45.0497,-98.0956,365,144.887550200803,300.526066350711,214.75355450237,"Spink_SD","SD",1064.07,973.86,1076.5618,1651.12,141.76,279
"2829","Turton","1992",45.0497,-98.0956,365,149,300.526066350711,214.75355450237,"Spink_SD","SD",780.105,763.14,903.1414,1313.975,88.11,272
"2830","Turton","1993",45.0497,-98.0956,365,141,292,218.923076923077,"Spink_SD","SD",780.57,769.965,911.08305,1381.855,251.4,282
"2831","Turton","1994",45.0497,-98.0956,365,140,296,208.061538461538,"Spink_SD","SD",934.52,879.64,989.2965,1479.51,210.86,298
"2832","Turton","1995",45.0497,-98.0956,365,150,311,216.777777777778,"Spink_SD","SD",1016.245,933.165,1043.4626,1501.195,84.08,265
"2833","Turton","1996",45.0497,-98.0956,365,144.887550200803,300.526066350711,214.75355450237,"Spink_SD","SD",879.37,827.915,942.30425,1444.77,17.89,297
"2834","Turton","1997",45.0497,-98.0956,365,144.887550200803,300.526066350711,214.75355450237,"Spink_SD","SD",965.07,897.31,1005.19705,1474.12,261.49,294
"2835","Turton","1998",45.0497,-98.0956,365,144.887550200803,300.526066350711,214.75355450237,"Spink_SD","SD",929.095,867.135,978.25065,1549.17,70.44,309
"2836","Turton","1999",45.0497,-98.0956,365,144.887550200803,300.526066350711,214.75355450237,"Spink_SD","SD",985.99,905.63,1021.88315,1506.695,141.83,275
"2837","Turton","2000",45.0497,-98.0956,365,144.887550200803,300.526066350711,214.75355450237,"Spink_SD","SD",929.19,846.68,966.14865,1491.7,110.65,268
"2838","Turton","2001",45.0497,-98.0956,365,144.887550200803,300.526066350711,214.75355450237,"Spink_SD","SD",1018.445,916.02,1032.95535,1573.79,96.28,279
"2839","Turton","2002",45.0497,-98.0956,365,144.887550200803,300.526066350711,214.75355450237,"Spink_SD","SD",1126.86,970.215,1068.06015,1560.405,142.59,286
"2840","Turton","2003",45.0497,-98.0956,365,144.887550200803,300.526066350711,214.75355450237,"Spink_SD","SD",951.755,875.71,985.48315,1492.6,57.73,274
"2841","Turton","2004",45.0497,-98.0956,365,144.887550200803,300.526066350711,214.75355450237,"Spink_SD","SD",822.58,779.835,905.09865,1325.84,68.67,290
"2842","Turton","2005",45.0497,-98.0956,365,144.887550200803,300.526066350711,214.75355450237,"Spink_SD","SD",1023.65,922.335,1036.04425,1547.18,120.5,297
"2843","Turton","2006",45.0497,-98.0956,365,144.887550200803,300.526066350711,214.75355450237,"Spink_SD","SD",1093.845,941.385,1034.8096,1552.1,143.39,285
"2844","Turton","2007",45.0497,-98.0956,365,144.887550200803,300.526066350711,214.75355450237,"Spink_SD","SD",1027.24,931.375,1039.27955,1602.89,105.46,301
"2845","Turton","2008",45.0497,-98.0956,365,144.887550200803,300.526066350711,214.75355450237,"Spink_SD","SD",909.76,843.405,959.4462,1430.37,165.58,301
"2846","Turton","2009",45.0497,-98.0956,365,144.887550200803,300.526066350711,214.75355450237,"Spink_SD","SD",807.69,775.2,900.18145,1346.15,102.53,282
"2847","Turton","2010",45.0497,-98.0956,365,144.887550200803,300.526066350711,214.75355450237,"Spink_SD","SD",1015.575,940.955,1047.10985,1546.765,88.45,301
"2848","Turton","2011",45.0497,-98.0956,365,144.887550200803,300.526066350711,214.75355450237,"Spink_SD","SD",1011.29,911.91,1027.06675,1526.88,57.24,292
"2849","Turton","2012",45.0497,-98.0956,365,144.887550200803,300.526066350711,214.75355450237,"Spink_SD","SD",1101.65,953.27,1051.0604,1589.56,99.11,279
"2850","Turton","2013",45.0497,-98.0956,365,144.887550200803,300.526066350711,214.75355450237,"Spink_SD","SD",918.7,861.94,978.7209,1507.47,55.92,298
"2851","Turton","2014",45.0497,-98.0956,365,144.887550200803,300.526066350711,214.75355450237,"Spink_SD","SD",912.59,865.4,981.1362,1449.195,91.58,304
"2852","Turton","2015",45.0497,-98.0956,365,144.887550200803,300.526066350711,214.75355450237,"Spink_SD","SD",980.21,895.625,999.9318,1484.335,160.09,289
"2853","Turton","2016",45.0497,-98.0956,365,144.887550200803,300.526066350711,214.75355450237,"Spink_SD","SD",1030.725,922.34,1020.47875,1562.54,111.71,324
"2854","Turton","2017",45.0497,-98.0956,365,144.887550200803,300.526066350711,214.75355450237,"Spink_SD","SD",990.9,874.74,978.08345,1453.465,112.71,300
"2855","Turton","2018",45.0497,-98.0956,365,144.887550200803,300.526066350711,214.75355450237,"Spink_SD","SD",1096.53,979.14,1076.68265,1649.625,81.96,277
"2856","Turton","2019",45.0497,-98.0956,365,144.887550200803,300.526066350711,214.75355450237,"Spink_SD","SD",998.055,924.815,1036.274,1469.055,174.2,297
"2857","Turton","2020",45.0497,-98.0956,365,144.887550200803,300.526066350711,214.75355450237,"Spink_SD","SD",1084.545,977.31,1080.57595,1579.965,113.08,292
"2858","Turton","2021",45.0497,-98.0956,365,144.887550200803,300.526066350711,214.75355450237,"Spink_SD","SD",1085.805,935.28,1035.25735,1606.145,161.86,305
"2859","Turton","2022",45.0497,-98.0956,365,144.887550200803,300.526066350711,214.75355450237,"Spink_SD","SD",1050.25,947.11,1052.5565,1600.09,52.98,280
"2860","Turton","2023",45.0497,-98.0956,365,144.887550200803,300.526066350711,214.75355450237,"Spink_SD","SD",1088.025,966.795,1064.3196,1656.08,133.12,300
"2861","Williston","1980",48.139,-103.7383,365,136,275,209.744680851064,"Williams_ND","ND",944.99,826.63,926.8404,1364.73,81.78,292
"2862","Williston","1981",48.139,-103.7383,365,126,267,208.115384615385,"Williams_ND","ND",731.96,686.91,818.86835,1359.305,113.17,294
"2863","Williston","1982",48.139,-103.7383,365,152,287,220.776119402985,"Williams_ND","ND",878.96,809.885,920.824,1261.925,60.44,293
"2864","Williston","1983",48.139,-103.7383,365,140,274,212.117924528302,"Williams_ND","ND",877.94,798.95,899.05125,1401.28,62.39,264
"2865","Williston","1984",48.139,-103.7383,365,136,262,195.714285714286,"Williams_ND","ND",841.32,770.085,878.6651,1403.39,15.26,271
"2866","Williston","1985",48.139,-103.7383,365,135,269,212.117924528302,"Williams_ND","ND",818.745,739.505,846.28815,1290.92,96.54,267
"2867","Williston","1986",48.139,-103.7383,365,140,275.515418502203,212.117924528302,"Williams_ND","ND",898.005,826.52,934.94845,1330.34,110.82,285
"2868","Williston","1987",48.139,-103.7383,365,134,259,208.12,"Williams_ND","ND",860.385,781.96,895.71705,1397.38,113.58,280
"2869","Williston","1988",48.139,-103.7383,365,140.519427402863,275.515418502203,209.12,"Williams_ND","ND",1155.28,934.43,1023.79155,1556.47,14.27,277
"2870","Williston","1989",48.139,-103.7383,365,135,263,208.65,"Williams_ND","ND",865.025,773.47,883.8426,1417.2,48.83,255
"2871","Williston","1990",48.139,-103.7383,365,134,262,212.117924528302,"Williams_ND","ND",800.695,743.95,860.89035,1374.885,63.78,280
"2872","Williston","1991",48.139,-103.7383,365,134,246,212.117924528302,"Williams_ND","ND",892.905,837.425,957.3273,1505.24,67.29,278
"2873","Williston","1992",48.139,-103.7383,365,135,273,197.1875,"Williams_ND","ND",670.21,665.21,791.25895,1196.255,72.97,272
"2874","Williston","1993",48.139,-103.7383,365,138,275.515418502203,212.117924528302,"Williams_ND","ND",586.11,597.77,748.9377,1148.48,218.42,257
"2875","Williston","1994",48.139,-103.7383,365,133,249,208.304347826087,"Williams_ND","ND",763.985,737.55,865.9795,1328.02,45.69,297
"2876","Williston","1995",48.139,-103.7383,365,142,254,211.478260869565,"Williams_ND","ND",847.38,781.835,886.199,1348.57,95.72,264
"2877","Williston","1996",48.139,-103.7383,365,143,269,213,"Williams_ND","ND",825.34,772.72,888.0934,1312.11,102.39,276
"2878","Williston","1997",48.139,-103.7383,365,140,268,209.888888888889,"Williams_ND","ND",883.015,813.065,915.3701,1384.76,92.62,286
"2879","Williston","1998",48.139,-103.7383,365,135,267,209.461538461538,"Williams_ND","ND",785.83,749.96,871.3573,1389.84,43.69,286
"2880","Williston","1999",48.139,-103.7383,365,139,272,212.107142857143,"Williams_ND","ND",777.8,740.67,871.657,1268.16,98.39,275
"2881","Williston","2000",48.139,-103.7383,365,140.519427402863,275.515418502203,212.117924528302,"Williams_ND","ND",791.095,744.465,866.652,1325.63,42.61,279
"2882","Williston","2001",48.139,-103.7383,365,135,271,210.954545454545,"Williams_ND","ND",778.7,743.275,863.49895,1385.45,108.95,278
"2883","Williston","2002",48.139,-103.7383,365,142,268,209.833333333333,"Williams_ND","ND",917.4,821.985,925.4851,1341.705,116.88,275
"2884","Williston","2003",48.139,-103.7383,365,139,273,212.117924528302,"Williams_ND","ND",848.685,769.845,886.35285,1377.65,45.36,273
"2885","Williston","2004",48.139,-103.7383,365,139,287,223.571428571429,"Williams_ND","ND",700.965,669.355,800.32945,1160.56,44.35,275
"2886","Williston","2005",48.139,-103.7383,365,144,286,212.173076923077,"Williams_ND","ND",889.24,807.3,928.95895,1345.845,61.78,279
"2887","Williston","2006",48.139,-103.7383,365,137,279,200.545454545455,"Williams_ND","ND",954.275,826.775,936.0926,1432.425,37.78,284
"2888","Williston","2007",48.139,-103.7383,365,140.519427402863,275.515418502203,212.117924528302,"Williams_ND","ND",910.055,802.54,914.74815,1409.785,11.89,257
"2889","Williston","2008",48.139,-103.7383,365,136,283,213.416666666667,"Williams_ND","ND",774.095,722.155,838.90505,1295.835,66.45,297
"2890","Williston","2009",48.139,-103.7383,365,138,275.515418502203,213,"Williams_ND","ND",730.755,718.925,825.85455,1262.26,110.57,282
"2891","Williston","2010",48.139,-103.7383,365,140,279,213.416666666667,"Williams_ND","ND",800.945,755.85,885.54725,1311.21,130.83,291
"2892","Williston","2011",48.139,-103.7383,365,153,297,220,"Williams_ND","ND",939.865,867.99,981.3187,1344.39,61.13,301
"2893","Williston","2012",48.139,-103.7383,365,140.519427402863,275.515418502203,212.117924528302,"Williams_ND","ND",878.4,786.68,891.749,1384.26,39.96,279
"2894","Williston","2013",48.139,-103.7383,365,144,288,218.555555555556,"Williams_ND","ND",814.16,779.92,910.5895,1391.72,58.05,278
"2895","Williston","2014",48.139,-103.7383,365,154,280,205.764705882353,"Williams_ND","ND",888.925,825.8,943.4451,1345.06,68.15,277
"2896","Williston","2015",48.139,-103.7383,365,149,296,216.6,"Williams_ND","ND",970.9,864.54,968.3415,1388.275,52.91,317
"2897","Williston","2016",48.139,-103.7383,365,155,300,219.333333333333,"Williams_ND","ND",995.495,906.055,1007.0721,1435.635,39.53,287
"2898","Williston","2017",48.139,-103.7383,365,157,321,228.823529411765,"Williams_ND","ND",1004.34,878.765,984.3343,1423.34,113.51,286
"2899","Williston","2018",48.139,-103.7383,365,140.519427402863,275.515418502203,212.117924528302,"Williams_ND","ND",926.87,860.095,965.9279,1438.91,31.08,271
"2900","Williston","2019",48.139,-103.7383,365,148,281,217.588235294118,"Williams_ND","ND",901.53,829.17,940.5876,1307.095,94.57,283
"2901","Williston","2020",48.139,-103.7383,365,140.519427402863,275.515418502203,212.117924528302,"Williams_ND","ND",858.2,791.045,900.95705,1370.9,28.57,252
"2902","Williston","2021",48.139,-103.7383,365,140.519427402863,275.515418502203,212.117924528302,"Williams_ND","ND",989.485,850.115,946.26125,1443.92,35.57,294
"2903","Williston","2022",48.139,-103.7383,365,164,292,229.333333333333,"Williams_ND","ND",1062.605,927.71,1025.56125,1423.56,9.75,280
"2904","Williston","2023",48.139,-103.7383,365,140.519427402863,275.515418502203,212.117924528302,"Williams_ND","ND",992.145,895.65,995.0807,1540.965,131.91,298
"2905","Williston-clearfield","1980",48.139,-103.7383,365,150.5,280,218.227272727273,"Williams_ND","ND",935.495,818.465,919.6279,1364.73,76.55,292
"2906","Williston-clearfield","1981",48.139,-103.7383,365,150.5,280,218.227272727273,"Williams_ND","ND",895.865,794.81,911.84425,1359.305,94.46,294
"2907","Williston-clearfield","1982",48.139,-103.7383,365,150.5,280,218.227272727273,"Williams_ND","ND",864.895,798.41,906.4729,1261.925,60.44,293
"2908","Williston-clearfield","1983",48.139,-103.7383,365,150.5,280,218.227272727273,"Williams_ND","ND",985.06,851.36,947.4246,1401.28,54.92,264
"2909","Williston-clearfield","1984",48.139,-103.7383,365,150.5,280,218.227272727273,"Williams_ND","ND",985.895,851.4,954.2704,1403.39,20.07,271
"2910","Williston-clearfield","1985",48.139,-103.7383,365,150.5,280,218.227272727273,"Williams_ND","ND",857.41,765.045,869.68815,1290.92,101.64,267
"2911","Williston-clearfield","1986",48.139,-103.7383,365,150.5,280,218.227272727273,"Williams_ND","ND",915.135,832.815,934.7507,1330.34,96.38,285
"2912","Williston-clearfield","1987",48.139,-103.7383,365,150.5,280,218.227272727273,"Williams_ND","ND",974.81,862.085,964.33875,1397.38,92.4,280
"2913","Williston-clearfield","1988",48.139,-103.7383,365,150.5,280,218.227272727273,"Williams_ND","ND",1190.835,952.735,1042.95655,1556.47,11.46,277
"2914","Williston-clearfield","1989",48.139,-103.7383,365,150.5,280,218.227272727273,"Williams_ND","ND",990.88,848.19,950.36985,1417.2,69.86,255
"2915","Williston-clearfield","1990",48.139,-103.7383,365,150.5,280,218.227272727273,"Williams_ND","ND",926.785,816.605,919.79345,1374.885,56.92,280
"2916","Williston-clearfield","1991",48.139,-103.7383,365,150.5,280,218.227272727273,"Williams_ND","ND",944.01,866.62,974.064,1505.24,58.89,278
"2917","Williston-clearfield","1992",48.139,-103.7383,365,150.5,280,218.227272727273,"Williams_ND","ND",743.775,711.615,839.32895,1196.255,72.09,272
"2918","Williston-clearfield","1993",48.139,-103.7383,365,150.5,280,218.227272727273,"Williams_ND","ND",651.11,644.5,793.69745,1148.48,201.68,257
"2919","Williston-clearfield","1994",48.139,-103.7383,365,150.5,280,218.227272727273,"Williams_ND","ND",845.13,778.185,894.27925,1328.02,52.08,297
"2920","Williston-clearfield","1995",48.139,-103.7383,365,150.5,280,218.227272727273,"Williams_ND","ND",931.125,828.43,929.45985,1348.57,72.81,264
"2921","Williston-clearfield","1996",48.139,-103.7383,365,150.5,280,218.227272727273,"Williams_ND","ND",884.395,814.08,922.22955,1312.11,107.15,276
"2922","Williston-clearfield","1997",48.139,-103.7383,365,150.5,280,218.227272727273,"Williams_ND","ND",987.52,873.34,970.2707,1384.76,108.25,286
"2923","Williston-clearfield","1998",48.139,-103.7383,365,150.5,280,218.227272727273,"Williams_ND","ND",872.49,800.095,911.59315,1389.84,42.8,286
"2924","Williston-clearfield","1999",48.139,-103.7383,365,150.5,280,218.227272727273,"Williams_ND","ND",823.5,767.11,891.60035,1268.16,93.88,275
"2925","Williston-clearfield","2000",48.139,-103.7383,365,150.5,280,218.227272727273,"Williams_ND","ND",868.575,788.945,903.3884,1325.63,53.77,279
"2926","Williston-clearfield","2001",48.139,-103.7383,365,150.5,280,218.227272727273,"Williams_ND","ND",914.17,823.535,939.2048,1385.45,80.94,278
"2927","Williston-clearfield","2002",48.139,-103.7383,365,150.5,280,218.227272727273,"Williams_ND","ND",949.275,843.83,947.0215,1341.705,70.94,275
"2928","Williston-clearfield","2003",48.139,-103.7383,365,150.5,280,218.227272727273,"Williams_ND","ND",910.96,804.475,917.1923,1377.65,32.3,273
"2929","Williston-clearfield","2004",48.139,-103.7383,365,150.5,280,218.227272727273,"Williams_ND","ND",775.4,723.89,846.67615,1160.56,44.35,275
"2930","Williston-clearfield","2005",48.139,-103.7383,365,150.5,280,218.227272727273,"Williams_ND","ND",952.845,847.145,962.08815,1345.845,36.96,279
"2931","Williston-clearfield","2006",48.139,-103.7383,365,150.5,280,218.227272727273,"Williams_ND","ND",1013.48,856.015,955.20875,1432.425,46.12,284
"2932","Williston-clearfield","2007",48.139,-103.7383,365,150.5,280,218.227272727273,"Williams_ND","ND",1041.9,885.75,989.8879,1409.785,10.67,257
"2933","Williston-clearfield","2008",48.139,-103.7383,365,150.5,280,218.227272727273,"Williams_ND","ND",889.76,791.08,896.7912,1295.835,91.38,297
"2934","Williston-clearfield","2009",48.139,-103.7383,365,150.5,280,218.227272727273,"Williams_ND","ND",760.69,736.535,849.65815,1262.26,103.21,282
"2935","Williston-clearfield","2010",48.139,-103.7383,365,150.5,280,218.227272727273,"Williams_ND","ND",881.05,812.235,929.9973,1311.21,117.25,291
"2936","Williston-clearfield","2011",48.139,-103.7383,365,150.5,280,218.227272727273,"Williams_ND","ND",911.845,844.665,957.7837,1344.39,61.13,301
"2937","Williston-clearfield","2012",48.139,-103.7383,365,150.5,280,218.227272727273,"Williams_ND","ND",985.575,857.745,962.45345,1384.26,36.76,279
"2938","Williston-clearfield","2013",48.139,-103.7383,365,150.5,280,218.227272727273,"Williams_ND","ND",818.695,783.425,908.2287,1391.72,58.05,278
"2939","Williston-clearfield","2014",48.139,-103.7383,365,150.5,280,218.227272727273,"Williams_ND","ND",858.475,802.49,922.01565,1345.06,98.12,277
"2940","Williston-clearfield","2015",48.139,-103.7383,365,150.5,280,218.227272727273,"Williams_ND","ND",973.335,863.945,965.48485,1388.275,100.49,317
"2941","Williston-clearfield","2016",48.139,-103.7383,365,150.5,280,218.227272727273,"Williams_ND","ND",950.615,868.34,971.6407,1435.635,41.66,287
"2942","Williston-clearfield","2017",48.139,-103.7383,365,150.5,280,218.227272727273,"Williams_ND","ND",1006.85,868.135,967.7132,1423.34,83.84,286
"2943","Williston-clearfield","2018",48.139,-103.7383,365,150.5,280,218.227272727273,"Williams_ND","ND",949.695,866.53,971.1879,1438.91,31.08,271
"2944","Williston-clearfield","2019",48.139,-103.7383,365,150.5,280,218.227272727273,"Williams_ND","ND",894.675,822.035,932.1976,1307.095,94.57,283
"2945","Williston-clearfield","2020",48.139,-103.7383,365,149,279,220.454545454545,"Williams_ND","ND",919.73,835.69,939.60735,1370.9,23.57,252
"2946","Williston-clearfield","2021",48.139,-103.7383,365,152,281,216,"Williams_ND","ND",1139.075,953.66,1044.1021,1443.92,35.57,294
"2947","Williston-clearfield","2022",48.139,-103.7383,365,150.5,280,218.227272727273,"Williams_ND","ND",944.985,849.72,956.3265,1423.56,9.74,280
"2948","Williston-clearfield","2023",48.139,-103.7383,365,150.5,280,218.227272727273,"Williams_ND","ND",1015.985,909.655,1009.0357,1540.965,117.44,298
"2949","Williston-express","1980",48.139,-103.7383,365,150.6,280.066666666667,217.8,"Williams_ND","ND",935.495,818.465,919.6279,1364.73,79.23,292
"2950","Williston-express","1981",48.139,-103.7383,365,150.6,280.066666666667,217.8,"Williams_ND","ND",895.865,794.81,911.84425,1359.305,94.46,294
"2951","Williston-express","1982",48.139,-103.7383,365,150.6,280.066666666667,217.8,"Williams_ND","ND",864.895,798.41,906.4729,1261.925,60.44,293
"2952","Williston-express","1983",48.139,-103.7383,365,150.6,280.066666666667,217.8,"Williams_ND","ND",985.06,851.36,947.4246,1401.28,54.92,264
"2953","Williston-express","1984",48.139,-103.7383,365,150.6,280.066666666667,217.8,"Williams_ND","ND",985.895,851.4,954.2704,1403.39,20.07,271
"2954","Williston-express","1985",48.139,-103.7383,365,150.6,280.066666666667,217.8,"Williams_ND","ND",857.41,765.045,869.68815,1290.92,99.83,267
"2955","Williston-express","1986",48.139,-103.7383,365,150.6,280.066666666667,217.8,"Williams_ND","ND",915.135,832.815,934.7507,1330.34,108.69,285
"2956","Williston-express","1987",48.139,-103.7383,365,150.6,280.066666666667,217.8,"Williams_ND","ND",974.81,862.085,964.33875,1397.38,92.4,280
"2957","Williston-express","1988",48.139,-103.7383,365,150.6,280.066666666667,217.8,"Williams_ND","ND",1190.835,952.735,1042.95655,1556.47,11.46,277
"2958","Williston-express","1989",48.139,-103.7383,365,150.6,280.066666666667,217.8,"Williams_ND","ND",990.88,848.19,950.36985,1417.2,69.86,255
"2959","Williston-express","1990",48.139,-103.7383,365,150.6,280.066666666667,217.8,"Williams_ND","ND",926.785,816.605,919.79345,1374.885,56.92,280
"2960","Williston-express","1991",48.139,-103.7383,365,150.6,280.066666666667,217.8,"Williams_ND","ND",944.01,866.62,974.064,1505.24,62.56,278
"2961","Williston-express","1992",48.139,-103.7383,365,150.6,280.066666666667,217.8,"Williams_ND","ND",743.775,711.615,839.32895,1196.255,72.04,272
"2962","Williston-express","1993",48.139,-103.7383,365,150.6,280.066666666667,217.8,"Williams_ND","ND",651.11,644.5,793.69745,1148.48,209.94,257
"2963","Williston-express","1994",48.139,-103.7383,365,150.6,280.066666666667,217.8,"Williams_ND","ND",845.13,778.185,894.27925,1328.02,52.08,297
"2964","Williston-express","1995",48.139,-103.7383,365,150.6,280.066666666667,217.8,"Williams_ND","ND",931.125,828.43,929.45985,1348.57,72.88,264
"2965","Williston-express","1996",48.139,-103.7383,365,150.6,280.066666666667,217.8,"Williams_ND","ND",884.395,814.08,922.22955,1312.11,102.15,276
"2966","Williston-express","1997",48.139,-103.7383,365,150.6,280.066666666667,217.8,"Williams_ND","ND",987.52,873.34,970.2707,1384.76,108.25,286
"2967","Williston-express","1998",48.139,-103.7383,365,150.6,280.066666666667,217.8,"Williams_ND","ND",872.49,800.095,911.59315,1389.84,42.8,286
"2968","Williston-express","1999",48.139,-103.7383,365,150.6,280.066666666667,217.8,"Williams_ND","ND",823.5,767.11,891.60035,1268.16,93.88,275
"2969","Williston-express","2000",48.139,-103.7383,365,150.6,280.066666666667,217.8,"Williams_ND","ND",868.575,788.945,903.3884,1325.63,52.64,279
"2970","Williston-express","2001",48.139,-103.7383,365,150.6,280.066666666667,217.8,"Williams_ND","ND",914.17,823.535,939.2048,1385.45,81.67,278
"2971","Williston-express","2002",48.139,-103.7383,365,150.6,280.066666666667,217.8,"Williams_ND","ND",949.275,843.83,947.0215,1341.705,70.94,275
"2972","Williston-express","2003",48.139,-103.7383,365,150.6,280.066666666667,217.8,"Williams_ND","ND",910.96,804.475,917.1923,1377.65,32.3,273
"2973","Williston-express","2004",48.139,-103.7383,365,150.6,280.066666666667,217.8,"Williams_ND","ND",775.4,723.89,846.67615,1160.56,44.35,275
"2974","Williston-express","2005",48.139,-103.7383,365,150.6,280.066666666667,217.8,"Williams_ND","ND",952.845,847.145,962.08815,1345.845,36.96,279
"2975","Williston-express","2006",48.139,-103.7383,365,150.6,280.066666666667,217.8,"Williams_ND","ND",1013.48,856.015,955.20875,1432.425,46.12,284
"2976","Williston-express","2007",48.139,-103.7383,365,150.6,280.066666666667,217.8,"Williams_ND","ND",1041.9,885.75,989.8879,1409.785,11.89,257
"2977","Williston-express","2008",48.139,-103.7383,365,150.6,280.066666666667,217.8,"Williams_ND","ND",889.76,791.08,896.7912,1295.835,88.16,297
"2978","Williston-express","2009",48.139,-103.7383,365,150.6,280.066666666667,217.8,"Williams_ND","ND",760.69,736.535,849.65815,1262.26,103.21,282
"2979","Williston-express","2010",48.139,-103.7383,365,150.6,280.066666666667,217.8,"Williams_ND","ND",881.05,812.235,929.9973,1311.21,117.25,291
"2980","Williston-express","2011",48.139,-103.7383,365,150.6,280.066666666667,217.8,"Williams_ND","ND",911.845,844.665,957.7837,1344.39,70.56,301
"2981","Williston-express","2012",48.139,-103.7383,365,150.6,280.066666666667,217.8,"Williams_ND","ND",985.575,857.745,962.45345,1384.26,39.96,279
"2982","Williston-express","2013",48.139,-103.7383,365,150.6,280.066666666667,217.8,"Williams_ND","ND",818.695,783.425,908.2287,1391.72,66.31,278
"2983","Williston-express","2014",48.139,-103.7383,365,150.6,280.066666666667,217.8,"Williams_ND","ND",858.475,802.49,922.01565,1345.06,98.12,277
"2984","Williston-express","2015",48.139,-103.7383,365,150.6,280.066666666667,217.8,"Williams_ND","ND",973.335,863.945,965.48485,1388.275,59.28,317
"2985","Williston-express","2016",48.139,-103.7383,365,150.6,280.066666666667,217.8,"Williams_ND","ND",950.615,868.34,971.6407,1435.635,36.73,287
"2986","Williston-express","2017",48.139,-103.7383,365,150.6,280.066666666667,217.8,"Williams_ND","ND",1006.85,868.135,967.7132,1423.34,83.84,286
"2987","Williston-express","2018",48.139,-103.7383,365,150.6,280.066666666667,217.8,"Williams_ND","ND",949.695,866.53,971.1879,1438.91,31.08,271
"2988","Williston-express","2019",48.139,-103.7383,365,150.6,280.066666666667,217.8,"Williams_ND","ND",894.675,822.035,932.1976,1307.095,94.57,283
"2989","Williston-express","2020",48.139,-103.7383,365,149,279,221.142857142857,"Williams_ND","ND",919.73,835.69,939.60735,1370.9,23.57,252
"2990","Williston-express","2021",48.139,-103.7383,365,152,281,214.875,"Williams_ND","ND",1139.075,953.66,1044.1021,1443.92,35.57,294
"2991","Williston-express","2022",48.139,-103.7383,365,150.6,280.066666666667,217.8,"Williams_ND","ND",944.985,849.72,956.3265,1423.56,9.74,280
"2992","Williston-express","2023",48.139,-103.7383,365,150.6,280.066666666667,217.8,"Williams_ND","ND",1015.985,909.655,1009.0357,1540.965,117.44,298
"2993","Wyndmere","1980",46.4095,-97.114,365,156,296,218.358490566038,"Richland_ND","ND",989.61,891.92,997.5543,1459.345,107.63,286
"2994","Wyndmere","1981",46.4095,-97.114,365,156,296,218.358490566038,"Richland_ND","ND",978.23,899.975,1012.5615,1452.68,70.34,295
"2995","Wyndmere","1982",46.4095,-97.114,365,156,296,218.358490566038,"Richland_ND","ND",970.155,871.495,982.6415,1390.52,58.89,294
"2996","Wyndmere","1983",46.4095,-97.114,365,156,296,218.358490566038,"Richland_ND","ND",1120.775,970.265,1071.03235,1513.145,116.06,287
"2997","Wyndmere","1984",46.4095,-97.114,365,156,296,218.358490566038,"Richland_ND","ND",1026.66,924.015,1028.84345,1449.625,43.99,270
"2998","Wyndmere","1985",46.4095,-97.114,365,156,296,218.358490566038,"Richland_ND","ND",902.445,824.87,937.68815,1353.14,158.87,282
"2999","Wyndmere","1986",46.4095,-97.114,365,156,296,218.358490566038,"Richland_ND","ND",997.18,922.4,1027.15735,1438.885,206.78,282
"3000","Wyndmere","1987",46.4095,-97.114,365,156,296,218.358490566038,"Richland_ND","ND",1111.325,965.235,1062.0232,1517.565,84.22,280
"3001","Wyndmere","1988",46.4095,-97.114,365,156,296,218.358490566038,"Richland_ND","ND",1206.975,994.015,1084.40905,1622.015,71.78,278
"3002","Wyndmere","1989",46.4095,-97.114,365,156,296,218.358490566038,"Richland_ND","ND",1066.315,928.685,1029.37875,1491.62,180.93,276
"3003","Wyndmere","1990",46.4095,-97.114,365,156,296,218.358490566038,"Richland_ND","ND",972.09,887.55,995.0815,1449.405,91.8,291
"3004","Wyndmere","1991",46.4095,-97.114,365,156,296,218.358490566038,"Richland_ND","ND",1023.79,943.805,1050.59845,1615.28,54.22,288
"3005","Wyndmere","1992",46.4095,-97.114,365,156,296,218.358490566038,"Richland_ND","ND",781.48,757.025,898.69695,1283.7,144.02,272
"3006","Wyndmere","1993",46.4095,-97.114,365,156,296,218.358490566038,"Richland_ND","ND",850.975,821.545,965.4586,1333.14,88.45,275
"3007","Wyndmere","1994",46.4095,-97.114,365,156,296,218.358490566038,"Richland_ND","ND",929.995,886.405,1004.0465,1465.08,82.64,298
"3008","Wyndmere","1995",46.4095,-97.114,365,156,296,218.358490566038,"Richland_ND","ND",1038.675,951.805,1059.0054,1516.585,30.92,265
"3009","Wyndmere","1996",46.4095,-97.114,365,156,296,218.358490566038,"Richland_ND","ND",995.605,920.84,1020.8043,1461.265,85.27,297
"3010","Wyndmere","1997",46.4095,-97.114,365,156,296,218.358490566038,"Richland_ND","ND",1001.45,927.125,1034.73455,1448.72,62.69,295
"3011","Wyndmere","1998",46.4095,-97.114,365,156,296,218.358490566038,"Richland_ND","ND",1016.76,943.11,1050.54705,1554.425,41.16,307
"3012","Wyndmere","1999",46.4095,-97.114,365,156,296,218.358490566038,"Richland_ND","ND",1014.34,936.795,1051.2926,1485.21,227.4,275
"3013","Wyndmere","2000",46.4095,-97.114,365,156,296,218.358490566038,"Richland_ND","ND",995.63,914.015,1028.17785,1436.89,53.79,282
"3014","Wyndmere","2001",46.4095,-97.114,365,156,296,218.358490566038,"Richland_ND","ND",1068.68,962.145,1073.1515,1527.36,121.23,279
"3015","Wyndmere","2002",46.4095,-97.114,365,156,296,218.358490566038,"Richland_ND","ND",1088.695,982.015,1084.4304,1513.02,142.85,294
"3016","Wyndmere","2003",46.4095,-97.114,365,156,296,218.358490566038,"Richland_ND","ND",1011.935,929.86,1038.4965,1477.775,33.32,274
"3017","Wyndmere","2004",46.4095,-97.114,365,156,296,218.358490566038,"Richland_ND","ND",849.705,807.835,938.45225,1267.755,127.02,278
"3018","Wyndmere","2005",46.4095,-97.114,365,156,296,218.358490566038,"Richland_ND","ND",1049.05,965.505,1079.42565,1511.765,184.65,320
"3019","Wyndmere","2006",46.4095,-97.114,365,156,296,218.358490566038,"Richland_ND","ND",1093.49,973.65,1069.83625,1557.15,186.57,285
"3020","Wyndmere","2007",46.4095,-97.114,365,156,296,218.358490566038,"Richland_ND","ND",1088.355,993.03,1093.47125,1565.125,63.59,307
"3021","Wyndmere","2008",46.4095,-97.114,365,156,296,218.358490566038,"Richland_ND","ND",950.52,889.26,1000.05565,1396.805,155.28,302
"3022","Wyndmere","2009",46.4095,-97.114,365,156,296,218.358490566038,"Richland_ND","ND",881.55,850.065,976.14815,1349.785,89.63,282
"3023","Wyndmere","2010",46.4095,-97.114,365,156,296,218.358490566038,"Richland_ND","ND",1047.13,982.04,1086.50735,1530.36,130.46,302
"3024","Wyndmere","2011",46.4095,-97.114,365,156,296,218.358490566038,"Richland_ND","ND",1053.915,970.18,1080.34345,1511.24,126.02,293
"3025","Wyndmere","2012",46.4095,-97.114,365,156,296,218.358490566038,"Richland_ND","ND",1115.415,990.2,1090.5643,1544.87,101.5,285
"3026","Wyndmere","2013",46.4095,-97.114,365,156,296,218.358490566038,"Richland_ND","ND",986.065,924.75,1035.30345,1520.14,41.61,301
"3027","Wyndmere","2014",46.4095,-97.114,365,156,296,218.358490566038,"Richland_ND","ND",944.78,905.34,1021.49455,1476.66,173.14,304
"3028","Wyndmere","2015",46.4095,-97.114,365,156,296,218.358490566038,"Richland_ND","ND",1035.84,952.935,1055.7104,1468.995,75.73,289
"3029","Wyndmere","2016",46.4095,-97.114,365,156,296,218.358490566038,"Richland_ND","ND",1049.495,965.605,1063.93125,1555.365,150.28,324
"3030","Wyndmere","2017",46.4095,-97.114,365,156,296,218.358490566038,"Richland_ND","ND",976.875,897.63,1007.7315,1423.785,162.86,300
"3031","Wyndmere","2018",46.4095,-97.114,365,156,296,218.358490566038,"Richland_ND","ND",1054.54,974.465,1075.73125,1586.145,183.13,285
"3032","Wyndmere","2019",46.4095,-97.114,365,156,296,218.358490566038,"Richland_ND","ND",999.66,936.49,1052.81065,1401.875,125.8,301
"3033","Wyndmere","2020",46.4095,-97.114,365,156,296,218.358490566038,"Richland_ND","ND",1083.535,990.61,1091.4182,1528.34,189.91,292
"3034","Wyndmere","2021",46.4095,-97.114,365,156,296,218.358490566038,"Richland_ND","ND",1119.55,975.46,1068.7182,1559.09,148.85,306
"3035","Wyndmere","2022",46.4095,-97.114,365,156,296,218.358490566038,"Richland_ND","ND",1077.855,979.115,1079.5932,1538.28,88.05,280
"3036","Wyndmere","2023",46.4095,-97.114,365,156,296,218.358490566038,"Richland_ND","ND",1022.98,940.875,1046.7343,1599.32,101.98,300
"3037","Yellow_Jacket","1980",37.5436,-108.7399,365,138.5,308,222.111111111111,"Montezuma_CO","CO",780.135,719.715,805.8371,1258.06,31.36,291
"3038","Yellow_Jacket","1981",37.5436,-108.7399,365,138.5,308,222.111111111111,"Montezuma_CO","CO",828.75,753.3,852.92705,1301.99,63.37,304
"3039","Yellow_Jacket","1982",37.5436,-108.7399,365,138.5,308,222.111111111111,"Montezuma_CO","CO",741.245,709.35,803.9957,1280.605,118.41,282
"3040","Yellow_Jacket","1983",37.5436,-108.7399,365,138.5,308,222.111111111111,"Montezuma_CO","CO",718.74,701.41,805.1815,1279.375,88.47,313
"3041","Yellow_Jacket","1984",37.5436,-108.7399,365,138.5,308,222.111111111111,"Montezuma_CO","CO",796.265,736,826.1196,1330.635,82.84,289
"3042","Yellow_Jacket","1985",37.5436,-108.7399,365,138.5,308,222.111111111111,"Montezuma_CO","CO",819.59,740.65,834.01765,1296.515,61.78,310
"3043","Yellow_Jacket","1986",37.5436,-108.7399,365,138.5,308,222.111111111111,"Montezuma_CO","CO",749.94,719.725,822.08205,1268.29,85.74,286
"3044","Yellow_Jacket","1987",37.5436,-108.7399,365,138.5,308,222.111111111111,"Montezuma_CO","CO",717.89,679.145,768.84155,1235.56,110.28,316
"3045","Yellow_Jacket","1988",37.5436,-108.7399,365,138.5,308,222.111111111111,"Montezuma_CO","CO",780.58,724.155,814.6035,1306.77,44.78,317
"3046","Yellow_Jacket","1989",37.5436,-108.7399,365,138.5,308,222.111111111111,"Montezuma_CO","CO",800.035,734.79,822.4438,1296.165,106.32,292
"3047","Yellow_Jacket","1990",37.5436,-108.7399,365,138.5,308,222.111111111111,"Montezuma_CO","CO",797.86,742.215,832.54795,1294.34,75.86,282
"3048","Yellow_Jacket","1991",37.5436,-108.7399,365,138.5,308,222.111111111111,"Montezuma_CO","CO",693.345,678.36,771.3596,1250.76,72.61,301
"3049","Yellow_Jacket","1992",37.5436,-108.7399,365,138.5,308,222.111111111111,"Montezuma_CO","CO",644.415,641.03,751.2551,1188.95,51.11,282
"3050","Yellow_Jacket","1993",37.5436,-108.7399,365,138.5,308,222.111111111111,"Montezuma_CO","CO",713.55,680.025,776.9504,1224.94,114.88,300
"3051","Yellow_Jacket","1994",37.5436,-108.7399,365,138.5,308,222.111111111111,"Montezuma_CO","CO",862.85,760.28,848.49405,1377.3,47.59,304
"3052","Yellow_Jacket","1995",37.5436,-108.7399,365,138.5,308,222.111111111111,"Montezuma_CO","CO",629.71,629.65,732.06985,1219.085,67.79,279
"3053","Yellow_Jacket","1996",37.5436,-108.7399,365,138.5,308,222.111111111111,"Montezuma_CO","CO",847.9,758.43,849.391,1391.305,19.87,295
"3054","Yellow_Jacket","1997",37.5436,-108.7399,365,138.5,308,222.111111111111,"Montezuma_CO","CO",733.285,682.16,782.34955,1287.225,145.06,286
"3055","Yellow_Jacket","1998",37.5436,-108.7399,365,138.5,308,222.111111111111,"Montezuma_CO","CO",768.085,720.57,814.71545,1309.645,51.9,279
"3056","Yellow_Jacket","1999",37.5436,-108.7399,365,138.5,308,222.111111111111,"Montezuma_CO","CO",751.89,720.705,815.24155,1278.745,114.36,290
"3057","Yellow_Jacket","2000",37.5436,-108.7399,365,138.5,308,222.111111111111,"Montezuma_CO","CO",874.715,775.64,860.18795,1394.62,73.59,311
"3058","Yellow_Jacket","2001",37.5436,-108.7399,365,138.5,308,222.111111111111,"Montezuma_CO","CO",862.725,773.925,859.6274,1380.305,90.28,284
"3059","Yellow_Jacket","2002",37.5436,-108.7399,365,138.5,308,222.111111111111,"Montezuma_CO","CO",935.075,795.72,882.051,1390.555,66.25,303
"3060","Yellow_Jacket","2003",37.5436,-108.7399,365,138.5,308,222.111111111111,"Montezuma_CO","CO",948.375,817.9,911.21655,1420.425,112.47,308
"3061","Yellow_Jacket","2004",37.5436,-108.7399,365,138.5,308,222.111111111111,"Montezuma_CO","CO",787.725,733.41,828.8221,1301.295,52.46,297
"3062","Yellow_Jacket","2005",37.5436,-108.7399,365,138.5,308,222.111111111111,"Montezuma_CO","CO",848.98,763.385,859.9743,1348.015,85.49,319
"3063","Yellow_Jacket","2006",37.5436,-108.7399,365,138.5,308,222.111111111111,"Montezuma_CO","CO",932.925,825.32,921.82125,1440.295,94.63,299
"3064","Yellow_Jacket","2007",37.5436,-108.7399,365,138.5,308,222.111111111111,"Montezuma_CO","CO",876.86,778.48,875.16265,1424.93,82.33,295
"3065","Yellow_Jacket","2008",37.5436,-108.7399,365,138.5,308,222.111111111111,"Montezuma_CO","CO",793.345,727.36,822.1107,1320.175,73.6,286
"3066","Yellow_Jacket","2009",37.5436,-108.7399,365,126,309,222.111111111111,"Montezuma_CO","CO",719.05,683.785,819.6586,1349.45,32.77,299
"3067","Yellow_Jacket","2010",37.5436,-108.7399,365,138.5,308,222.111111111111,"Montezuma_CO","CO",847.145,776.92,874.2132,1358.75,124.6,299
"3068","Yellow_Jacket","2011",37.5436,-108.7399,365,151,307,222.111111111111,"Montezuma_CO","CO",940.645,842.47,936.27905,1368.395,64.98,301
"3069","Yellow_Jacket","2012",37.5436,-108.7399,365,138.5,308,222.111111111111,"Montezuma_CO","CO",935.23,827.53,916.45655,1481.605,35.47,299
"3070","Yellow_Jacket","2013",37.5436,-108.7399,365,138.5,308,222.111111111111,"Montezuma_CO","CO",935.35,823.545,914.33265,1451.11,142.18,304
"3071","Yellow_Jacket","2014",37.5436,-108.7399,365,138.5,308,222.111111111111,"Montezuma_CO","CO",903.515,805.24,900.50515,1381.955,103.34,315
"3072","Yellow_Jacket","2015",37.5436,-108.7399,365,138.5,308,222.111111111111,"Montezuma_CO","CO",766.135,721.665,832.0076,1284.715,72.15,311
"3073","Yellow_Jacket","2016",37.5436,-108.7399,365,138.5,308,222.111111111111,"Montezuma_CO","CO",868.565,772.35,868.95235,1346.87,114.82,323
"3074","Yellow_Jacket","2017",37.5436,-108.7399,365,138.5,308,222.111111111111,"Montezuma_CO","CO",865.72,763.42,851.4974,1339.285,77.68,283
"3075","Yellow_Jacket","2018",37.5436,-108.7399,365,138.5,308,222.111111111111,"Montezuma_CO","CO",918.565,782.4,867.40045,1393.31,29,288
"3076","Yellow_Jacket","2019",37.5436,-108.7399,365,138.5,308,222.111111111111,"Montezuma_CO","CO",690.03,662.335,756.5735,1242.675,37.4,284
"3077","Yellow_Jacket","2020",37.5436,-108.7399,365,138.5,308,222.111111111111,"Montezuma_CO","CO",853.065,756.395,846.411,1374.625,51.22,300
"3078","Yellow_Jacket","2021",37.5436,-108.7399,365,138.5,308,222.111111111111,"Montezuma_CO","CO",901.455,803.32,900.63265,1402.1,160.06,288
"3079","Yellow_Jacket","2022",37.5436,-108.7399,365,138.5,308,222.111111111111,"Montezuma_CO","CO",899.825,797.49,889.65405,1446.84,73.43,297
"3080","Yellow_Jacket","2023",37.5436,-108.7399,365,138.5,308,222.111111111111,"Montezuma_CO","CO",810.36,723.32,826.54815,1340.395,38.9,303
